[   55671ms] [INFO] %cDownload the React DevTools for a better development experience: https://reactjs.org/link/react-devtools font-weight:bold @ http://localhost:5173/node_modules/.vite/deps/chunk-JLB5MZ4H.js?v=a909dc2c:21606
[   55865ms] [ERROR] Failed to load resource: the server responded with a status of 404 (Not Found) @ http://localhost:5173/favicon.ico:0
[   70018ms] [INFO] %cDownload the React DevTools for a better development experience: https://reactjs.org/link/react-devtools font-weight:bold @ http://localhost:5173/node_modules/.vite/deps/chunk-JLB5MZ4H.js?v=a909dc2c:21606
[   77529ms] [INFO] %cDownload the React DevTools for a better development experience: https://reactjs.org/link/react-devtools font-weight:bold @ http://localhost:5173/node_modules/.vite/deps/chunk-JLB5MZ4H.js?v=a909dc2c:21606
[   96025ms] [INFO] %cDownload the React DevTools for a better development experience: https://reactjs.org/link/react-devtools font-weight:bold @ http://localhost:5173/node_modules/.vite/deps/chunk-JLB5MZ4H.js?v=a909dc2c:21606
[  101978ms] [INFO] %cDownload the React DevTools for a better development experience: https://reactjs.org/link/react-devtools font-weight:bold @ http://localhost:5173/node_modules/.vite/deps/chunk-JLB5MZ4H.js?v=a909dc2c:21606
[  119704ms] [INFO] %cDownload the React DevTools for a better development experience: https://reactjs.org/link/react-devtools font-weight:bold @ http://localhost:5173/node_modules/.vite/deps/chunk-JLB5MZ4H.js?v=a909dc2c:21606
[  152636ms] [INFO] %cDownload the React DevTools for a better development experience: https://reactjs.org/link/react-devtools font-weight:bold @ http://localhost:5173/node_modules/.vite/deps/chunk-JLB5MZ4H.js?v=a909dc2c:21606
[  164031ms] [INFO] %cDownload the React DevTools for a better development experience: https://reactjs.org/link/react-devtools font-weight:bold @ http://localhost:5173/node_modules/.vite/deps/chunk-JLB5MZ4H.js?v=a909dc2c:21606
[  642293ms] [INFO] %cDownload the React DevTools for a better development experience: https://reactjs.org/link/react-devtools font-weight:bold @ http://localhost:5173/node_modules/.vite/deps/chunk-JLB5MZ4H.js?v=a909dc2c:21606
[  642876ms] [INFO] %cDownload the React DevTools for a better development experience: https://reactjs.org/link/react-devtools font-weight:bold @ http://localhost:5173/node_modules/.vite/deps/chunk-JLB5MZ4H.js?v=a909dc2c:21606
[  671691ms] [ERROR] Failed to load resource: the server responded with a status of 500 (Internal Server Error) @ http://localhost:5173/src/app/pages/ComposePage.tsx?t=1778216949867:0
[  671692ms] [ERROR] [vite] Failed to reload /src/app/pages/ComposePage.tsx. This could be due to syntax errors or importing non-existent modules. (see errors above) @ http://localhost:5173/@vite/client:881
[ 1189839ms] [INFO] %cDownload the React DevTools for a better development experience: https://reactjs.org/link/react-devtools font-weight:bold @ http://localhost:5173/node_modules/.vite/deps/chunk-JLB5MZ4H.js?v=a909dc2c:21606
[ 1365896ms] [ERROR] Failed to load resource: the server responded with a status of 404 (Not Found) @ http://localhost:5173/src/app/pages/OpenPage.tsx?t=1778217644198:0
[ 1365896ms] [ERROR] [vite] Failed to reload /src/app/pages/OpenPage.tsx. This could be due to syntax errors or importing non-existent modules. (see errors above) @ http://localhost:5173/@vite/client:881
[ 2003244ms] [LOG] [vite] server connection lost. Polling for restart... @ http://localhost:5173/@vite/client:963
[ 2004629ms] [INFO] %cDownload the React DevTools for a better development experience: https://reactjs.org/link/react-devtools font-weight:bold @ http://localhost:5173/node_modules/.vite/deps/chunk-JLB5MZ4H.js?v=a909dc2c:21606
[ 2934134ms] [LOG] [vite] server connection lost. Polling for restart... @ http://localhost:5173/@vite/client:963
[ 2935373ms] [INFO] %cDownload the React DevTools for a better development experience: https://reactjs.org/link/react-devtools font-weight:bold @ http://localhost:5173/node_modules/.vite/deps/chunk-JLB5MZ4H.js?v=a909dc2c:21606
[ 3482225ms] [LOG] [vite] server connection lost. Polling for restart... @ http://localhost:5173/@vite/client:963
[ 3482228ms] [ERROR] WebSocket connection to 'ws://localhost:5173/' failed: Error in connection establishment: net::ERR_CONNECTION_REFUSED @ http://localhost:5173/@vite/client:1034
[ 3483231ms] [ERROR] WebSocket connection to 'ws://localhost:5173/' failed: Error in connection establishment: net::ERR_CONNECTION_REFUSED @ http://localhost:5173/@vite/client:1034
[ 3484235ms] [ERROR] WebSocket connection to 'ws://localhost:5173/' failed: Error in connection establishment: net::ERR_CONNECTION_REFUSED @ http://localhost:5173/@vite/client:1034
[ 3485238ms] [ERROR] WebSocket connection to 'ws://localhost:5173/' failed: Error in connection establishment: net::ERR_CONNECTION_REFUSED @ http://localhost:5173/@vite/client:1034
[ 3486243ms] [ERROR] WebSocket connection to 'ws://localhost:5173/' failed: Error in connection establishment: net::ERR_CONNECTION_REFUSED @ http://localhost:5173/@vite/client:1034
[ 3487246ms] [ERROR] WebSocket connection to 'ws://localhost:5173/' failed: Error in connection establishment: net::ERR_CONNECTION_REFUSED @ http://localhost:5173/@vite/client:1034
[ 3488250ms] [ERROR] WebSocket connection to 'ws://localhost:5173/' failed: Error in connection establishment: net::ERR_CONNECTION_REFUSED @ http://localhost:5173/@vite/client:1034
[ 3489259ms] [ERROR] WebSocket connection to 'ws://localhost:5173/' failed: Error in connection establishment: net::ERR_CONNECTION_REFUSED @ http://localhost:5173/@vite/client:1034
[ 3490261ms] [ERROR] WebSocket connection to 'ws://localhost:5173/' failed: Error in connection establishment: net::ERR_CONNECTION_REFUSED @ http://localhost:5173/@vite/client:1034
[ 3491264ms] [ERROR] WebSocket connection to 'ws://localhost:5173/' failed: Error in connection establishment: net::ERR_CONNECTION_REFUSED @ http://localhost:5173/@vite/client:1034
[ 3492269ms] [ERROR] WebSocket connection to 'ws://localhost:5173/' failed: Error in connection establishment: net::ERR_CONNECTION_REFUSED @ http://localhost:5173/@vite/client:1034
[ 3493273ms] [ERROR] WebSocket connection to 'ws://localhost:5173/' failed: Error in connection establishment: net::ERR_CONNECTION_REFUSED @ http://localhost:5173/@vite/client:1034
[ 3494281ms] [ERROR] WebSocket connection to 'ws://localhost:5173/' failed: Error in connection establishment: net::ERR_CONNECTION_REFUSED @ http://localhost:5173/@vite/client:1034
[ 3495286ms] [ERROR] WebSocket connection to 'ws://localhost:5173/' failed: Error in connection establishment: net::ERR_CONNECTION_REFUSED @ http://localhost:5173/@vite/client:1034
[ 3496292ms] [ERROR] WebSocket connection to 'ws://localhost:5173/' failed: Error in connection establishment: net::ERR_CONNECTION_REFUSED @ http://localhost:5173/@vite/client:1034
[ 3497299ms] [ERROR] WebSocket connection to 'ws://localhost:5173/' failed: Error in connection establishment: net::ERR_CONNECTION_REFUSED @ http://localhost:5173/@vite/client:1034
[ 3498306ms] [ERROR] WebSocket connection to 'ws://localhost:5173/' failed: Error in connection establishment: net::ERR_CONNECTION_REFUSED @ http://localhost:5173/@vite/client:1034
[ 3499315ms] [ERROR] WebSocket connection to 'ws://localhost:5173/' failed: Error in connection establishment: net::ERR_CONNECTION_REFUSED @ http://localhost:5173/@vite/client:1034
[ 3500325ms] [ERROR] WebSocket connection to 'ws://localhost:5173/' failed: Error in connection establishment: net::ERR_CONNECTION_REFUSED @ http://localhost:5173/@vite/client:1034
[ 3501335ms] [ERROR] WebSocket connection to 'ws://localhost:5173/' failed: Error in connection establishment: net::ERR_CONNECTION_REFUSED @ http://localhost:5173/@vite/client:1034
[ 3502350ms] [ERROR] WebSocket connection to 'ws://localhost:5173/' failed: Error in connection establishment: net::ERR_CONNECTION_REFUSED @ http://localhost:5173/@vite/client:1034
[ 3503360ms] [ERROR] WebSocket connection to 'ws://localhost:5173/' failed: Error in connection establishment: net::ERR_CONNECTION_REFUSED @ http://localhost:5173/@vite/client:1034
[ 3504381ms] [ERROR] WebSocket connection to 'ws://localhost:5173/' failed: Error in connection establishment: net::ERR_CONNECTION_REFUSED @ http://localhost:5173/@vite/client:1034
[ 3505399ms] [ERROR] WebSocket connection to 'ws://localhost:5173/' failed: Error in connection establishment: net::ERR_CONNECTION_REFUSED @ http://localhost:5173/@vite/client:1034
[ 3506441ms] [ERROR] WebSocket connection to 'ws://localhost:5173/' failed: Error in connection establishment: net::ERR_CONNECTION_REFUSED @ http://localhost:5173/@vite/client:1034
[ 3507477ms] [ERROR] WebSocket connection to 'ws://localhost:5173/' failed: Error in connection establishment: net::ERR_CONNECTION_REFUSED @ http://localhost:5173/@vite/client:1034
[ 3508496ms] [ERROR] WebSocket connection to 'ws://localhost:5173/' failed: Error in connection establishment: net::ERR_CONNECTION_REFUSED @ http://localhost:5173/@vite/client:1034
[ 3509552ms] [ERROR] WebSocket connection to 'ws://localhost:5173/' failed: Error in connection establishment: net::ERR_CONNECTION_REFUSED @ http://localhost:5173/@vite/client:1034
[ 3510587ms] [ERROR] WebSocket connection to 'ws://localhost:5173/' failed: Error in connection establishment: net::ERR_CONNECTION_REFUSED @ http://localhost:5173/@vite/client:1034
[ 3511641ms] [ERROR] WebSocket connection to 'ws://localhost:5173/' failed: Error in connection establishment: net::ERR_CONNECTION_REFUSED @ http://localhost:5173/@vite/client:1034
[ 3512761ms] [ERROR] WebSocket connection to 'ws://localhost:5173/' failed: Error in connection establishment: net::ERR_CONNECTION_REFUSED @ http://localhost:5173/@vite/client:1034
[ 3513920ms] [ERROR] WebSocket connection to 'ws://localhost:5173/' failed: Error in connection establishment: net::ERR_CONNECTION_REFUSED @ http://localhost:5173/@vite/client:1034
[ 3514972ms] [ERROR] WebSocket connection to 'ws://localhost:5173/' failed: Error in connection establishment: net::ERR_CONNECTION_REFUSED @ http://localhost:5173/@vite/client:1034
[ 3516059ms] [ERROR] WebSocket connection to 'ws://localhost:5173/' failed: Error in connection establishment: net::ERR_CONNECTION_REFUSED @ http://localhost:5173/@vite/client:1034
[ 3517338ms] [ERROR] WebSocket connection to 'ws://localhost:5173/' failed: Error in connection establishment: net::ERR_CONNECTION_REFUSED @ http://localhost:5173/@vite/client:1034
[ 3518523ms] [ERROR] WebSocket connection to 'ws://localhost:5173/' failed: Error in connection establishment: net::ERR_CONNECTION_REFUSED @ http://localhost:5173/@vite/client:1034
[ 3520002ms] [ERROR] WebSocket connection to 'ws://localhost:5173/' failed: Error in connection establishment: net::ERR_CONNECTION_REFUSED @ http://localhost:5173/@vite/client:1034
[ 3521156ms] [ERROR] WebSocket connection to 'ws://localhost:5173/' failed: Error in connection establishment: net::ERR_CONNECTION_REFUSED @ http://localhost:5173/@vite/client:1034
[ 3522701ms] [ERROR] WebSocket connection to 'ws://localhost:5173/' failed: Error in connection establishment: net::ERR_CONNECTION_REFUSED @ http://localhost:5173/@vite/client:1034
[ 3524740ms] [ERROR] WebSocket connection to 'ws://localhost:5173/' failed: Error in connection establishment: net::ERR_CONNECTION_REFUSED @ http://localhost:5173/@vite/client:1034
[ 3526323ms] [ERROR] WebSocket connection to 'ws://localhost:5173/' failed: Error in connection establishment: net::ERR_CONNECTION_REFUSED @ http://localhost:5173/@vite/client:1034
[ 3527861ms] [ERROR] WebSocket connection to 'ws://localhost:5173/' failed: Error in connection establishment: net::ERR_CONNECTION_REFUSED @ http://localhost:5173/@vite/client:1034
[ 3530065ms] [ERROR] WebSocket connection to 'ws://localhost:5173/' failed: Error in connection establishment: net::ERR_CONNECTION_REFUSED @ http://localhost:5173/@vite/client:1034
[ 3531583ms] [ERROR] WebSocket connection to 'ws://localhost:5173/' failed: Error in connection establishment: net::ERR_CONNECTION_REFUSED @ http://localhost:5173/@vite/client:1034
[ 3533885ms] [ERROR] WebSocket connection to 'ws://localhost:5173/' failed: Error in connection establishment: net::ERR_CONNECTION_REFUSED @ http://localhost:5173/@vite/client:1034
[ 3537628ms] [ERROR] WebSocket connection to 'ws://localhost:5173/' failed: Error in connection establishment: net::ERR_CONNECTION_REFUSED @ http://localhost:5173/@vite/client:1034
[ 3540574ms] [ERROR] WebSocket connection to 'ws://localhost:5173/' failed: Error in connection establishment: net::ERR_CONNECTION_REFUSED @ http://localhost:5173/@vite/client:1034
[ 3545086ms] [ERROR] WebSocket connection to 'ws://localhost:5173/' failed: Error in connection establishment: net::ERR_CONNECTION_REFUSED @ http://localhost:5173/@vite/client:1034
[ 3549305ms] [ERROR] WebSocket connection to 'ws://localhost:5173/' failed: Error in connection establishment: net::ERR_CONNECTION_REFUSED @ http://localhost:5173/@vite/client:1034
[ 3554119ms] [ERROR] WebSocket connection to 'ws://localhost:5173/' failed: Error in connection establishment: net::ERR_CONNECTION_REFUSED @ http://localhost:5173/@vite/client:1034
[ 3558655ms] [ERROR] WebSocket connection to 'ws://localhost:5173/' failed: Error in connection establishment: net::ERR_CONNECTION_REFUSED @ http://localhost:5173/@vite/client:1034
[ 3563116ms] [ERROR] WebSocket connection to 'ws://localhost:5173/' failed: Error in connection establishment: net::ERR_CONNECTION_REFUSED @ http://localhost:5173/@vite/client:1034
[ 3568494ms] [ERROR] WebSocket connection to 'ws://localhost:5173/' failed: Error in connection establishment: net::ERR_CONNECTION_REFUSED @ http://localhost:5173/@vite/client:1034
[ 3571491ms] [ERROR] WebSocket connection to 'ws://localhost:5173/' failed: Error in connection establishment: net::ERR_CONNECTION_REFUSED @ http://localhost:5173/@vite/client:1034
[ 3577429ms] [ERROR] WebSocket connection to 'ws://localhost:5173/' failed: Error in connection establishment: net::ERR_CONNECTION_REFUSED @ http://localhost:5173/@vite/client:1034
[ 3582188ms] [ERROR] WebSocket connection to 'ws://localhost:5173/' failed: Error in connection establishment: net::ERR_CONNECTION_REFUSED @ http://localhost:5173/@vite/client:1034
[ 3585597ms] [ERROR] WebSocket connection to 'ws://localhost:5173/' failed: Error in connection establishment: net::ERR_CONNECTION_REFUSED @ http://localhost:5173/@vite/client:1034
[ 3587624ms] [ERROR] WebSocket connection to 'ws://localhost:5173/' failed: Error in connection establishment: net::ERR_CONNECTION_REFUSED @ http://localhost:5173/@vite/client:1034
[ 3589871ms] [ERROR] WebSocket connection to 'ws://localhost:5173/' failed: Error in connection establishment: net::ERR_CONNECTION_REFUSED @ http://localhost:5173/@vite/client:1034
[ 3593168ms] [ERROR] WebSocket connection to 'ws://localhost:5173/' failed: Error in connection establishment: net::ERR_CONNECTION_REFUSED @ http://localhost:5173/@vite/client:1034
[ 3596913ms] [ERROR] WebSocket connection to 'ws://localhost:5173/' failed: Error in connection establishment: net::ERR_CONNECTION_REFUSED @ http://localhost:5173/@vite/client:1034
[ 3672515ms] [ERROR] WebSocket connection to 'ws://localhost:5173/' failed: Error in connection establishment: net::ERR_CONNECTION_REFUSED @ http://localhost:5173/@vite/client:1034
[ 3675576ms] [ERROR] WebSocket connection to 'ws://localhost:5173/' failed: Error in connection establishment: net::ERR_CONNECTION_REFUSED @ http://localhost:5173/@vite/client:1034
[ 3678806ms] [ERROR] WebSocket connection to 'ws://localhost:5173/' failed: Error in connection establishment: net::ERR_CONNECTION_REFUSED @ http://localhost:5173/@vite/client:1034
[ 3682768ms] [ERROR] WebSocket connection to 'ws://localhost:5173/' failed: Error in connection establishment: net::ERR_CONNECTION_REFUSED @ http://localhost:5173/@vite/client:1034
[ 3687951ms] [ERROR] WebSocket connection to 'ws://localhost:5173/' failed: Error in connection establishment: net::ERR_CONNECTION_REFUSED @ http://localhost:5173/@vite/client:1034
[ 3693859ms] [ERROR] WebSocket connection to 'ws://localhost:5173/' failed: Error in connection establishment: net::ERR_CONNECTION_REFUSED @ http://localhost:5173/@vite/client:1034
[ 3697979ms] [ERROR] WebSocket connection to 'ws://localhost:5173/' failed: Error in connection establishment: net::ERR_CONNECTION_REFUSED @ http://localhost:5173/@vite/client:1034
[ 3703608ms] [ERROR] WebSocket connection to 'ws://localhost:5173/' failed: Error in connection establishment: net::ERR_CONNECTION_REFUSED @ http://localhost:5173/@vite/client:1034
[ 3706134ms] [ERROR] WebSocket connection to 'ws://localhost:5173/' failed: Error in connection establishment: net::ERR_CONNECTION_REFUSED @ http://localhost:5173/@vite/client:1034
[ 3709803ms] [ERROR] WebSocket connection to 'ws://localhost:5173/' failed: Error in connection establishment: net::ERR_CONNECTION_REFUSED @ http://localhost:5173/@vite/client:1034
[ 3714025ms] [ERROR] WebSocket connection to 'ws://localhost:5173/' failed: Error in connection establishment: net::ERR_CONNECTION_REFUSED @ http://localhost:5173/@vite/client:1034
[ 3719632ms] [ERROR] WebSocket connection to 'ws://localhost:5173/' failed: Error in connection establishment: net::ERR_CONNECTION_REFUSED @ http://localhost:5173/@vite/client:1034
[ 3723476ms] [ERROR] WebSocket connection to 'ws://localhost:5173/' failed: Error in connection establishment: net::ERR_CONNECTION_REFUSED @ http://localhost:5173/@vite/client:1034
[ 3729280ms] [ERROR] WebSocket connection to 'ws://localhost:5173/' failed: Error in connection establishment: net::ERR_CONNECTION_REFUSED @ http://localhost:5173/@vite/client:1034
[ 3733260ms] [ERROR] WebSocket connection to 'ws://localhost:5173/' failed: Error in connection establishment: net::ERR_CONNECTION_REFUSED @ http://localhost:5173/@vite/client:1034
[ 3738649ms] [ERROR] WebSocket connection to 'ws://localhost:5173/' failed: Error in connection establishment: net::ERR_CONNECTION_REFUSED @ http://localhost:5173/@vite/client:1034
[ 3742461ms] [ERROR] WebSocket connection to 'ws://localhost:5173/' failed: Error in connection establishment: net::ERR_CONNECTION_REFUSED @ http://localhost:5173/@vite/client:1034
[ 3748422ms] [ERROR] WebSocket connection to 'ws://localhost:5173/' failed: Error in connection establishment: net::ERR_CONNECTION_REFUSED @ http://localhost:5173/@vite/client:1034
[ 3971039ms] [ERROR] WebSocket connection to 'ws://localhost:5173/' failed: Error in connection establishment: net::ERR_CONNECTION_REFUSED @ http://localhost:5173/@vite/client:1034
[ 3975056ms] [ERROR] WebSocket connection to 'ws://localhost:5173/' failed: Error in connection establishment: net::ERR_CONNECTION_REFUSED @ http://localhost:5173/@vite/client:1034
[ 3980687ms] [ERROR] WebSocket connection to 'ws://localhost:5173/' failed: Error in connection establishment: net::ERR_CONNECTION_REFUSED @ http://localhost:5173/@vite/client:1034
[ 3982798ms] [ERROR] WebSocket connection to 'ws://localhost:5173/' failed: Error in connection establishment: net::ERR_CONNECTION_REFUSED @ http://localhost:5173/@vite/client:1034
[ 3986267ms] [ERROR] WebSocket connection to 'ws://localhost:5173/' failed: Error in connection establishment: net::ERR_CONNECTION_REFUSED @ http://localhost:5173/@vite/client:1034
[ 3989986ms] [ERROR] WebSocket connection to 'ws://localhost:5173/' failed: Error in connection establishment: net::ERR_CONNECTION_REFUSED @ http://localhost:5173/@vite/client:1034
[ 3995873ms] [ERROR] WebSocket connection to 'ws://localhost:5173/' failed: Error in connection establishment: net::ERR_CONNECTION_REFUSED @ http://localhost:5173/@vite/client:1034
[ 4001186ms] [ERROR] WebSocket connection to 'ws://localhost:5173/' failed: Error in connection establishment: net::ERR_CONNECTION_REFUSED @ http://localhost:5173/@vite/client:1034
[ 4007079ms] [ERROR] WebSocket connection to 'ws://localhost:5173/' failed: Error in connection establishment: net::ERR_CONNECTION_REFUSED @ http://localhost:5173/@vite/client:1034
[ 4009970ms] [ERROR] WebSocket connection to 'ws://localhost:5173/' failed: Error in connection establishment: net::ERR_CONNECTION_REFUSED @ http://localhost:5173/@vite/client:1034
[ 4012929ms] [ERROR] WebSocket connection to 'ws://localhost:5173/' failed: Error in connection establishment: net::ERR_CONNECTION_REFUSED @ http://localhost:5173/@vite/client:1034
[ 4016131ms] [ERROR] WebSocket connection to 'ws://localhost:5173/' failed: Error in connection establishment: net::ERR_CONNECTION_REFUSED @ http://localhost:5173/@vite/client:1034
[ 4568915ms] [ERROR] WebSocket connection to 'ws://localhost:5173/' failed: Error in connection establishment: net::ERR_CONNECTION_REFUSED @ http://localhost:5173/@vite/client:1034
[ 4571956ms] [ERROR] WebSocket connection to 'ws://localhost:5173/' failed: Error in connection establishment: net::ERR_CONNECTION_REFUSED @ http://localhost:5173/@vite/client:1034
[ 4577157ms] [ERROR] WebSocket connection to 'ws://localhost:5173/' failed: Error in connection establishment: net::ERR_CONNECTION_REFUSED @ http://localhost:5173/@vite/client:1034
[ 4580984ms] [ERROR] WebSocket connection to 'ws://localhost:5173/' failed: Error in connection establishment: net::ERR_CONNECTION_REFUSED @ http://localhost:5173/@vite/client:1034
[ 4585235ms] [ERROR] WebSocket connection to 'ws://localhost:5173/' failed: Error in connection establishment: net::ERR_CONNECTION_REFUSED @ http://localhost:5173/@vite/client:1034
[ 4589949ms] [ERROR] WebSocket connection to 'ws://localhost:5173/' failed: Error in connection establishment: net::ERR_CONNECTION_REFUSED @ http://localhost:5173/@vite/client:1034
[ 4593870ms] [ERROR] WebSocket connection to 'ws://localhost:5173/' failed: Error in connection establishment: net::ERR_CONNECTION_REFUSED @ http://localhost:5173/@vite/client:1034
[ 4599142ms] [ERROR] WebSocket connection to 'ws://localhost:5173/' failed: Error in connection establishment: net::ERR_CONNECTION_REFUSED @ http://localhost:5173/@vite/client:1034
[ 4604445ms] [ERROR] WebSocket connection to 'ws://localhost:5173/' failed: Error in connection establishment: net::ERR_CONNECTION_REFUSED @ http://localhost:5173/@vite/client:1034
[ 4607765ms] [ERROR] WebSocket connection to 'ws://localhost:5173/' failed: Error in connection establishment: net::ERR_CONNECTION_REFUSED @ http://localhost:5173/@vite/client:1034
[ 4612268ms] [ERROR] WebSocket connection to 'ws://localhost:5173/' failed: Error in connection establishment: net::ERR_CONNECTION_REFUSED @ http://localhost:5173/@vite/client:1034
[ 4617711ms] [ERROR] WebSocket connection to 'ws://localhost:5173/' failed: Error in connection establishment: net::ERR_CONNECTION_REFUSED @ http://localhost:5173/@vite/client:1034
[ 4620964ms] [ERROR] WebSocket connection to 'ws://localhost:5173/' failed: Error in connection establishment: net::ERR_CONNECTION_REFUSED @ http://localhost:5173/@vite/client:1034
[ 4624232ms] [ERROR] WebSocket connection to 'ws://localhost:5173/' failed: Error in connection establishment: net::ERR_CONNECTION_REFUSED @ http://localhost:5173/@vite/client:1034
[ 4627281ms] [ERROR] WebSocket connection to 'ws://localhost:5173/' failed: Error in connection establishment: net::ERR_CONNECTION_REFUSED @ http://localhost:5173/@vite/client:1034
[ 4925762ms] [ERROR] WebSocket connection to 'ws://localhost:5173/' failed: Error in connection establishment: net::ERR_CONNECTION_REFUSED @ http://localhost:5173/@vite/client:1034
[ 4929600ms] [ERROR] WebSocket connection to 'ws://localhost:5173/' failed: Error in connection establishment: net::ERR_CONNECTION_REFUSED @ http://localhost:5173/@vite/client:1034
[ 4934282ms] [ERROR] WebSocket connection to 'ws://localhost:5173/' failed: Error in connection establishment: net::ERR_CONNECTION_REFUSED @ http://localhost:5173/@vite/client:1034
[ 4938701ms] [ERROR] WebSocket connection to 'ws://localhost:5173/' failed: Error in connection establishment: net::ERR_CONNECTION_REFUSED @ http://localhost:5173/@vite/client:1034
[ 4944430ms] [ERROR] WebSocket connection to 'ws://localhost:5173/' failed: Error in connection establishment: net::ERR_CONNECTION_REFUSED @ http://localhost:5173/@vite/client:1034
[ 4947764ms] [ERROR] WebSocket connection to 'ws://localhost:5173/' failed: Error in connection establishment: net::ERR_CONNECTION_REFUSED @ http://localhost:5173/@vite/client:1034
[ 4953031ms] [ERROR] WebSocket connection to 'ws://localhost:5173/' failed: Error in connection establishment: net::ERR_CONNECTION_REFUSED @ http://localhost:5173/@vite/client:1034
[ 4958273ms] [ERROR] WebSocket connection to 'ws://localhost:5173/' failed: Error in connection establishment: net::ERR_CONNECTION_REFUSED @ http://localhost:5173/@vite/client:1034
[ 4963149ms] [ERROR] WebSocket connection to 'ws://localhost:5173/' failed: Error in connection establishment: net::ERR_CONNECTION_REFUSED @ http://localhost:5173/@vite/client:1034
[ 4965235ms] [ERROR] WebSocket connection to 'ws://localhost:5173/' failed: Error in connection establishment: net::ERR_CONNECTION_REFUSED @ http://localhost:5173/@vite/client:1034
[ 4967593ms] [ERROR] WebSocket connection to 'ws://localhost:5173/' failed: Error in connection establishment: net::ERR_CONNECTION_REFUSED @ http://localhost:5173/@vite/client:1034
[ 4973101ms] [ERROR] WebSocket connection to 'ws://localhost:5173/' failed: Error in connection establishment: net::ERR_CONNECTION_REFUSED @ http://localhost:5173/@vite/client:1034
[ 5172231ms] [ERROR] WebSocket connection to 'ws://localhost:5173/' failed: Error in connection establishment: net::ERR_CONNECTION_REFUSED @ http://localhost:5173/@vite/client:1034
[ 5174551ms] [ERROR] WebSocket connection to 'ws://localhost:5173/' failed: Error in connection establishment: net::ERR_CONNECTION_REFUSED @ http://localhost:5173/@vite/client:1034
[ 5177884ms] [ERROR] WebSocket connection to 'ws://localhost:5173/' failed: Error in connection establishment: net::ERR_CONNECTION_REFUSED @ http://localhost:5173/@vite/client:1034
[ 5180185ms] [ERROR] WebSocket connection to 'ws://localhost:5173/' failed: Error in connection establishment: net::ERR_CONNECTION_REFUSED @ http://localhost:5173/@vite/client:1034
[ 5184908ms] [ERROR] WebSocket connection to 'ws://localhost:5173/' failed: Error in connection establishment: net::ERR_CONNECTION_REFUSED @ http://localhost:5173/@vite/client:1034
[ 5188006ms] [ERROR] WebSocket connection to 'ws://localhost:5173/' failed: Error in connection establishment: net::ERR_CONNECTION_REFUSED @ http://localhost:5173/@vite/client:1034
[ 5192967ms] [ERROR] WebSocket connection to 'ws://localhost:5173/' failed: Error in connection establishment: net::ERR_CONNECTION_REFUSED @ http://localhost:5173/@vite/client:1034
[ 5197063ms] [ERROR] WebSocket connection to 'ws://localhost:5173/' failed: Error in connection establishment: net::ERR_CONNECTION_REFUSED @ http://localhost:5173/@vite/client:1034
[ 5201910ms] [ERROR] WebSocket connection to 'ws://localhost:5173/' failed: Error in connection establishment: net::ERR_CONNECTION_REFUSED @ http://localhost:5173/@vite/client:1034
[ 5207421ms] [ERROR] WebSocket connection to 'ws://localhost:5173/' failed: Error in connection establishment: net::ERR_CONNECTION_REFUSED @ http://localhost:5173/@vite/client:1034
[ 5211521ms] [ERROR] WebSocket connection to 'ws://localhost:5173/' failed: Error in connection establishment: net::ERR_CONNECTION_REFUSED @ http://localhost:5173/@vite/client:1034
[ 5214797ms] [ERROR] WebSocket connection to 'ws://localhost:5173/' failed: Error in connection establishment: net::ERR_CONNECTION_REFUSED @ http://localhost:5173/@vite/client:1034
[ 5218714ms] [ERROR] WebSocket connection to 'ws://localhost:5173/' failed: Error in connection establishment: net::ERR_CONNECTION_REFUSED @ http://localhost:5173/@vite/client:1034
[ 5223699ms] [ERROR] WebSocket connection to 'ws://localhost:5173/' failed: Error in connection establishment: net::ERR_CONNECTION_REFUSED @ http://localhost:5173/@vite/client:1034
[ 5227829ms] [ERROR] WebSocket connection to 'ws://localhost:5173/' failed: Error in connection establishment: net::ERR_CONNECTION_REFUSED @ http://localhost:5173/@vite/client:1034
[ 5231055ms] [ERROR] WebSocket connection to 'ws://localhost:5173/' failed: Error in connection establishment: net::ERR_CONNECTION_REFUSED @ http://localhost:5173/@vite/client:1034
[ 5774172ms] [ERROR] WebSocket connection to 'ws://localhost:5173/' failed: Error in connection establishment: net::ERR_CONNECTION_REFUSED @ http://localhost:5173/@vite/client:1034
[ 5777216ms] [ERROR] WebSocket connection to 'ws://localhost:5173/' failed: Error in connection establishment: net::ERR_CONNECTION_REFUSED @ http://localhost:5173/@vite/client:1034
[ 5781981ms] [ERROR] WebSocket connection to 'ws://localhost:5173/' failed: Error in connection establishment: net::ERR_CONNECTION_REFUSED @ http://localhost:5173/@vite/client:1034
[ 5785894ms] [ERROR] WebSocket connection to 'ws://localhost:5173/' failed: Error in connection establishment: net::ERR_CONNECTION_REFUSED @ http://localhost:5173/@vite/client:1034
[ 5790976ms] [ERROR] WebSocket connection to 'ws://localhost:5173/' failed: Error in connection establishment: net::ERR_CONNECTION_REFUSED @ http://localhost:5173/@vite/client:1034
[ 5795999ms] [ERROR] WebSocket connection to 'ws://localhost:5173/' failed: Error in connection establishment: net::ERR_CONNECTION_REFUSED @ http://localhost:5173/@vite/client:1034
[ 5798638ms] [ERROR] WebSocket connection to 'ws://localhost:5173/' failed: Error in connection establishment: net::ERR_CONNECTION_REFUSED @ http://localhost:5173/@vite/client:1034
[ 5804350ms] [ERROR] WebSocket connection to 'ws://localhost:5173/' failed: Error in connection establishment: net::ERR_CONNECTION_REFUSED @ http://localhost:5173/@vite/client:1034
[ 5808115ms] [ERROR] WebSocket connection to 'ws://localhost:5173/' failed: Error in connection establishment: net::ERR_CONNECTION_REFUSED @ http://localhost:5173/@vite/client:1034
[ 5813147ms] [ERROR] WebSocket connection to 'ws://localhost:5173/' failed: Error in connection establishment: net::ERR_CONNECTION_REFUSED @ http://localhost:5173/@vite/client:1034
[ 5818625ms] [ERROR] WebSocket connection to 'ws://localhost:5173/' failed: Error in connection establishment: net::ERR_CONNECTION_REFUSED @ http://localhost:5173/@vite/client:1034
[ 6126721ms] [ERROR] WebSocket connection to 'ws://localhost:5173/' failed: Error in connection establishment: net::ERR_CONNECTION_REFUSED @ http://localhost:5173/@vite/client:1034
[ 6129897ms] [ERROR] WebSocket connection to 'ws://localhost:5173/' failed: Error in connection establishment: net::ERR_CONNECTION_REFUSED @ http://localhost:5173/@vite/client:1034
[ 6135041ms] [ERROR] WebSocket connection to 'ws://localhost:5173/' failed: Error in connection establishment: net::ERR_CONNECTION_REFUSED @ http://localhost:5173/@vite/client:1034
[ 6138044ms] [ERROR] WebSocket connection to 'ws://localhost:5173/' failed: Error in connection establishment: net::ERR_CONNECTION_REFUSED @ http://localhost:5173/@vite/client:1034
[ 6142339ms] [ERROR] WebSocket connection to 'ws://localhost:5173/' failed: Error in connection establishment: net::ERR_CONNECTION_REFUSED @ http://localhost:5173/@vite/client:1034
[ 6145019ms] [ERROR] WebSocket connection to 'ws://localhost:5173/' failed: Error in connection establishment: net::ERR_CONNECTION_REFUSED @ http://localhost:5173/@vite/client:1034
[ 6149801ms] [ERROR] WebSocket connection to 'ws://localhost:5173/' failed: Error in connection establishment: net::ERR_CONNECTION_REFUSED @ http://localhost:5173/@vite/client:1034
[ 6153863ms] [ERROR] WebSocket connection to 'ws://localhost:5173/' failed: Error in connection establishment: net::ERR_CONNECTION_REFUSED @ http://localhost:5173/@vite/client:1034
[ 6157475ms] [ERROR] WebSocket connection to 'ws://localhost:5173/' failed: Error in connection establishment: net::ERR_CONNECTION_REFUSED @ http://localhost:5173/@vite/client:1034
[ 6160542ms] [ERROR] WebSocket connection to 'ws://localhost:5173/' failed: Error in connection establishment: net::ERR_CONNECTION_REFUSED @ http://localhost:5173/@vite/client:1034
[ 6162872ms] [ERROR] WebSocket connection to 'ws://localhost:5173/' failed: Error in connection establishment: net::ERR_CONNECTION_REFUSED @ http://localhost:5173/@vite/client:1034
[ 6165770ms] [ERROR] WebSocket connection to 'ws://localhost:5173/' failed: Error in connection establishment: net::ERR_CONNECTION_REFUSED @ http://localhost:5173/@vite/client:1034
[ 6168739ms] [ERROR] WebSocket connection to 'ws://localhost:5173/' failed: Error in connection establishment: net::ERR_CONNECTION_REFUSED @ http://localhost:5173/@vite/client:1034
[ 6248641ms] [ERROR] WebSocket connection to 'ws://localhost:5173/' failed: Error in connection establishment: net::ERR_CONNECTION_REFUSED @ http://localhost:5173/@vite/client:1034
[ 6251218ms] [ERROR] WebSocket connection to 'ws://localhost:5173/' failed: Error in connection establishment: net::ERR_CONNECTION_REFUSED @ http://localhost:5173/@vite/client:1034
[ 6255084ms] [ERROR] WebSocket connection to 'ws://localhost:5173/' failed: Error in connection establishment: net::ERR_CONNECTION_REFUSED @ http://localhost:5173/@vite/client:1034
[ 6259951ms] [ERROR] WebSocket connection to 'ws://localhost:5173/' failed: Error in connection establishment: net::ERR_CONNECTION_REFUSED @ http://localhost:5173/@vite/client:1034
[ 6262920ms] [ERROR] WebSocket connection to 'ws://localhost:5173/' failed: Error in connection establishment: net::ERR_CONNECTION_REFUSED @ http://localhost:5173/@vite/client:1034
[ 6266818ms] [ERROR] WebSocket connection to 'ws://localhost:5173/' failed: Error in connection establishment: net::ERR_CONNECTION_REFUSED @ http://localhost:5173/@vite/client:1034
[ 6270902ms] [ERROR] WebSocket connection to 'ws://localhost:5173/' failed: Error in connection establishment: net::ERR_CONNECTION_REFUSED @ http://localhost:5173/@vite/client:1034
[ 6274937ms] [ERROR] WebSocket connection to 'ws://localhost:5173/' failed: Error in connection establishment: net::ERR_CONNECTION_REFUSED @ http://localhost:5173/@vite/client:1034
[ 6277282ms] [ERROR] WebSocket connection to 'ws://localhost:5173/' failed: Error in connection establishment: net::ERR_CONNECTION_REFUSED @ http://localhost:5173/@vite/client:1034
[ 6281642ms] [ERROR] WebSocket connection to 'ws://localhost:5173/' failed: Error in connection establishment: net::ERR_CONNECTION_REFUSED @ http://localhost:5173/@vite/client:1034
[ 6286379ms] [ERROR] WebSocket connection to 'ws://localhost:5173/' failed: Error in connection establishment: net::ERR_CONNECTION_REFUSED @ http://localhost:5173/@vite/client:1034
[ 6288708ms] [ERROR] WebSocket connection to 'ws://localhost:5173/' failed: Error in connection establishment: net::ERR_CONNECTION_REFUSED @ http://localhost:5173/@vite/client:1034
[ 6290870ms] [ERROR] WebSocket connection to 'ws://localhost:5173/' failed: Error in connection establishment: net::ERR_CONNECTION_REFUSED @ http://localhost:5173/@vite/client:1034
[ 6294469ms] [ERROR] WebSocket connection to 'ws://localhost:5173/' failed: Error in connection establishment: net::ERR_CONNECTION_REFUSED @ http://localhost:5173/@vite/client:1034
[ 6298884ms] [ERROR] WebSocket connection to 'ws://localhost:5173/' failed: Error in connection establishment: net::ERR_CONNECTION_REFUSED @ http://localhost:5173/@vite/client:1034
[ 6303514ms] [ERROR] WebSocket connection to 'ws://localhost:5173/' failed: Error in connection establishment: net::ERR_CONNECTION_REFUSED @ http://localhost:5173/@vite/client:1034
[ 6307561ms] [ERROR] WebSocket connection to 'ws://localhost:5173/' failed: Error in connection establishment: net::ERR_CONNECTION_REFUSED @ http://localhost:5173/@vite/client:1034
[ 6323122ms] [ERROR] WebSocket connection to 'ws://localhost:5173/' failed: Error in connection establishment: net::ERR_CONNECTION_REFUSED @ http://localhost:5173/@vite/client:1034
[ 6327791ms] [ERROR] WebSocket connection to 'ws://localhost:5173/' failed: Error in connection establishment: net::ERR_CONNECTION_REFUSED @ http://localhost:5173/@vite/client:1034
[ 6332452ms] [ERROR] WebSocket connection to 'ws://localhost:5173/' failed: Error in connection establishment: net::ERR_CONNECTION_REFUSED @ http://localhost:5173/@vite/client:1034
[ 6335775ms] [ERROR] WebSocket connection to 'ws://localhost:5173/' failed: Error in connection establishment: net::ERR_CONNECTION_REFUSED @ http://localhost:5173/@vite/client:1034
[ 6341773ms] [ERROR] WebSocket connection to 'ws://localhost:5173/' failed: Error in connection establishment: net::ERR_CONNECTION_REFUSED @ http://localhost:5173/@vite/client:1034
[ 6345848ms] [ERROR] WebSocket connection to 'ws://localhost:5173/' failed: Error in connection establishment: net::ERR_CONNECTION_REFUSED @ http://localhost:5173/@vite/client:1034
[ 6350228ms] [ERROR] WebSocket connection to 'ws://localhost:5173/' failed: Error in connection establishment: net::ERR_CONNECTION_REFUSED @ http://localhost:5173/@vite/client:1034
[ 6353687ms] [ERROR] WebSocket connection to 'ws://localhost:5173/' failed: Error in connection establishment: net::ERR_CONNECTION_REFUSED @ http://localhost:5173/@vite/client:1034
[ 6356097ms] [ERROR] WebSocket connection to 'ws://localhost:5173/' failed: Error in connection establishment: net::ERR_CONNECTION_REFUSED @ http://localhost:5173/@vite/client:1034
[ 6361514ms] [ERROR] WebSocket connection to 'ws://localhost:5173/' failed: Error in connection establishment: net::ERR_CONNECTION_REFUSED @ http://localhost:5173/@vite/client:1034
[ 6366535ms] [ERROR] WebSocket connection to 'ws://localhost:5173/' failed: Error in connection establishment: net::ERR_CONNECTION_REFUSED @ http://localhost:5173/@vite/client:1034
[ 6368930ms] [ERROR] WebSocket connection to 'ws://localhost:5173/' failed: Error in connection establishment: net::ERR_CONNECTION_REFUSED @ http://localhost:5173/@vite/client:1034
[ 6384132ms] [ERROR] WebSocket connection to 'ws://localhost:5173/' failed: Error in connection establishment: net::ERR_CONNECTION_REFUSED @ http://localhost:5173/@vite/client:1034
[ 6389932ms] [ERROR] WebSocket connection to 'ws://localhost:5173/' failed: Error in connection establishment: net::ERR_CONNECTION_REFUSED @ http://localhost:5173/@vite/client:1034
[ 6394609ms] [ERROR] WebSocket connection to 'ws://localhost:5173/' failed: Error in connection establishment: net::ERR_CONNECTION_REFUSED @ http://localhost:5173/@vite/client:1034
[ 6398126ms] [ERROR] WebSocket connection to 'ws://localhost:5173/' failed: Error in connection establishment: net::ERR_CONNECTION_REFUSED @ http://localhost:5173/@vite/client:1034
[ 6402031ms] [ERROR] WebSocket connection to 'ws://localhost:5173/' failed: Error in connection establishment: net::ERR_CONNECTION_REFUSED @ http://localhost:5173/@vite/client:1034
[ 6405584ms] [ERROR] WebSocket connection to 'ws://localhost:5173/' failed: Error in connection establishment: net::ERR_CONNECTION_REFUSED @ http://localhost:5173/@vite/client:1034
[ 6411033ms] [ERROR] WebSocket connection to 'ws://localhost:5173/' failed: Error in connection establishment: net::ERR_CONNECTION_REFUSED @ http://localhost:5173/@vite/client:1034
[ 6414029ms] [ERROR] WebSocket connection to 'ws://localhost:5173/' failed: Error in connection establishment: net::ERR_CONNECTION_REFUSED @ http://localhost:5173/@vite/client:1034
[ 6418589ms] [ERROR] WebSocket connection to 'ws://localhost:5173/' failed: Error in connection establishment: net::ERR_CONNECTION_REFUSED @ http://localhost:5173/@vite/client:1034
[ 6423882ms] [ERROR] WebSocket connection to 'ws://localhost:5173/' failed: Error in connection establishment: net::ERR_CONNECTION_REFUSED @ http://localhost:5173/@vite/client:1034
[ 6429800ms] [ERROR] WebSocket connection to 'ws://localhost:5173/' failed: Error in connection establishment: net::ERR_CONNECTION_REFUSED @ http://localhost:5173/@vite/client:1034
[ 6434003ms] [ERROR] WebSocket connection to 'ws://localhost:5173/' failed: Error in connection establishment: net::ERR_CONNECTION_REFUSED @ http://localhost:5173/@vite/client:1034
[ 6436182ms] [ERROR] WebSocket connection to 'ws://localhost:5173/' failed: Error in connection establishment: net::ERR_CONNECTION_REFUSED @ http://localhost:5173/@vite/client:1034
[ 6440481ms] [ERROR] WebSocket connection to 'ws://localhost:5173/' failed: Error in connection establishment: net::ERR_CONNECTION_REFUSED @ http://localhost:5173/@vite/client:1034
[ 6973631ms] [ERROR] WebSocket connection to 'ws://localhost:5173/' failed: Error in connection establishment: net::ERR_CONNECTION_REFUSED @ http://localhost:5173/@vite/client:1034
[ 6977877ms] [ERROR] WebSocket connection to 'ws://localhost:5173/' failed: Error in connection establishment: net::ERR_CONNECTION_REFUSED @ http://localhost:5173/@vite/client:1034
[ 6982690ms] [ERROR] WebSocket connection to 'ws://localhost:5173/' failed: Error in connection establishment: net::ERR_CONNECTION_REFUSED @ http://localhost:5173/@vite/client:1034
[ 6985738ms] [ERROR] WebSocket connection to 'ws://localhost:5173/' failed: Error in connection establishment: net::ERR_CONNECTION_REFUSED @ http://localhost:5173/@vite/client:1034
[ 6989322ms] [ERROR] WebSocket connection to 'ws://localhost:5173/' failed: Error in connection establishment: net::ERR_CONNECTION_REFUSED @ http://localhost:5173/@vite/client:1034
[ 6993388ms] [ERROR] WebSocket connection to 'ws://localhost:5173/' failed: Error in connection establishment: net::ERR_CONNECTION_REFUSED @ http://localhost:5173/@vite/client:1034
[ 6997802ms] [ERROR] WebSocket connection to 'ws://localhost:5173/' failed: Error in connection establishment: net::ERR_CONNECTION_REFUSED @ http://localhost:5173/@vite/client:1034
[ 7000622ms] [ERROR] WebSocket connection to 'ws://localhost:5173/' failed: Error in connection establishment: net::ERR_CONNECTION_REFUSED @ http://localhost:5173/@vite/client:1034
[ 7003607ms] [ERROR] WebSocket connection to 'ws://localhost:5173/' failed: Error in connection establishment: net::ERR_CONNECTION_REFUSED @ http://localhost:5173/@vite/client:1034
[ 7009002ms] [ERROR] WebSocket connection to 'ws://localhost:5173/' failed: Error in connection establishment: net::ERR_CONNECTION_REFUSED @ http://localhost:5173/@vite/client:1034
[ 7013504ms] [ERROR] WebSocket connection to 'ws://localhost:5173/' failed: Error in connection establishment: net::ERR_CONNECTION_REFUSED @ http://localhost:5173/@vite/client:1034
[ 7016678ms] [ERROR] WebSocket connection to 'ws://localhost:5173/' failed: Error in connection establishment: net::ERR_CONNECTION_REFUSED @ http://localhost:5173/@vite/client:1034
[ 7019394ms] [ERROR] WebSocket connection to 'ws://localhost:5173/' failed: Error in connection establishment: net::ERR_CONNECTION_REFUSED @ http://localhost:5173/@vite/client:1034
[ 7023891ms] [ERROR] WebSocket connection to 'ws://localhost:5173/' failed: Error in connection establishment: net::ERR_CONNECTION_REFUSED @ http://localhost:5173/@vite/client:1034
[ 7026990ms] [ERROR] WebSocket connection to 'ws://localhost:5173/' failed: Error in connection establishment: net::ERR_CONNECTION_REFUSED @ http://localhost:5173/@vite/client:1034
[ 7029887ms] [ERROR] WebSocket connection to 'ws://localhost:5173/' failed: Error in connection establishment: net::ERR_CONNECTION_REFUSED @ http://localhost:5173/@vite/client:1034
[ 7322083ms] [ERROR] WebSocket connection to 'ws://localhost:5173/' failed: Error in connection establishment: net::ERR_CONNECTION_REFUSED @ http://localhost:5173/@vite/client:1034
[ 7325909ms] [ERROR] WebSocket connection to 'ws://localhost:5173/' failed: Error in connection establishment: net::ERR_CONNECTION_REFUSED @ http://localhost:5173/@vite/client:1034
[ 7331222ms] [ERROR] WebSocket connection to 'ws://localhost:5173/' failed: Error in connection establishment: net::ERR_CONNECTION_REFUSED @ http://localhost:5173/@vite/client:1034
[ 7336146ms] [ERROR] WebSocket connection to 'ws://localhost:5173/' failed: Error in connection establishment: net::ERR_CONNECTION_REFUSED @ http://localhost:5173/@vite/client:1034
[ 7338504ms] [ERROR] WebSocket connection to 'ws://localhost:5173/' failed: Error in connection establishment: net::ERR_CONNECTION_REFUSED @ http://localhost:5173/@vite/client:1034
[ 7342804ms] [ERROR] WebSocket connection to 'ws://localhost:5173/' failed: Error in connection establishment: net::ERR_CONNECTION_REFUSED @ http://localhost:5173/@vite/client:1034
[ 7345126ms] [ERROR] WebSocket connection to 'ws://localhost:5173/' failed: Error in connection establishment: net::ERR_CONNECTION_REFUSED @ http://localhost:5173/@vite/client:1034
[ 7349028ms] [ERROR] WebSocket connection to 'ws://localhost:5173/' failed: Error in connection establishment: net::ERR_CONNECTION_REFUSED @ http://localhost:5173/@vite/client:1034
[ 7353388ms] [ERROR] WebSocket connection to 'ws://localhost:5173/' failed: Error in connection establishment: net::ERR_CONNECTION_REFUSED @ http://localhost:5173/@vite/client:1034
[ 7356590ms] [ERROR] WebSocket connection to 'ws://localhost:5173/' failed: Error in connection establishment: net::ERR_CONNECTION_REFUSED @ http://localhost:5173/@vite/client:1034
[ 7360318ms] [ERROR] WebSocket connection to 'ws://localhost:5173/' failed: Error in connection establishment: net::ERR_CONNECTION_REFUSED @ http://localhost:5173/@vite/client:1034
[ 7363838ms] [ERROR] WebSocket connection to 'ws://localhost:5173/' failed: Error in connection establishment: net::ERR_CONNECTION_REFUSED @ http://localhost:5173/@vite/client:1034
[ 7369068ms] [ERROR] WebSocket connection to 'ws://localhost:5173/' failed: Error in connection establishment: net::ERR_CONNECTION_REFUSED @ http://localhost:5173/@vite/client:1034
[ 7372634ms] [ERROR] WebSocket connection to 'ws://localhost:5173/' failed: Error in connection establishment: net::ERR_CONNECTION_REFUSED @ http://localhost:5173/@vite/client:1034
[ 7374692ms] [ERROR] WebSocket connection to 'ws://localhost:5173/' failed: Error in connection establishment: net::ERR_CONNECTION_REFUSED @ http://localhost:5173/@vite/client:1034
[ 7576157ms] [ERROR] WebSocket connection to 'ws://localhost:5173/' failed: Error in connection establishment: net::ERR_CONNECTION_REFUSED @ http://localhost:5173/@vite/client:1034
[ 7581821ms] [ERROR] WebSocket connection to 'ws://localhost:5173/' failed: Error in connection establishment: net::ERR_CONNECTION_REFUSED @ http://localhost:5173/@vite/client:1034
[ 7586529ms] [ERROR] WebSocket connection to 'ws://localhost:5173/' failed: Error in connection establishment: net::ERR_CONNECTION_REFUSED @ http://localhost:5173/@vite/client:1034
[ 7589389ms] [ERROR] WebSocket connection to 'ws://localhost:5173/' failed: Error in connection establishment: net::ERR_CONNECTION_REFUSED @ http://localhost:5173/@vite/client:1034
[ 7593922ms] [ERROR] WebSocket connection to 'ws://localhost:5173/' failed: Error in connection establishment: net::ERR_CONNECTION_REFUSED @ http://localhost:5173/@vite/client:1034
[ 7599547ms] [ERROR] WebSocket connection to 'ws://localhost:5173/' failed: Error in connection establishment: net::ERR_CONNECTION_REFUSED @ http://localhost:5173/@vite/client:1034
[ 7601858ms] [ERROR] WebSocket connection to 'ws://localhost:5173/' failed: Error in connection establishment: net::ERR_CONNECTION_REFUSED @ http://localhost:5173/@vite/client:1034
[ 7604352ms] [ERROR] WebSocket connection to 'ws://localhost:5173/' failed: Error in connection establishment: net::ERR_CONNECTION_REFUSED @ http://localhost:5173/@vite/client:1034
[ 7608162ms] [ERROR] WebSocket connection to 'ws://localhost:5173/' failed: Error in connection establishment: net::ERR_CONNECTION_REFUSED @ http://localhost:5173/@vite/client:1034
[ 7610761ms] [ERROR] WebSocket connection to 'ws://localhost:5173/' failed: Error in connection establishment: net::ERR_CONNECTION_REFUSED @ http://localhost:5173/@vite/client:1034
[ 7614440ms] [ERROR] WebSocket connection to 'ws://localhost:5173/' failed: Error in connection establishment: net::ERR_CONNECTION_REFUSED @ http://localhost:5173/@vite/client:1034
[ 7617185ms] [ERROR] WebSocket connection to 'ws://localhost:5173/' failed: Error in connection establishment: net::ERR_CONNECTION_REFUSED @ http://localhost:5173/@vite/client:1034
[ 7674370ms] [ERROR] WebSocket connection to 'ws://localhost:5173/' failed: Error in connection establishment: net::ERR_CONNECTION_REFUSED @ http://localhost:5173/@vite/client:1034
[ 7677896ms] [ERROR] WebSocket connection to 'ws://localhost:5173/' failed: Error in connection establishment: net::ERR_CONNECTION_REFUSED @ http://localhost:5173/@vite/client:1034
[ 7681201ms] [ERROR] WebSocket connection to 'ws://localhost:5173/' failed: Error in connection establishment: net::ERR_CONNECTION_REFUSED @ http://localhost:5173/@vite/client:1034
[ 7686875ms] [ERROR] WebSocket connection to 'ws://localhost:5173/' failed: Error in connection establishment: net::ERR_CONNECTION_REFUSED @ http://localhost:5173/@vite/client:1034
[ 7692034ms] [ERROR] WebSocket connection to 'ws://localhost:5173/' failed: Error in connection establishment: net::ERR_CONNECTION_REFUSED @ http://localhost:5173/@vite/client:1034
[ 7695486ms] [ERROR] WebSocket connection to 'ws://localhost:5173/' failed: Error in connection establishment: net::ERR_CONNECTION_REFUSED @ http://localhost:5173/@vite/client:1034
[ 7700730ms] [ERROR] WebSocket connection to 'ws://localhost:5173/' failed: Error in connection establishment: net::ERR_CONNECTION_REFUSED @ http://localhost:5173/@vite/client:1034
[ 7703111ms] [ERROR] WebSocket connection to 'ws://localhost:5173/' failed: Error in connection establishment: net::ERR_CONNECTION_REFUSED @ http://localhost:5173/@vite/client:1034
[ 7705369ms] [ERROR] WebSocket connection to 'ws://localhost:5173/' failed: Error in connection establishment: net::ERR_CONNECTION_REFUSED @ http://localhost:5173/@vite/client:1034
[ 7711085ms] [ERROR] WebSocket connection to 'ws://localhost:5173/' failed: Error in connection establishment: net::ERR_CONNECTION_REFUSED @ http://localhost:5173/@vite/client:1034
[ 7714658ms] [ERROR] WebSocket connection to 'ws://localhost:5173/' failed: Error in connection establishment: net::ERR_CONNECTION_REFUSED @ http://localhost:5173/@vite/client:1034
[ 7718128ms] [ERROR] WebSocket connection to 'ws://localhost:5173/' failed: Error in connection establishment: net::ERR_CONNECTION_REFUSED @ http://localhost:5173/@vite/client:1034
[ 7721928ms] [ERROR] WebSocket connection to 'ws://localhost:5173/' failed: Error in connection establishment: net::ERR_CONNECTION_REFUSED @ http://localhost:5173/@vite/client:1034
[ 8174068ms] [ERROR] WebSocket connection to 'ws://localhost:5173/' failed: Error in connection establishment: net::ERR_CONNECTION_REFUSED @ http://localhost:5173/@vite/client:1034
[ 8176110ms] [ERROR] WebSocket connection to 'ws://localhost:5173/' failed: Error in connection establishment: net::ERR_CONNECTION_REFUSED @ http://localhost:5173/@vite/client:1034
[ 8179669ms] [ERROR] WebSocket connection to 'ws://localhost:5173/' failed: Error in connection establishment: net::ERR_CONNECTION_REFUSED @ http://localhost:5173/@vite/client:1034
[ 8185361ms] [ERROR] WebSocket connection to 'ws://localhost:5173/' failed: Error in connection establishment: net::ERR_CONNECTION_REFUSED @ http://localhost:5173/@vite/client:1034
[ 8190783ms] [ERROR] WebSocket connection to 'ws://localhost:5173/' failed: Error in connection establishment: net::ERR_CONNECTION_REFUSED @ http://localhost:5173/@vite/client:1034
[ 8195990ms] [ERROR] WebSocket connection to 'ws://localhost:5173/' failed: Error in connection establishment: net::ERR_CONNECTION_REFUSED @ http://localhost:5173/@vite/client:1034
[ 8201975ms] [ERROR] WebSocket connection to 'ws://localhost:5173/' failed: Error in connection establishment: net::ERR_CONNECTION_REFUSED @ http://localhost:5173/@vite/client:1034
[ 8206187ms] [ERROR] WebSocket connection to 'ws://localhost:5173/' failed: Error in connection establishment: net::ERR_CONNECTION_REFUSED @ http://localhost:5173/@vite/client:1034
[ 8210362ms] [ERROR] WebSocket connection to 'ws://localhost:5173/' failed: Error in connection establishment: net::ERR_CONNECTION_REFUSED @ http://localhost:5173/@vite/client:1034
[ 8213209ms] [ERROR] WebSocket connection to 'ws://localhost:5173/' failed: Error in connection establishment: net::ERR_CONNECTION_REFUSED @ http://localhost:5173/@vite/client:1034
[ 8217699ms] [ERROR] WebSocket connection to 'ws://localhost:5173/' failed: Error in connection establishment: net::ERR_CONNECTION_REFUSED @ http://localhost:5173/@vite/client:1034
[ 8220368ms] [ERROR] WebSocket connection to 'ws://localhost:5173/' failed: Error in connection establishment: net::ERR_CONNECTION_REFUSED @ http://localhost:5173/@vite/client:1034
[ 8224361ms] [ERROR] WebSocket connection to 'ws://localhost:5173/' failed: Error in connection establishment: net::ERR_CONNECTION_REFUSED @ http://localhost:5173/@vite/client:1034
[ 8231452ms] [ERROR] WebSocket connection to 'ws://localhost:5173/' failed: Error in connection establishment: net::ERR_CONNECTION_REFUSED @ http://localhost:5173/@vite/client:1034
[ 8235293ms] [ERROR] WebSocket connection to 'ws://localhost:5173/' failed: Error in connection establishment: net::ERR_CONNECTION_REFUSED @ http://localhost:5173/@vite/client:1034
[ 8240824ms] [ERROR] WebSocket connection to 'ws://localhost:5173/' failed: Error in connection establishment: net::ERR_CONNECTION_REFUSED @ http://localhost:5173/@vite/client:1034
[ 8245752ms] [ERROR] WebSocket connection to 'ws://localhost:5173/' failed: Error in connection establishment: net::ERR_CONNECTION_REFUSED @ http://localhost:5173/@vite/client:1034
[ 8250371ms] [ERROR] WebSocket connection to 'ws://localhost:5173/' failed: Error in connection establishment: net::ERR_CONNECTION_REFUSED @ http://localhost:5173/@vite/client:1034
[ 8253211ms] [ERROR] WebSocket connection to 'ws://localhost:5173/' failed: Error in connection establishment: net::ERR_CONNECTION_REFUSED @ http://localhost:5173/@vite/client:1034
[ 8257153ms] [ERROR] WebSocket connection to 'ws://localhost:5173/' failed: Error in connection establishment: net::ERR_CONNECTION_REFUSED @ http://localhost:5173/@vite/client:1034
[ 8259687ms] [ERROR] WebSocket connection to 'ws://localhost:5173/' failed: Error in connection establishment: net::ERR_CONNECTION_REFUSED @ http://localhost:5173/@vite/client:1034
[ 8265241ms] [ERROR] WebSocket connection to 'ws://localhost:5173/' failed: Error in connection establishment: net::ERR_CONNECTION_REFUSED @ http://localhost:5173/@vite/client:1034
[ 8268036ms] [ERROR] WebSocket connection to 'ws://localhost:5173/' failed: Error in connection establishment: net::ERR_CONNECTION_REFUSED @ http://localhost:5173/@vite/client:1034
[ 8271624ms] [ERROR] WebSocket connection to 'ws://localhost:5173/' failed: Error in connection establishment: net::ERR_CONNECTION_REFUSED @ http://localhost:5173/@vite/client:1034
[ 8276687ms] [ERROR] WebSocket connection to 'ws://localhost:5173/' failed: Error in connection establishment: net::ERR_CONNECTION_REFUSED @ http://localhost:5173/@vite/client:1034
[ 8278766ms] [ERROR] WebSocket connection to 'ws://localhost:5173/' failed: Error in connection establishment: net::ERR_CONNECTION_REFUSED @ http://localhost:5173/@vite/client:1034
[ 8282839ms] [ERROR] WebSocket connection to 'ws://localhost:5173/' failed: Error in connection establishment: net::ERR_CONNECTION_REFUSED @ http://localhost:5173/@vite/client:1034
[ 8417638ms] [ERROR] WebSocket connection to 'ws://localhost:5173/' failed: Error in connection establishment: net::ERR_CONNECTION_REFUSED @ http://localhost:5173/@vite/client:1034
[ 8423610ms] [ERROR] WebSocket connection to 'ws://localhost:5173/' failed: Error in connection establishment: net::ERR_CONNECTION_REFUSED @ http://localhost:5173/@vite/client:1034
[ 8427570ms] [ERROR] WebSocket connection to 'ws://localhost:5173/' failed: Error in connection establishment: net::ERR_CONNECTION_REFUSED @ http://localhost:5173/@vite/client:1034
[ 8431625ms] [ERROR] WebSocket connection to 'ws://localhost:5173/' failed: Error in connection establishment: net::ERR_CONNECTION_REFUSED @ http://localhost:5173/@vite/client:1034
[ 8433839ms] [ERROR] WebSocket connection to 'ws://localhost:5173/' failed: Error in connection establishment: net::ERR_CONNECTION_REFUSED @ http://localhost:5173/@vite/client:1034
[ 8531746ms] [ERROR] WebSocket connection to 'ws://localhost:5173/' failed: Error in connection establishment: net::ERR_CONNECTION_REFUSED @ http://localhost:5173/@vite/client:1034
[ 8536970ms] [ERROR] WebSocket connection to 'ws://localhost:5173/' failed: Error in connection establishment: net::ERR_CONNECTION_REFUSED @ http://localhost:5173/@vite/client:1034
[ 8541796ms] [ERROR] WebSocket connection to 'ws://localhost:5173/' failed: Error in connection establishment: net::ERR_CONNECTION_REFUSED @ http://localhost:5173/@vite/client:1034
[ 8543825ms] [ERROR] WebSocket connection to 'ws://localhost:5173/' failed: Error in connection establishment: net::ERR_CONNECTION_REFUSED @ http://localhost:5173/@vite/client:1034
[ 8549663ms] [ERROR] WebSocket connection to 'ws://localhost:5173/' failed: Error in connection establishment: net::ERR_CONNECTION_REFUSED @ http://localhost:5173/@vite/client:1034
[ 8560039ms] [ERROR] WebSocket connection to 'ws://localhost:5173/' failed: Error in connection establishment: net::ERR_CONNECTION_REFUSED @ http://localhost:5173/@vite/client:1034
[ 8563766ms] [ERROR] WebSocket connection to 'ws://localhost:5173/' failed: Error in connection establishment: net::ERR_CONNECTION_REFUSED @ http://localhost:5173/@vite/client:1034
[ 8568745ms] [ERROR] WebSocket connection to 'ws://localhost:5173/' failed: Error in connection establishment: net::ERR_CONNECTION_REFUSED @ http://localhost:5173/@vite/client:1034
[ 8571324ms] [ERROR] WebSocket connection to 'ws://localhost:5173/' failed: Error in connection establishment: net::ERR_CONNECTION_REFUSED @ http://localhost:5173/@vite/client:1034
[ 8575778ms] [ERROR] WebSocket connection to 'ws://localhost:5173/' failed: Error in connection establishment: net::ERR_CONNECTION_REFUSED @ http://localhost:5173/@vite/client:1034
[ 8578526ms] [ERROR] WebSocket connection to 'ws://localhost:5173/' failed: Error in connection establishment: net::ERR_CONNECTION_REFUSED @ http://localhost:5173/@vite/client:1034
[ 8584522ms] [ERROR] WebSocket connection to 'ws://localhost:5173/' failed: Error in connection establishment: net::ERR_CONNECTION_REFUSED @ http://localhost:5173/@vite/client:1034
[ 8585541ms] [ERROR] WebSocket connection to 'ws://localhost:5173/' failed: Error in connection establishment: net::ERR_CONNECTION_REFUSED @ http://localhost:5173/@vite/client:1034
[ 8586586ms] [ERROR] WebSocket connection to 'ws://localhost:5173/' failed: Error in connection establishment: net::ERR_CONNECTION_REFUSED @ http://localhost:5173/@vite/client:1034
[ 8587606ms] [ERROR] WebSocket connection to 'ws://localhost:5173/' failed: Error in connection establishment: net::ERR_CONNECTION_REFUSED @ http://localhost:5173/@vite/client:1034
[ 8588632ms] [ERROR] WebSocket connection to 'ws://localhost:5173/' failed: Error in connection establishment: net::ERR_CONNECTION_REFUSED @ http://localhost:5173/@vite/client:1034
[ 8589657ms] [ERROR] WebSocket connection to 'ws://localhost:5173/' failed: Error in connection establishment: net::ERR_CONNECTION_REFUSED @ http://localhost:5173/@vite/client:1034
[ 8590688ms] [ERROR] WebSocket connection to 'ws://localhost:5173/' failed: Error in connection establishment: net::ERR_CONNECTION_REFUSED @ http://localhost:5173/@vite/client:1034
[ 8591718ms] [ERROR] WebSocket connection to 'ws://localhost:5173/' failed: Error in connection establishment: net::ERR_CONNECTION_REFUSED @ http://localhost:5173/@vite/client:1034
[ 8592764ms] [ERROR] WebSocket connection to 'ws://localhost:5173/' failed: Error in connection establishment: net::ERR_CONNECTION_REFUSED @ http://localhost:5173/@vite/client:1034
[ 8593830ms] [ERROR] WebSocket connection to 'ws://localhost:5173/' failed: Error in connection establishment: net::ERR_CONNECTION_REFUSED @ http://localhost:5173/@vite/client:1034
[ 8594930ms] [ERROR] WebSocket connection to 'ws://localhost:5173/' failed: Error in connection establishment: net::ERR_CONNECTION_REFUSED @ http://localhost:5173/@vite/client:1034
[ 8596013ms] [ERROR] WebSocket connection to 'ws://localhost:5173/' failed: Error in connection establishment: net::ERR_CONNECTION_REFUSED @ http://localhost:5173/@vite/client:1034
[ 8597197ms] [ERROR] WebSocket connection to 'ws://localhost:5173/' failed: Error in connection establishment: net::ERR_CONNECTION_REFUSED @ http://localhost:5173/@vite/client:1034
[ 8598451ms] [ERROR] WebSocket connection to 'ws://localhost:5173/' failed: Error in connection establishment: net::ERR_CONNECTION_REFUSED @ http://localhost:5173/@vite/client:1034
[ 8600416ms] [ERROR] WebSocket connection to 'ws://localhost:5173/' failed: Error in connection establishment: net::ERR_CONNECTION_REFUSED @ http://localhost:5173/@vite/client:1034
[ 8603354ms] [ERROR] WebSocket connection to 'ws://localhost:5173/' failed: Error in connection establishment: net::ERR_CONNECTION_REFUSED @ http://localhost:5173/@vite/client:1034
[ 8608752ms] [ERROR] WebSocket connection to 'ws://localhost:5173/' failed: Error in connection establishment: net::ERR_CONNECTION_REFUSED @ http://localhost:5173/@vite/client:1034
[ 8612372ms] [ERROR] WebSocket connection to 'ws://localhost:5173/' failed: Error in connection establishment: net::ERR_CONNECTION_REFUSED @ http://localhost:5173/@vite/client:1034
[ 8615079ms] [ERROR] WebSocket connection to 'ws://localhost:5173/' failed: Error in connection establishment: net::ERR_CONNECTION_REFUSED @ http://localhost:5173/@vite/client:1034
[ 8619665ms] [ERROR] WebSocket connection to 'ws://localhost:5173/' failed: Error in connection establishment: net::ERR_CONNECTION_REFUSED @ http://localhost:5173/@vite/client:1034
[ 8631864ms] [ERROR] WebSocket connection to 'ws://localhost:5173/' failed: Error in connection establishment: net::ERR_CONNECTION_REFUSED @ http://localhost:5173/@vite/client:1034
[ 8634606ms] [ERROR] WebSocket connection to 'ws://localhost:5173/' failed: Error in connection establishment: net::ERR_CONNECTION_REFUSED @ http://localhost:5173/@vite/client:1034
[ 8640546ms] [ERROR] WebSocket connection to 'ws://localhost:5173/' failed: Error in connection establishment: net::ERR_CONNECTION_REFUSED @ http://localhost:5173/@vite/client:1034
[ 8643102ms] [ERROR] WebSocket connection to 'ws://localhost:5173/' failed: Error in connection establishment: net::ERR_CONNECTION_REFUSED @ http://localhost:5173/@vite/client:1034
[ 8647964ms] [ERROR] WebSocket connection to 'ws://localhost:5173/' failed: Error in connection establishment: net::ERR_CONNECTION_REFUSED @ http://localhost:5173/@vite/client:1034
[ 8650799ms] [ERROR] WebSocket connection to 'ws://localhost:5173/' failed: Error in connection establishment: net::ERR_CONNECTION_REFUSED @ http://localhost:5173/@vite/client:1034
[ 8656757ms] [ERROR] WebSocket connection to 'ws://localhost:5173/' failed: Error in connection establishment: net::ERR_CONNECTION_REFUSED @ http://localhost:5173/@vite/client:1034
[ 8775075ms] [ERROR] WebSocket connection to 'ws://localhost:5173/' failed: Error in connection establishment: net::ERR_CONNECTION_REFUSED @ http://localhost:5173/@vite/client:1034
[ 8780592ms] [ERROR] WebSocket connection to 'ws://localhost:5173/' failed: Error in connection establishment: net::ERR_CONNECTION_REFUSED @ http://localhost:5173/@vite/client:1034
[ 8783180ms] [ERROR] WebSocket connection to 'ws://localhost:5173/' failed: Error in connection establishment: net::ERR_CONNECTION_REFUSED @ http://localhost:5173/@vite/client:1034
[ 8785606ms] [ERROR] WebSocket connection to 'ws://localhost:5173/' failed: Error in connection establishment: net::ERR_CONNECTION_REFUSED @ http://localhost:5173/@vite/client:1034
[ 8788734ms] [ERROR] WebSocket connection to 'ws://localhost:5173/' failed: Error in connection establishment: net::ERR_CONNECTION_REFUSED @ http://localhost:5173/@vite/client:1034
[ 8794717ms] [ERROR] WebSocket connection to 'ws://localhost:5173/' failed: Error in connection establishment: net::ERR_CONNECTION_REFUSED @ http://localhost:5173/@vite/client:1034
[ 8799145ms] [ERROR] WebSocket connection to 'ws://localhost:5173/' failed: Error in connection establishment: net::ERR_CONNECTION_REFUSED @ http://localhost:5173/@vite/client:1034
[ 8804612ms] [ERROR] WebSocket connection to 'ws://localhost:5173/' failed: Error in connection establishment: net::ERR_CONNECTION_REFUSED @ http://localhost:5173/@vite/client:1034
[ 8807364ms] [ERROR] WebSocket connection to 'ws://localhost:5173/' failed: Error in connection establishment: net::ERR_CONNECTION_REFUSED @ http://localhost:5173/@vite/client:1034
[ 8809803ms] [ERROR] WebSocket connection to 'ws://localhost:5173/' failed: Error in connection establishment: net::ERR_CONNECTION_REFUSED @ http://localhost:5173/@vite/client:1034
[ 8815286ms] [ERROR] WebSocket connection to 'ws://localhost:5173/' failed: Error in connection establishment: net::ERR_CONNECTION_REFUSED @ http://localhost:5173/@vite/client:1034
[ 8817883ms] [ERROR] WebSocket connection to 'ws://localhost:5173/' failed: Error in connection establishment: net::ERR_CONNECTION_REFUSED @ http://localhost:5173/@vite/client:1034
[ 8954658ms] [ERROR] WebSocket connection to 'ws://localhost:5173/' failed: Error in connection establishment: net::ERR_CONNECTION_REFUSED @ http://localhost:5173/@vite/client:1034
[ 8957000ms] [ERROR] WebSocket connection to 'ws://localhost:5173/' failed: Error in connection establishment: net::ERR_CONNECTION_REFUSED @ http://localhost:5173/@vite/client:1034
[ 8962119ms] [ERROR] WebSocket connection to 'ws://localhost:5173/' failed: Error in connection establishment: net::ERR_CONNECTION_REFUSED @ http://localhost:5173/@vite/client:1034
[ 8965478ms] [ERROR] WebSocket connection to 'ws://localhost:5173/' failed: Error in connection establishment: net::ERR_CONNECTION_REFUSED @ http://localhost:5173/@vite/client:1034
[ 8970306ms] [ERROR] WebSocket connection to 'ws://localhost:5173/' failed: Error in connection establishment: net::ERR_CONNECTION_REFUSED @ http://localhost:5173/@vite/client:1034
[ 9246093ms] [ERROR] WebSocket connection to 'ws://localhost:5173/' failed: Error in connection establishment: net::ERR_CONNECTION_REFUSED @ http://localhost:5173/@vite/client:1034
[ 9250448ms] [ERROR] WebSocket connection to 'ws://localhost:5173/' failed: Error in connection establishment: net::ERR_CONNECTION_REFUSED @ http://localhost:5173/@vite/client:1034
[ 9252857ms] [ERROR] WebSocket connection to 'ws://localhost:5173/' failed: Error in connection establishment: net::ERR_CONNECTION_REFUSED @ http://localhost:5173/@vite/client:1034
[ 9256677ms] [ERROR] WebSocket connection to 'ws://localhost:5173/' failed: Error in connection establishment: net::ERR_CONNECTION_REFUSED @ http://localhost:5173/@vite/client:1034
[ 9261167ms] [ERROR] WebSocket connection to 'ws://localhost:5173/' failed: Error in connection establishment: net::ERR_CONNECTION_REFUSED @ http://localhost:5173/@vite/client:1034
[ 9264506ms] [ERROR] WebSocket connection to 'ws://localhost:5173/' failed: Error in connection establishment: net::ERR_CONNECTION_REFUSED @ http://localhost:5173/@vite/client:1034
[ 9267152ms] [ERROR] WebSocket connection to 'ws://localhost:5173/' failed: Error in connection establishment: net::ERR_CONNECTION_REFUSED @ http://localhost:5173/@vite/client:1034
[ 9270859ms] [ERROR] WebSocket connection to 'ws://localhost:5173/' failed: Error in connection establishment: net::ERR_CONNECTION_REFUSED @ http://localhost:5173/@vite/client:1034
[ 9272907ms] [ERROR] WebSocket connection to 'ws://localhost:5173/' failed: Error in connection establishment: net::ERR_CONNECTION_REFUSED @ http://localhost:5173/@vite/client:1034
[ 9375205ms] [ERROR] WebSocket connection to 'ws://localhost:5173/' failed: Error in connection establishment: net::ERR_CONNECTION_REFUSED @ http://localhost:5173/@vite/client:1034
[ 9381169ms] [ERROR] WebSocket connection to 'ws://localhost:5173/' failed: Error in connection establishment: net::ERR_CONNECTION_REFUSED @ http://localhost:5173/@vite/client:1034
[ 9384231ms] [ERROR] WebSocket connection to 'ws://localhost:5173/' failed: Error in connection establishment: net::ERR_CONNECTION_REFUSED @ http://localhost:5173/@vite/client:1034
[ 9386298ms] [ERROR] WebSocket connection to 'ws://localhost:5173/' failed: Error in connection establishment: net::ERR_CONNECTION_REFUSED @ http://localhost:5173/@vite/client:1034
[ 9391230ms] [ERROR] WebSocket connection to 'ws://localhost:5173/' failed: Error in connection establishment: net::ERR_CONNECTION_REFUSED @ http://localhost:5173/@vite/client:1034
[ 9396035ms] [ERROR] WebSocket connection to 'ws://localhost:5173/' failed: Error in connection establishment: net::ERR_CONNECTION_REFUSED @ http://localhost:5173/@vite/client:1034
[ 9399071ms] [ERROR] WebSocket connection to 'ws://localhost:5173/' failed: Error in connection establishment: net::ERR_CONNECTION_REFUSED @ http://localhost:5173/@vite/client:1034
[ 9402129ms] [ERROR] WebSocket connection to 'ws://localhost:5173/' failed: Error in connection establishment: net::ERR_CONNECTION_REFUSED @ http://localhost:5173/@vite/client:1034
[ 9407544ms] [ERROR] WebSocket connection to 'ws://localhost:5173/' failed: Error in connection establishment: net::ERR_CONNECTION_REFUSED @ http://localhost:5173/@vite/client:1034
[ 9410385ms] [ERROR] WebSocket connection to 'ws://localhost:5173/' failed: Error in connection establishment: net::ERR_CONNECTION_REFUSED @ http://localhost:5173/@vite/client:1034
[ 9415565ms] [ERROR] WebSocket connection to 'ws://localhost:5173/' failed: Error in connection establishment: net::ERR_CONNECTION_REFUSED @ http://localhost:5173/@vite/client:1034
[ 9419178ms] [ERROR] WebSocket connection to 'ws://localhost:5173/' failed: Error in connection establishment: net::ERR_CONNECTION_REFUSED @ http://localhost:5173/@vite/client:1034
[ 9422217ms] [ERROR] WebSocket connection to 'ws://localhost:5173/' failed: Error in connection establishment: net::ERR_CONNECTION_REFUSED @ http://localhost:5173/@vite/client:1034
[ 9427413ms] [ERROR] WebSocket connection to 'ws://localhost:5173/' failed: Error in connection establishment: net::ERR_CONNECTION_REFUSED @ http://localhost:5173/@vite/client:1034
[ 9490114ms] [ERROR] WebSocket connection to 'ws://localhost:5173/' failed: Error in connection establishment: net::ERR_CONNECTION_REFUSED @ http://localhost:5173/@vite/client:1034
[ 9493035ms] [ERROR] WebSocket connection to 'ws://localhost:5173/' failed: Error in connection establishment: net::ERR_CONNECTION_REFUSED @ http://localhost:5173/@vite/client:1034
[ 9498774ms] [ERROR] WebSocket connection to 'ws://localhost:5173/' failed: Error in connection establishment: net::ERR_CONNECTION_REFUSED @ http://localhost:5173/@vite/client:1034
[ 9502826ms] [ERROR] WebSocket connection to 'ws://localhost:5173/' failed: Error in connection establishment: net::ERR_CONNECTION_REFUSED @ http://localhost:5173/@vite/client:1034
[ 9507137ms] [ERROR] WebSocket connection to 'ws://localhost:5173/' failed: Error in connection establishment: net::ERR_CONNECTION_REFUSED @ http://localhost:5173/@vite/client:1034
[ 9740656ms] [ERROR] WebSocket connection to 'ws://localhost:5173/' failed: Error in connection establishment: net::ERR_CONNECTION_REFUSED @ http://localhost:5173/@vite/client:1034
[ 9743366ms] [ERROR] WebSocket connection to 'ws://localhost:5173/' failed: Error in connection establishment: net::ERR_CONNECTION_REFUSED @ http://localhost:5173/@vite/client:1034
[ 9746572ms] [ERROR] WebSocket connection to 'ws://localhost:5173/' failed: Error in connection establishment: net::ERR_CONNECTION_REFUSED @ http://localhost:5173/@vite/client:1034
[ 9751040ms] [ERROR] WebSocket connection to 'ws://localhost:5173/' failed: Error in connection establishment: net::ERR_CONNECTION_REFUSED @ http://localhost:5173/@vite/client:1034
[ 9755272ms] [ERROR] WebSocket connection to 'ws://localhost:5173/' failed: Error in connection establishment: net::ERR_CONNECTION_REFUSED @ http://localhost:5173/@vite/client:1034
[ 9785268ms] [ERROR] WebSocket connection to 'ws://localhost:5173/' failed: Error in connection establishment: net::ERR_CONNECTION_REFUSED @ http://localhost:5173/@vite/client:1034
[ 9790172ms] [ERROR] WebSocket connection to 'ws://localhost:5173/' failed: Error in connection establishment: net::ERR_CONNECTION_REFUSED @ http://localhost:5173/@vite/client:1034
[ 9795689ms] [ERROR] WebSocket connection to 'ws://localhost:5173/' failed: Error in connection establishment: net::ERR_CONNECTION_REFUSED @ http://localhost:5173/@vite/client:1034
[ 9800312ms] [ERROR] WebSocket connection to 'ws://localhost:5173/' failed: Error in connection establishment: net::ERR_CONNECTION_REFUSED @ http://localhost:5173/@vite/client:1034
[ 9806118ms] [ERROR] WebSocket connection to 'ws://localhost:5173/' failed: Error in connection establishment: net::ERR_CONNECTION_REFUSED @ http://localhost:5173/@vite/client:1034
[ 9895739ms] [ERROR] WebSocket connection to 'ws://localhost:5173/' failed: Error in connection establishment: net::ERR_CONNECTION_REFUSED @ http://localhost:5173/@vite/client:1034
[ 9897824ms] [ERROR] WebSocket connection to 'ws://localhost:5173/' failed: Error in connection establishment: net::ERR_CONNECTION_REFUSED @ http://localhost:5173/@vite/client:1034
[ 9901321ms] [ERROR] WebSocket connection to 'ws://localhost:5173/' failed: Error in connection establishment: net::ERR_CONNECTION_REFUSED @ http://localhost:5173/@vite/client:1034
[ 9906463ms] [ERROR] WebSocket connection to 'ws://localhost:5173/' failed: Error in connection establishment: net::ERR_CONNECTION_REFUSED @ http://localhost:5173/@vite/client:1034
[ 9974426ms] [ERROR] WebSocket connection to 'ws://localhost:5173/' failed: Error in connection establishment: net::ERR_CONNECTION_REFUSED @ http://localhost:5173/@vite/client:1034
[ 9978733ms] [ERROR] WebSocket connection to 'ws://localhost:5173/' failed: Error in connection establishment: net::ERR_CONNECTION_REFUSED @ http://localhost:5173/@vite/client:1034
[ 9980771ms] [ERROR] WebSocket connection to 'ws://localhost:5173/' failed: Error in connection establishment: net::ERR_CONNECTION_REFUSED @ http://localhost:5173/@vite/client:1034
[ 9982944ms] [ERROR] WebSocket connection to 'ws://localhost:5173/' failed: Error in connection establishment: net::ERR_CONNECTION_REFUSED @ http://localhost:5173/@vite/client:1034
[ 9985370ms] [ERROR] WebSocket connection to 'ws://localhost:5173/' failed: Error in connection establishment: net::ERR_CONNECTION_REFUSED @ http://localhost:5173/@vite/client:1034
[ 9987822ms] [ERROR] WebSocket connection to 'ws://localhost:5173/' failed: Error in connection establishment: net::ERR_CONNECTION_REFUSED @ http://localhost:5173/@vite/client:1034
[ 9991508ms] [ERROR] WebSocket connection to 'ws://localhost:5173/' failed: Error in connection establishment: net::ERR_CONNECTION_REFUSED @ http://localhost:5173/@vite/client:1034
[ 9995757ms] [ERROR] WebSocket connection to 'ws://localhost:5173/' failed: Error in connection establishment: net::ERR_CONNECTION_REFUSED @ http://localhost:5173/@vite/client:1034
[10001808ms] [ERROR] WebSocket connection to 'ws://localhost:5173/' failed: Error in connection establishment: net::ERR_CONNECTION_REFUSED @ http://localhost:5173/@vite/client:1034
[10006848ms] [ERROR] WebSocket connection to 'ws://localhost:5173/' failed: Error in connection establishment: net::ERR_CONNECTION_REFUSED @ http://localhost:5173/@vite/client:1034
[10012397ms] [ERROR] WebSocket connection to 'ws://localhost:5173/' failed: Error in connection establishment: net::ERR_CONNECTION_REFUSED @ http://localhost:5173/@vite/client:1034
[10016804ms] [ERROR] WebSocket connection to 'ws://localhost:5173/' failed: Error in connection establishment: net::ERR_CONNECTION_REFUSED @ http://localhost:5173/@vite/client:1034
[10021168ms] [ERROR] WebSocket connection to 'ws://localhost:5173/' failed: Error in connection establishment: net::ERR_CONNECTION_REFUSED @ http://localhost:5173/@vite/client:1034
[10026951ms] [ERROR] WebSocket connection to 'ws://localhost:5173/' failed: Error in connection establishment: net::ERR_CONNECTION_REFUSED @ http://localhost:5173/@vite/client:1034
[10030205ms] [ERROR] WebSocket connection to 'ws://localhost:5173/' failed: Error in connection establishment: net::ERR_CONNECTION_REFUSED @ http://localhost:5173/@vite/client:1034
[10045717ms] [ERROR] WebSocket connection to 'ws://localhost:5173/' failed: Error in connection establishment: net::ERR_CONNECTION_REFUSED @ http://localhost:5173/@vite/client:1034
[10051625ms] [ERROR] WebSocket connection to 'ws://localhost:5173/' failed: Error in connection establishment: net::ERR_CONNECTION_REFUSED @ http://localhost:5173/@vite/client:1034
[10055119ms] [ERROR] WebSocket connection to 'ws://localhost:5173/' failed: Error in connection establishment: net::ERR_CONNECTION_REFUSED @ http://localhost:5173/@vite/client:1034
[10058665ms] [ERROR] WebSocket connection to 'ws://localhost:5173/' failed: Error in connection establishment: net::ERR_CONNECTION_REFUSED @ http://localhost:5173/@vite/client:1034
[10257622ms] [ERROR] WebSocket connection to 'ws://localhost:5173/' failed: Error in connection establishment: net::ERR_CONNECTION_REFUSED @ http://localhost:5173/@vite/client:1034
[10260408ms] [ERROR] WebSocket connection to 'ws://localhost:5173/' failed: Error in connection establishment: net::ERR_CONNECTION_REFUSED @ http://localhost:5173/@vite/client:1034
[10265537ms] [ERROR] WebSocket connection to 'ws://localhost:5173/' failed: Error in connection establishment: net::ERR_CONNECTION_REFUSED @ http://localhost:5173/@vite/client:1034
[10267882ms] [ERROR] WebSocket connection to 'ws://localhost:5173/' failed: Error in connection establishment: net::ERR_CONNECTION_REFUSED @ http://localhost:5173/@vite/client:1034
[10273198ms] [ERROR] WebSocket connection to 'ws://localhost:5173/' failed: Error in connection establishment: net::ERR_CONNECTION_REFUSED @ http://localhost:5173/@vite/client:1034
[10339980ms] [ERROR] WebSocket connection to 'ws://localhost:5173/' failed: Error in connection establishment: net::ERR_CONNECTION_REFUSED @ http://localhost:5173/@vite/client:1034
[10343721ms] [ERROR] WebSocket connection to 'ws://localhost:5173/' failed: Error in connection establishment: net::ERR_CONNECTION_REFUSED @ http://localhost:5173/@vite/client:1034
[10346866ms] [ERROR] WebSocket connection to 'ws://localhost:5173/' failed: Error in connection establishment: net::ERR_CONNECTION_REFUSED @ http://localhost:5173/@vite/client:1034
[10350670ms] [ERROR] WebSocket connection to 'ws://localhost:5173/' failed: Error in connection establishment: net::ERR_CONNECTION_REFUSED @ http://localhost:5173/@vite/client:1034
[10386771ms] [ERROR] WebSocket connection to 'ws://localhost:5173/' failed: Error in connection establishment: net::ERR_CONNECTION_REFUSED @ http://localhost:5173/@vite/client:1034
[10389235ms] [ERROR] WebSocket connection to 'ws://localhost:5173/' failed: Error in connection establishment: net::ERR_CONNECTION_REFUSED @ http://localhost:5173/@vite/client:1034
[10393040ms] [ERROR] WebSocket connection to 'ws://localhost:5173/' failed: Error in connection establishment: net::ERR_CONNECTION_REFUSED @ http://localhost:5173/@vite/client:1034
[10395768ms] [ERROR] WebSocket connection to 'ws://localhost:5173/' failed: Error in connection establishment: net::ERR_CONNECTION_REFUSED @ http://localhost:5173/@vite/client:1034
[10400901ms] [ERROR] WebSocket connection to 'ws://localhost:5173/' failed: Error in connection establishment: net::ERR_CONNECTION_REFUSED @ http://localhost:5173/@vite/client:1034
[10403108ms] [ERROR] WebSocket connection to 'ws://localhost:5173/' failed: Error in connection establishment: net::ERR_CONNECTION_REFUSED @ http://localhost:5173/@vite/client:1034
[10406207ms] [ERROR] WebSocket connection to 'ws://localhost:5173/' failed: Error in connection establishment: net::ERR_CONNECTION_REFUSED @ http://localhost:5173/@vite/client:1034
[10417946ms] [ERROR] WebSocket connection to 'ws://localhost:5173/' failed: Error in connection establishment: net::ERR_CONNECTION_REFUSED @ http://localhost:5173/@vite/client:1034
[10420706ms] [ERROR] WebSocket connection to 'ws://localhost:5173/' failed: Error in connection establishment: net::ERR_CONNECTION_REFUSED @ http://localhost:5173/@vite/client:1034
[10425945ms] [ERROR] WebSocket connection to 'ws://localhost:5173/' failed: Error in connection establishment: net::ERR_CONNECTION_REFUSED @ http://localhost:5173/@vite/client:1034
[10429046ms] [ERROR] WebSocket connection to 'ws://localhost:5173/' failed: Error in connection establishment: net::ERR_CONNECTION_REFUSED @ http://localhost:5173/@vite/client:1034
[10431176ms] [ERROR] WebSocket connection to 'ws://localhost:5173/' failed: Error in connection establishment: net::ERR_CONNECTION_REFUSED @ http://localhost:5173/@vite/client:1034
[10436716ms] [ERROR] WebSocket connection to 'ws://localhost:5173/' failed: Error in connection establishment: net::ERR_CONNECTION_REFUSED @ http://localhost:5173/@vite/client:1034
[10442624ms] [ERROR] WebSocket connection to 'ws://localhost:5173/' failed: Error in connection establishment: net::ERR_CONNECTION_REFUSED @ http://localhost:5173/@vite/client:1034
[10445274ms] [ERROR] WebSocket connection to 'ws://localhost:5173/' failed: Error in connection establishment: net::ERR_CONNECTION_REFUSED @ http://localhost:5173/@vite/client:1034
[10446295ms] [ERROR] WebSocket connection to 'ws://localhost:5173/' failed: Error in connection establishment: net::ERR_CONNECTION_REFUSED @ http://localhost:5173/@vite/client:1034
[10447314ms] [ERROR] WebSocket connection to 'ws://localhost:5173/' failed: Error in connection establishment: net::ERR_CONNECTION_REFUSED @ http://localhost:5173/@vite/client:1034
[10448386ms] [ERROR] WebSocket connection to 'ws://localhost:5173/' failed: Error in connection establishment: net::ERR_CONNECTION_REFUSED @ http://localhost:5173/@vite/client:1034
[10449435ms] [ERROR] WebSocket connection to 'ws://localhost:5173/' failed: Error in connection establishment: net::ERR_CONNECTION_REFUSED @ http://localhost:5173/@vite/client:1034
[10450478ms] [ERROR] WebSocket connection to 'ws://localhost:5173/' failed: Error in connection establishment: net::ERR_CONNECTION_REFUSED @ http://localhost:5173/@vite/client:1034
[10451501ms] [ERROR] WebSocket connection to 'ws://localhost:5173/' failed: Error in connection establishment: net::ERR_CONNECTION_REFUSED @ http://localhost:5173/@vite/client:1034
[10452553ms] [ERROR] WebSocket connection to 'ws://localhost:5173/' failed: Error in connection establishment: net::ERR_CONNECTION_REFUSED @ http://localhost:5173/@vite/client:1034
[10453586ms] [ERROR] WebSocket connection to 'ws://localhost:5173/' failed: Error in connection establishment: net::ERR_CONNECTION_REFUSED @ http://localhost:5173/@vite/client:1034
[10454633ms] [ERROR] WebSocket connection to 'ws://localhost:5173/' failed: Error in connection establishment: net::ERR_CONNECTION_REFUSED @ http://localhost:5173/@vite/client:1034
[10455743ms] [ERROR] WebSocket connection to 'ws://localhost:5173/' failed: Error in connection establishment: net::ERR_CONNECTION_REFUSED @ http://localhost:5173/@vite/client:1034
[10456891ms] [ERROR] WebSocket connection to 'ws://localhost:5173/' failed: Error in connection establishment: net::ERR_CONNECTION_REFUSED @ http://localhost:5173/@vite/client:1034
[10458050ms] [ERROR] WebSocket connection to 'ws://localhost:5173/' failed: Error in connection establishment: net::ERR_CONNECTION_REFUSED @ http://localhost:5173/@vite/client:1034
[10459663ms] [ERROR] WebSocket connection to 'ws://localhost:5173/' failed: Error in connection establishment: net::ERR_CONNECTION_REFUSED @ http://localhost:5173/@vite/client:1034
[10461119ms] [ERROR] WebSocket connection to 'ws://localhost:5173/' failed: Error in connection establishment: net::ERR_CONNECTION_REFUSED @ http://localhost:5173/@vite/client:1034
[10464302ms] [ERROR] WebSocket connection to 'ws://localhost:5173/' failed: Error in connection establishment: net::ERR_CONNECTION_REFUSED @ http://localhost:5173/@vite/client:1034
[10467355ms] [ERROR] WebSocket connection to 'ws://localhost:5173/' failed: Error in connection establishment: net::ERR_CONNECTION_REFUSED @ http://localhost:5173/@vite/client:1034
[10471859ms] [ERROR] WebSocket connection to 'ws://localhost:5173/' failed: Error in connection establishment: net::ERR_CONNECTION_REFUSED @ http://localhost:5173/@vite/client:1034
[10474402ms] [ERROR] WebSocket connection to 'ws://localhost:5173/' failed: Error in connection establishment: net::ERR_CONNECTION_REFUSED @ http://localhost:5173/@vite/client:1034
[10477835ms] [ERROR] WebSocket connection to 'ws://localhost:5173/' failed: Error in connection establishment: net::ERR_CONNECTION_REFUSED @ http://localhost:5173/@vite/client:1034
[10483193ms] [ERROR] WebSocket connection to 'ws://localhost:5173/' failed: Error in connection establishment: net::ERR_CONNECTION_REFUSED @ http://localhost:5173/@vite/client:1034
[10485922ms] [ERROR] WebSocket connection to 'ws://localhost:5173/' failed: Error in connection establishment: net::ERR_CONNECTION_REFUSED @ http://localhost:5173/@vite/client:1034
[10490576ms] [ERROR] WebSocket connection to 'ws://localhost:5173/' failed: Error in connection establishment: net::ERR_CONNECTION_REFUSED @ http://localhost:5173/@vite/client:1034
[10515525ms] [ERROR] WebSocket connection to 'ws://localhost:5173/' failed: Error in connection establishment: net::ERR_CONNECTION_REFUSED @ http://localhost:5173/@vite/client:1034
[10519706ms] [ERROR] WebSocket connection to 'ws://localhost:5173/' failed: Error in connection establishment: net::ERR_CONNECTION_REFUSED @ http://localhost:5173/@vite/client:1034
[10521911ms] [ERROR] WebSocket connection to 'ws://localhost:5173/' failed: Error in connection establishment: net::ERR_CONNECTION_REFUSED @ http://localhost:5173/@vite/client:1034
[10527621ms] [ERROR] WebSocket connection to 'ws://localhost:5173/' failed: Error in connection establishment: net::ERR_CONNECTION_REFUSED @ http://localhost:5173/@vite/client:1034
[10533212ms] [ERROR] WebSocket connection to 'ws://localhost:5173/' failed: Error in connection establishment: net::ERR_CONNECTION_REFUSED @ http://localhost:5173/@vite/client:1034
[10536773ms] [ERROR] WebSocket connection to 'ws://localhost:5173/' failed: Error in connection establishment: net::ERR_CONNECTION_REFUSED @ http://localhost:5173/@vite/client:1034
[10541645ms] [ERROR] WebSocket connection to 'ws://localhost:5173/' failed: Error in connection establishment: net::ERR_CONNECTION_REFUSED @ http://localhost:5173/@vite/client:1034
[10545647ms] [ERROR] WebSocket connection to 'ws://localhost:5173/' failed: Error in connection establishment: net::ERR_CONNECTION_REFUSED @ http://localhost:5173/@vite/client:1034
[10549045ms] [ERROR] WebSocket connection to 'ws://localhost:5173/' failed: Error in connection establishment: net::ERR_CONNECTION_REFUSED @ http://localhost:5173/@vite/client:1034
[10551851ms] [ERROR] WebSocket connection to 'ws://localhost:5173/' failed: Error in connection establishment: net::ERR_CONNECTION_REFUSED @ http://localhost:5173/@vite/client:1034
[10576201ms] [ERROR] WebSocket connection to 'ws://localhost:5173/' failed: Error in connection establishment: net::ERR_CONNECTION_REFUSED @ http://localhost:5173/@vite/client:1034
[10579235ms] [ERROR] WebSocket connection to 'ws://localhost:5173/' failed: Error in connection establishment: net::ERR_CONNECTION_REFUSED @ http://localhost:5173/@vite/client:1034
[10581627ms] [ERROR] WebSocket connection to 'ws://localhost:5173/' failed: Error in connection establishment: net::ERR_CONNECTION_REFUSED @ http://localhost:5173/@vite/client:1034
[10584862ms] [ERROR] WebSocket connection to 'ws://localhost:5173/' failed: Error in connection establishment: net::ERR_CONNECTION_REFUSED @ http://localhost:5173/@vite/client:1034
[10588853ms] [ERROR] WebSocket connection to 'ws://localhost:5173/' failed: Error in connection establishment: net::ERR_CONNECTION_REFUSED @ http://localhost:5173/@vite/client:1034
[10592592ms] [ERROR] WebSocket connection to 'ws://localhost:5173/' failed: Error in connection establishment: net::ERR_CONNECTION_REFUSED @ http://localhost:5173/@vite/client:1034
[10596137ms] [ERROR] WebSocket connection to 'ws://localhost:5173/' failed: Error in connection establishment: net::ERR_CONNECTION_REFUSED @ http://localhost:5173/@vite/client:1034
[10600731ms] [ERROR] WebSocket connection to 'ws://localhost:5173/' failed: Error in connection establishment: net::ERR_CONNECTION_REFUSED @ http://localhost:5173/@vite/client:1034
[10605262ms] [ERROR] WebSocket connection to 'ws://localhost:5173/' failed: Error in connection establishment: net::ERR_CONNECTION_REFUSED @ http://localhost:5173/@vite/client:1034
[10606282ms] [ERROR] WebSocket connection to 'ws://localhost:5173/' failed: Error in connection establishment: net::ERR_CONNECTION_REFUSED @ http://localhost:5173/@vite/client:1034
[10607309ms] [ERROR] WebSocket connection to 'ws://localhost:5173/' failed: Error in connection establishment: net::ERR_CONNECTION_REFUSED @ http://localhost:5173/@vite/client:1034
[10608340ms] [ERROR] WebSocket connection to 'ws://localhost:5173/' failed: Error in connection establishment: net::ERR_CONNECTION_REFUSED @ http://localhost:5173/@vite/client:1034
[10609371ms] [ERROR] WebSocket connection to 'ws://localhost:5173/' failed: Error in connection establishment: net::ERR_CONNECTION_REFUSED @ http://localhost:5173/@vite/client:1034
[10610415ms] [ERROR] WebSocket connection to 'ws://localhost:5173/' failed: Error in connection establishment: net::ERR_CONNECTION_REFUSED @ http://localhost:5173/@vite/client:1034
[10611438ms] [ERROR] WebSocket connection to 'ws://localhost:5173/' failed: Error in connection establishment: net::ERR_CONNECTION_REFUSED @ http://localhost:5173/@vite/client:1034
[10612495ms] [ERROR] WebSocket connection to 'ws://localhost:5173/' failed: Error in connection establishment: net::ERR_CONNECTION_REFUSED @ http://localhost:5173/@vite/client:1034
[10613561ms] [ERROR] WebSocket connection to 'ws://localhost:5173/' failed: Error in connection establishment: net::ERR_CONNECTION_REFUSED @ http://localhost:5173/@vite/client:1034
[10614604ms] [ERROR] WebSocket connection to 'ws://localhost:5173/' failed: Error in connection establishment: net::ERR_CONNECTION_REFUSED @ http://localhost:5173/@vite/client:1034
[10615661ms] [ERROR] WebSocket connection to 'ws://localhost:5173/' failed: Error in connection establishment: net::ERR_CONNECTION_REFUSED @ http://localhost:5173/@vite/client:1034
[10616752ms] [ERROR] WebSocket connection to 'ws://localhost:5173/' failed: Error in connection establishment: net::ERR_CONNECTION_REFUSED @ http://localhost:5173/@vite/client:1034
[10617914ms] [ERROR] WebSocket connection to 'ws://localhost:5173/' failed: Error in connection establishment: net::ERR_CONNECTION_REFUSED @ http://localhost:5173/@vite/client:1034
[10619102ms] [ERROR] WebSocket connection to 'ws://localhost:5173/' failed: Error in connection establishment: net::ERR_CONNECTION_REFUSED @ http://localhost:5173/@vite/client:1034
[10620926ms] [ERROR] WebSocket connection to 'ws://localhost:5173/' failed: Error in connection establishment: net::ERR_CONNECTION_REFUSED @ http://localhost:5173/@vite/client:1034
[10623261ms] [ERROR] WebSocket connection to 'ws://localhost:5173/' failed: Error in connection establishment: net::ERR_CONNECTION_REFUSED @ http://localhost:5173/@vite/client:1034
[10629076ms] [ERROR] WebSocket connection to 'ws://localhost:5173/' failed: Error in connection establishment: net::ERR_CONNECTION_REFUSED @ http://localhost:5173/@vite/client:1034
[10634491ms] [ERROR] WebSocket connection to 'ws://localhost:5173/' failed: Error in connection establishment: net::ERR_CONNECTION_REFUSED @ http://localhost:5173/@vite/client:1034
[10749099ms] [ERROR] WebSocket connection to 'ws://localhost:5173/' failed: Error in connection establishment: net::ERR_CONNECTION_REFUSED @ http://localhost:5173/@vite/client:1034
[10754180ms] [ERROR] WebSocket connection to 'ws://localhost:5173/' failed: Error in connection establishment: net::ERR_CONNECTION_REFUSED @ http://localhost:5173/@vite/client:1034
[10757992ms] [ERROR] WebSocket connection to 'ws://localhost:5173/' failed: Error in connection establishment: net::ERR_CONNECTION_REFUSED @ http://localhost:5173/@vite/client:1034
[10762407ms] [ERROR] WebSocket connection to 'ws://localhost:5173/' failed: Error in connection establishment: net::ERR_CONNECTION_REFUSED @ http://localhost:5173/@vite/client:1034
[10768085ms] [ERROR] WebSocket connection to 'ws://localhost:5173/' failed: Error in connection establishment: net::ERR_CONNECTION_REFUSED @ http://localhost:5173/@vite/client:1034
[10773964ms] [ERROR] WebSocket connection to 'ws://localhost:5173/' failed: Error in connection establishment: net::ERR_CONNECTION_REFUSED @ http://localhost:5173/@vite/client:1034
[10778938ms] [ERROR] WebSocket connection to 'ws://localhost:5173/' failed: Error in connection establishment: net::ERR_CONNECTION_REFUSED @ http://localhost:5173/@vite/client:1034
[10784349ms] [ERROR] WebSocket connection to 'ws://localhost:5173/' failed: Error in connection establishment: net::ERR_CONNECTION_REFUSED @ http://localhost:5173/@vite/client:1034
[10842698ms] [ERROR] WebSocket connection to 'ws://localhost:5173/' failed: Error in connection establishment: net::ERR_CONNECTION_REFUSED @ http://localhost:5173/@vite/client:1034
[10846416ms] [ERROR] WebSocket connection to 'ws://localhost:5173/' failed: Error in connection establishment: net::ERR_CONNECTION_REFUSED @ http://localhost:5173/@vite/client:1034
[10852321ms] [ERROR] WebSocket connection to 'ws://localhost:5173/' failed: Error in connection establishment: net::ERR_CONNECTION_REFUSED @ http://localhost:5173/@vite/client:1034
[10857693ms] [ERROR] WebSocket connection to 'ws://localhost:5173/' failed: Error in connection establishment: net::ERR_CONNECTION_REFUSED @ http://localhost:5173/@vite/client:1034
[10861285ms] [ERROR] WebSocket connection to 'ws://localhost:5173/' failed: Error in connection establishment: net::ERR_CONNECTION_REFUSED @ http://localhost:5173/@vite/client:1034
[10874299ms] [ERROR] WebSocket connection to 'ws://localhost:5173/' failed: Error in connection establishment: net::ERR_CONNECTION_REFUSED @ http://localhost:5173/@vite/client:1034
[10876463ms] [ERROR] WebSocket connection to 'ws://localhost:5173/' failed: Error in connection establishment: net::ERR_CONNECTION_REFUSED @ http://localhost:5173/@vite/client:1034
[10881450ms] [ERROR] WebSocket connection to 'ws://localhost:5173/' failed: Error in connection establishment: net::ERR_CONNECTION_REFUSED @ http://localhost:5173/@vite/client:1034
[10885092ms] [ERROR] WebSocket connection to 'ws://localhost:5173/' failed: Error in connection establishment: net::ERR_CONNECTION_REFUSED @ http://localhost:5173/@vite/client:1034
[10887541ms] [ERROR] WebSocket connection to 'ws://localhost:5173/' failed: Error in connection establishment: net::ERR_CONNECTION_REFUSED @ http://localhost:5173/@vite/client:1034
[10891644ms] [ERROR] WebSocket connection to 'ws://localhost:5173/' failed: Error in connection establishment: net::ERR_CONNECTION_REFUSED @ http://localhost:5173/@vite/client:1034
[10895335ms] [ERROR] WebSocket connection to 'ws://localhost:5173/' failed: Error in connection establishment: net::ERR_CONNECTION_REFUSED @ http://localhost:5173/@vite/client:1034
[10900449ms] [ERROR] WebSocket connection to 'ws://localhost:5173/' failed: Error in connection establishment: net::ERR_CONNECTION_REFUSED @ http://localhost:5173/@vite/client:1034
[10903386ms] [ERROR] WebSocket connection to 'ws://localhost:5173/' failed: Error in connection establishment: net::ERR_CONNECTION_REFUSED @ http://localhost:5173/@vite/client:1034
[10908867ms] [ERROR] WebSocket connection to 'ws://localhost:5173/' failed: Error in connection establishment: net::ERR_CONNECTION_REFUSED @ http://localhost:5173/@vite/client:1034
[10925142ms] [ERROR] WebSocket connection to 'ws://localhost:5173/' failed: Error in connection establishment: net::ERR_CONNECTION_REFUSED @ http://localhost:5173/@vite/client:1034
[10927182ms] [ERROR] WebSocket connection to 'ws://localhost:5173/' failed: Error in connection establishment: net::ERR_CONNECTION_REFUSED @ http://localhost:5173/@vite/client:1034
[10930655ms] [ERROR] WebSocket connection to 'ws://localhost:5173/' failed: Error in connection establishment: net::ERR_CONNECTION_REFUSED @ http://localhost:5173/@vite/client:1034
[10936247ms] [ERROR] WebSocket connection to 'ws://localhost:5173/' failed: Error in connection establishment: net::ERR_CONNECTION_REFUSED @ http://localhost:5173/@vite/client:1034
[10941263ms] [ERROR] WebSocket connection to 'ws://localhost:5173/' failed: Error in connection establishment: net::ERR_CONNECTION_REFUSED @ http://localhost:5173/@vite/client:1034
[10946656ms] [ERROR] WebSocket connection to 'ws://localhost:5173/' failed: Error in connection establishment: net::ERR_CONNECTION_REFUSED @ http://localhost:5173/@vite/client:1034
[10951186ms] [ERROR] WebSocket connection to 'ws://localhost:5173/' failed: Error in connection establishment: net::ERR_CONNECTION_REFUSED @ http://localhost:5173/@vite/client:1034
[10955876ms] [ERROR] WebSocket connection to 'ws://localhost:5173/' failed: Error in connection establishment: net::ERR_CONNECTION_REFUSED @ http://localhost:5173/@vite/client:1034
[10960299ms] [ERROR] WebSocket connection to 'ws://localhost:5173/' failed: Error in connection establishment: net::ERR_CONNECTION_REFUSED @ http://localhost:5173/@vite/client:1034
[10965277ms] [ERROR] WebSocket connection to 'ws://localhost:5173/' failed: Error in connection establishment: net::ERR_CONNECTION_REFUSED @ http://localhost:5173/@vite/client:1034
[10970906ms] [ERROR] WebSocket connection to 'ws://localhost:5173/' failed: Error in connection establishment: net::ERR_CONNECTION_REFUSED @ http://localhost:5173/@vite/client:1034
[10976106ms] [ERROR] WebSocket connection to 'ws://localhost:5173/' failed: Error in connection establishment: net::ERR_CONNECTION_REFUSED @ http://localhost:5173/@vite/client:1034
[10982129ms] [ERROR] WebSocket connection to 'ws://localhost:5173/' failed: Error in connection establishment: net::ERR_CONNECTION_REFUSED @ http://localhost:5173/@vite/client:1034
[10987199ms] [ERROR] WebSocket connection to 'ws://localhost:5173/' failed: Error in connection establishment: net::ERR_CONNECTION_REFUSED @ http://localhost:5173/@vite/client:1034
[11058949ms] [ERROR] WebSocket connection to 'ws://localhost:5173/' failed: Error in connection establishment: net::ERR_CONNECTION_REFUSED @ http://localhost:5173/@vite/client:1034
[11064401ms] [ERROR] WebSocket connection to 'ws://localhost:5173/' failed: Error in connection establishment: net::ERR_CONNECTION_REFUSED @ http://localhost:5173/@vite/client:1034
[11066799ms] [ERROR] WebSocket connection to 'ws://localhost:5173/' failed: Error in connection establishment: net::ERR_CONNECTION_REFUSED @ http://localhost:5173/@vite/client:1034
[11070016ms] [ERROR] WebSocket connection to 'ws://localhost:5173/' failed: Error in connection establishment: net::ERR_CONNECTION_REFUSED @ http://localhost:5173/@vite/client:1034
[11072480ms] [ERROR] WebSocket connection to 'ws://localhost:5173/' failed: Error in connection establishment: net::ERR_CONNECTION_REFUSED @ http://localhost:5173/@vite/client:1034
[11176634ms] [ERROR] WebSocket connection to 'ws://localhost:5173/' failed: Error in connection establishment: net::ERR_CONNECTION_REFUSED @ http://localhost:5173/@vite/client:1034
[11179752ms] [ERROR] WebSocket connection to 'ws://localhost:5173/' failed: Error in connection establishment: net::ERR_CONNECTION_REFUSED @ http://localhost:5173/@vite/client:1034
[11185221ms] [ERROR] WebSocket connection to 'ws://localhost:5173/' failed: Error in connection establishment: net::ERR_CONNECTION_REFUSED @ http://localhost:5173/@vite/client:1034
[11188961ms] [ERROR] WebSocket connection to 'ws://localhost:5173/' failed: Error in connection establishment: net::ERR_CONNECTION_REFUSED @ http://localhost:5173/@vite/client:1034
[11194102ms] [ERROR] WebSocket connection to 'ws://localhost:5173/' failed: Error in connection establishment: net::ERR_CONNECTION_REFUSED @ http://localhost:5173/@vite/client:1034
[11199039ms] [ERROR] WebSocket connection to 'ws://localhost:5173/' failed: Error in connection establishment: net::ERR_CONNECTION_REFUSED @ http://localhost:5173/@vite/client:1034
[11203499ms] [ERROR] WebSocket connection to 'ws://localhost:5173/' failed: Error in connection establishment: net::ERR_CONNECTION_REFUSED @ http://localhost:5173/@vite/client:1034
[11206364ms] [ERROR] WebSocket connection to 'ws://localhost:5173/' failed: Error in connection establishment: net::ERR_CONNECTION_REFUSED @ http://localhost:5173/@vite/client:1034
[11211615ms] [ERROR] WebSocket connection to 'ws://localhost:5173/' failed: Error in connection establishment: net::ERR_CONNECTION_REFUSED @ http://localhost:5173/@vite/client:1034
[11214021ms] [ERROR] WebSocket connection to 'ws://localhost:5173/' failed: Error in connection establishment: net::ERR_CONNECTION_REFUSED @ http://localhost:5173/@vite/client:1034
[11217646ms] [ERROR] WebSocket connection to 'ws://localhost:5173/' failed: Error in connection establishment: net::ERR_CONNECTION_REFUSED @ http://localhost:5173/@vite/client:1034
[11220126ms] [ERROR] WebSocket connection to 'ws://localhost:5173/' failed: Error in connection establishment: net::ERR_CONNECTION_REFUSED @ http://localhost:5173/@vite/client:1034
[11224848ms] [ERROR] WebSocket connection to 'ws://localhost:5173/' failed: Error in connection establishment: net::ERR_CONNECTION_REFUSED @ http://localhost:5173/@vite/client:1034
[11227906ms] [ERROR] WebSocket connection to 'ws://localhost:5173/' failed: Error in connection establishment: net::ERR_CONNECTION_REFUSED @ http://localhost:5173/@vite/client:1034
[11232133ms] [ERROR] WebSocket connection to 'ws://localhost:5173/' failed: Error in connection establishment: net::ERR_CONNECTION_REFUSED @ http://localhost:5173/@vite/client:1034
[11349068ms] [ERROR] WebSocket connection to 'ws://localhost:5173/' failed: Error in connection establishment: net::ERR_CONNECTION_REFUSED @ http://localhost:5173/@vite/client:1034
[11351410ms] [ERROR] WebSocket connection to 'ws://localhost:5173/' failed: Error in connection establishment: net::ERR_CONNECTION_REFUSED @ http://localhost:5173/@vite/client:1034
[11354649ms] [ERROR] WebSocket connection to 'ws://localhost:5173/' failed: Error in connection establishment: net::ERR_CONNECTION_REFUSED @ http://localhost:5173/@vite/client:1034
[11359033ms] [ERROR] WebSocket connection to 'ws://localhost:5173/' failed: Error in connection establishment: net::ERR_CONNECTION_REFUSED @ http://localhost:5173/@vite/client:1034
[11363414ms] [ERROR] WebSocket connection to 'ws://localhost:5173/' failed: Error in connection establishment: net::ERR_CONNECTION_REFUSED @ http://localhost:5173/@vite/client:1034
[11368280ms] [ERROR] WebSocket connection to 'ws://localhost:5173/' failed: Error in connection establishment: net::ERR_CONNECTION_REFUSED @ http://localhost:5173/@vite/client:1034
[11420895ms] [ERROR] WebSocket connection to 'ws://localhost:5173/' failed: Error in connection establishment: net::ERR_CONNECTION_REFUSED @ http://localhost:5173/@vite/client:1034
[11422983ms] [ERROR] WebSocket connection to 'ws://localhost:5173/' failed: Error in connection establishment: net::ERR_CONNECTION_REFUSED @ http://localhost:5173/@vite/client:1034
[11427016ms] [ERROR] WebSocket connection to 'ws://localhost:5173/' failed: Error in connection establishment: net::ERR_CONNECTION_REFUSED @ http://localhost:5173/@vite/client:1034
[11429043ms] [ERROR] WebSocket connection to 'ws://localhost:5173/' failed: Error in connection establishment: net::ERR_CONNECTION_REFUSED @ http://localhost:5173/@vite/client:1034
[11431873ms] [ERROR] WebSocket connection to 'ws://localhost:5173/' failed: Error in connection establishment: net::ERR_CONNECTION_REFUSED @ http://localhost:5173/@vite/client:1034
[11436821ms] [ERROR] WebSocket connection to 'ws://localhost:5173/' failed: Error in connection establishment: net::ERR_CONNECTION_REFUSED @ http://localhost:5173/@vite/client:1034
[11440755ms] [ERROR] WebSocket connection to 'ws://localhost:5173/' failed: Error in connection establishment: net::ERR_CONNECTION_REFUSED @ http://localhost:5173/@vite/client:1034
[11510718ms] [ERROR] WebSocket connection to 'ws://localhost:5173/' failed: Error in connection establishment: net::ERR_CONNECTION_REFUSED @ http://localhost:5173/@vite/client:1034
[11512960ms] [ERROR] WebSocket connection to 'ws://localhost:5173/' failed: Error in connection establishment: net::ERR_CONNECTION_REFUSED @ http://localhost:5173/@vite/client:1034
[11516188ms] [ERROR] WebSocket connection to 'ws://localhost:5173/' failed: Error in connection establishment: net::ERR_CONNECTION_REFUSED @ http://localhost:5173/@vite/client:1034
[11519998ms] [ERROR] WebSocket connection to 'ws://localhost:5173/' failed: Error in connection establishment: net::ERR_CONNECTION_REFUSED @ http://localhost:5173/@vite/client:1034
[11522094ms] [ERROR] WebSocket connection to 'ws://localhost:5173/' failed: Error in connection establishment: net::ERR_CONNECTION_REFUSED @ http://localhost:5173/@vite/client:1034
[11527433ms] [ERROR] WebSocket connection to 'ws://localhost:5173/' failed: Error in connection establishment: net::ERR_CONNECTION_REFUSED @ http://localhost:5173/@vite/client:1034
[11593048ms] [ERROR] WebSocket connection to 'ws://localhost:5173/' failed: Error in connection establishment: net::ERR_CONNECTION_REFUSED @ http://localhost:5173/@vite/client:1034
[11596164ms] [ERROR] WebSocket connection to 'ws://localhost:5173/' failed: Error in connection establishment: net::ERR_CONNECTION_REFUSED @ http://localhost:5173/@vite/client:1034
[11600326ms] [ERROR] WebSocket connection to 'ws://localhost:5173/' failed: Error in connection establishment: net::ERR_CONNECTION_REFUSED @ http://localhost:5173/@vite/client:1034
[11602774ms] [ERROR] WebSocket connection to 'ws://localhost:5173/' failed: Error in connection establishment: net::ERR_CONNECTION_REFUSED @ http://localhost:5173/@vite/client:1034
[11608488ms] [ERROR] WebSocket connection to 'ws://localhost:5173/' failed: Error in connection establishment: net::ERR_CONNECTION_REFUSED @ http://localhost:5173/@vite/client:1034
[11611874ms] [ERROR] WebSocket connection to 'ws://localhost:5173/' failed: Error in connection establishment: net::ERR_CONNECTION_REFUSED @ http://localhost:5173/@vite/client:1034
[11654827ms] [ERROR] WebSocket connection to 'ws://localhost:5173/' failed: Error in connection establishment: net::ERR_CONNECTION_REFUSED @ http://localhost:5173/@vite/client:1034
[11660443ms] [ERROR] WebSocket connection to 'ws://localhost:5173/' failed: Error in connection establishment: net::ERR_CONNECTION_REFUSED @ http://localhost:5173/@vite/client:1034
[11665878ms] [ERROR] WebSocket connection to 'ws://localhost:5173/' failed: Error in connection establishment: net::ERR_CONNECTION_REFUSED @ http://localhost:5173/@vite/client:1034
[11671487ms] [ERROR] WebSocket connection to 'ws://localhost:5173/' failed: Error in connection establishment: net::ERR_CONNECTION_REFUSED @ http://localhost:5173/@vite/client:1034
[11777319ms] [ERROR] WebSocket connection to 'ws://localhost:5173/' failed: Error in connection establishment: net::ERR_CONNECTION_REFUSED @ http://localhost:5173/@vite/client:1034
[11782046ms] [ERROR] WebSocket connection to 'ws://localhost:5173/' failed: Error in connection establishment: net::ERR_CONNECTION_REFUSED @ http://localhost:5173/@vite/client:1034
[11786031ms] [ERROR] WebSocket connection to 'ws://localhost:5173/' failed: Error in connection establishment: net::ERR_CONNECTION_REFUSED @ http://localhost:5173/@vite/client:1034
[11789609ms] [ERROR] WebSocket connection to 'ws://localhost:5173/' failed: Error in connection establishment: net::ERR_CONNECTION_REFUSED @ http://localhost:5173/@vite/client:1034
[11795533ms] [ERROR] WebSocket connection to 'ws://localhost:5173/' failed: Error in connection establishment: net::ERR_CONNECTION_REFUSED @ http://localhost:5173/@vite/client:1034
[11800368ms] [ERROR] WebSocket connection to 'ws://localhost:5173/' failed: Error in connection establishment: net::ERR_CONNECTION_REFUSED @ http://localhost:5173/@vite/client:1034
[11804429ms] [ERROR] WebSocket connection to 'ws://localhost:5173/' failed: Error in connection establishment: net::ERR_CONNECTION_REFUSED @ http://localhost:5173/@vite/client:1034
[11809209ms] [ERROR] WebSocket connection to 'ws://localhost:5173/' failed: Error in connection establishment: net::ERR_CONNECTION_REFUSED @ http://localhost:5173/@vite/client:1034
[11812021ms] [ERROR] WebSocket connection to 'ws://localhost:5173/' failed: Error in connection establishment: net::ERR_CONNECTION_REFUSED @ http://localhost:5173/@vite/client:1034
[11816227ms] [ERROR] WebSocket connection to 'ws://localhost:5173/' failed: Error in connection establishment: net::ERR_CONNECTION_REFUSED @ http://localhost:5173/@vite/client:1034
[11820328ms] [ERROR] WebSocket connection to 'ws://localhost:5173/' failed: Error in connection establishment: net::ERR_CONNECTION_REFUSED @ http://localhost:5173/@vite/client:1034
[11824562ms] [ERROR] WebSocket connection to 'ws://localhost:5173/' failed: Error in connection establishment: net::ERR_CONNECTION_REFUSED @ http://localhost:5173/@vite/client:1034
[11830273ms] [ERROR] WebSocket connection to 'ws://localhost:5173/' failed: Error in connection establishment: net::ERR_CONNECTION_REFUSED @ http://localhost:5173/@vite/client:1034
[11988664ms] [ERROR] WebSocket connection to 'ws://localhost:5173/' failed: Error in connection establishment: net::ERR_CONNECTION_REFUSED @ http://localhost:5173/@vite/client:1034
[11994413ms] [ERROR] WebSocket connection to 'ws://localhost:5173/' failed: Error in connection establishment: net::ERR_CONNECTION_REFUSED @ http://localhost:5173/@vite/client:1034
[11996916ms] [ERROR] WebSocket connection to 'ws://localhost:5173/' failed: Error in connection establishment: net::ERR_CONNECTION_REFUSED @ http://localhost:5173/@vite/client:1034
[11999477ms] [ERROR] WebSocket connection to 'ws://localhost:5173/' failed: Error in connection establishment: net::ERR_CONNECTION_REFUSED @ http://localhost:5173/@vite/client:1034
[12002273ms] [ERROR] WebSocket connection to 'ws://localhost:5173/' failed: Error in connection establishment: net::ERR_CONNECTION_REFUSED @ http://localhost:5173/@vite/client:1034
[12120162ms] [ERROR] WebSocket connection to 'ws://localhost:5173/' failed: Error in connection establishment: net::ERR_CONNECTION_REFUSED @ http://localhost:5173/@vite/client:1034
[12122828ms] [ERROR] WebSocket connection to 'ws://localhost:5173/' failed: Error in connection establishment: net::ERR_CONNECTION_REFUSED @ http://localhost:5173/@vite/client:1034
[12126296ms] [ERROR] WebSocket connection to 'ws://localhost:5173/' failed: Error in connection establishment: net::ERR_CONNECTION_REFUSED @ http://localhost:5173/@vite/client:1034
[12127300ms] [ERROR] WebSocket connection to 'ws://localhost:5173/' failed: Error in connection establishment: net::ERR_CONNECTION_REFUSED @ http://localhost:5173/@vite/client:1034
[12128303ms] [ERROR] WebSocket connection to 'ws://localhost:5173/' failed: Error in connection establishment: net::ERR_CONNECTION_REFUSED @ http://localhost:5173/@vite/client:1034
[12129307ms] [ERROR] WebSocket connection to 'ws://localhost:5173/' failed: Error in connection establishment: net::ERR_CONNECTION_REFUSED @ http://localhost:5173/@vite/client:1034
[12130314ms] [ERROR] WebSocket connection to 'ws://localhost:5173/' failed: Error in connection establishment: net::ERR_CONNECTION_REFUSED @ http://localhost:5173/@vite/client:1034
[12131320ms] [ERROR] WebSocket connection to 'ws://localhost:5173/' failed: Error in connection establishment: net::ERR_CONNECTION_REFUSED @ http://localhost:5173/@vite/client:1034
[12132326ms] [ERROR] WebSocket connection to 'ws://localhost:5173/' failed: Error in connection establishment: net::ERR_CONNECTION_REFUSED @ http://localhost:5173/@vite/client:1034
[12133338ms] [ERROR] WebSocket connection to 'ws://localhost:5173/' failed: Error in connection establishment: net::ERR_CONNECTION_REFUSED @ http://localhost:5173/@vite/client:1034
[12134363ms] [ERROR] WebSocket connection to 'ws://localhost:5173/' failed: Error in connection establishment: net::ERR_CONNECTION_REFUSED @ http://localhost:5173/@vite/client:1034
[12135403ms] [ERROR] WebSocket connection to 'ws://localhost:5173/' failed: Error in connection establishment: net::ERR_CONNECTION_REFUSED @ http://localhost:5173/@vite/client:1034
[12136449ms] [ERROR] WebSocket connection to 'ws://localhost:5173/' failed: Error in connection establishment: net::ERR_CONNECTION_REFUSED @ http://localhost:5173/@vite/client:1034
[12137516ms] [ERROR] WebSocket connection to 'ws://localhost:5173/' failed: Error in connection establishment: net::ERR_CONNECTION_REFUSED @ http://localhost:5173/@vite/client:1034
[12138664ms] [ERROR] WebSocket connection to 'ws://localhost:5173/' failed: Error in connection establishment: net::ERR_CONNECTION_REFUSED @ http://localhost:5173/@vite/client:1034
[12264515ms] [ERROR] WebSocket connection to 'ws://localhost:5173/' failed: Error in connection establishment: net::ERR_CONNECTION_REFUSED @ http://localhost:5173/@vite/client:1034
[12266709ms] [ERROR] WebSocket connection to 'ws://localhost:5173/' failed: Error in connection establishment: net::ERR_CONNECTION_REFUSED @ http://localhost:5173/@vite/client:1034
[12269174ms] [ERROR] WebSocket connection to 'ws://localhost:5173/' failed: Error in connection establishment: net::ERR_CONNECTION_REFUSED @ http://localhost:5173/@vite/client:1034
[12273702ms] [ERROR] WebSocket connection to 'ws://localhost:5173/' failed: Error in connection establishment: net::ERR_CONNECTION_REFUSED @ http://localhost:5173/@vite/client:1034
[12279612ms] [ERROR] WebSocket connection to 'ws://localhost:5173/' failed: Error in connection establishment: net::ERR_CONNECTION_REFUSED @ http://localhost:5173/@vite/client:1034
[12282584ms] [ERROR] WebSocket connection to 'ws://localhost:5173/' failed: Error in connection establishment: net::ERR_CONNECTION_REFUSED @ http://localhost:5173/@vite/client:1034
[12297135ms] [ERROR] WebSocket connection to 'ws://localhost:5173/' failed: Error in connection establishment: net::ERR_CONNECTION_REFUSED @ http://localhost:5173/@vite/client:1034
[12299267ms] [ERROR] WebSocket connection to 'ws://localhost:5173/' failed: Error in connection establishment: net::ERR_CONNECTION_REFUSED @ http://localhost:5173/@vite/client:1034
[12305029ms] [ERROR] WebSocket connection to 'ws://localhost:5173/' failed: Error in connection establishment: net::ERR_CONNECTION_REFUSED @ http://localhost:5173/@vite/client:1034
[12309594ms] [ERROR] WebSocket connection to 'ws://localhost:5173/' failed: Error in connection establishment: net::ERR_CONNECTION_REFUSED @ http://localhost:5173/@vite/client:1034
[12314513ms] [ERROR] WebSocket connection to 'ws://localhost:5173/' failed: Error in connection establishment: net::ERR_CONNECTION_REFUSED @ http://localhost:5173/@vite/client:1034
[12318093ms] [ERROR] WebSocket connection to 'ws://localhost:5173/' failed: Error in connection establishment: net::ERR_CONNECTION_REFUSED @ http://localhost:5173/@vite/client:1034
[12320901ms] [ERROR] WebSocket connection to 'ws://localhost:5173/' failed: Error in connection establishment: net::ERR_CONNECTION_REFUSED @ http://localhost:5173/@vite/client:1034
[12326201ms] [ERROR] WebSocket connection to 'ws://localhost:5173/' failed: Error in connection establishment: net::ERR_CONNECTION_REFUSED @ http://localhost:5173/@vite/client:1034
[12331143ms] [ERROR] WebSocket connection to 'ws://localhost:5173/' failed: Error in connection establishment: net::ERR_CONNECTION_REFUSED @ http://localhost:5173/@vite/client:1034
[12335155ms] [ERROR] WebSocket connection to 'ws://localhost:5173/' failed: Error in connection establishment: net::ERR_CONNECTION_REFUSED @ http://localhost:5173/@vite/client:1034
[12337396ms] [ERROR] WebSocket connection to 'ws://localhost:5173/' failed: Error in connection establishment: net::ERR_CONNECTION_REFUSED @ http://localhost:5173/@vite/client:1034
[12341930ms] [ERROR] WebSocket connection to 'ws://localhost:5173/' failed: Error in connection establishment: net::ERR_CONNECTION_REFUSED @ http://localhost:5173/@vite/client:1034
[12344641ms] [ERROR] WebSocket connection to 'ws://localhost:5173/' failed: Error in connection establishment: net::ERR_CONNECTION_REFUSED @ http://localhost:5173/@vite/client:1034
[12377905ms] [ERROR] WebSocket connection to 'ws://localhost:5173/' failed: Error in connection establishment: net::ERR_CONNECTION_REFUSED @ http://localhost:5173/@vite/client:1034
[12382689ms] [ERROR] WebSocket connection to 'ws://localhost:5173/' failed: Error in connection establishment: net::ERR_CONNECTION_REFUSED @ http://localhost:5173/@vite/client:1034
[12386038ms] [ERROR] WebSocket connection to 'ws://localhost:5173/' failed: Error in connection establishment: net::ERR_CONNECTION_REFUSED @ http://localhost:5173/@vite/client:1034
[12391881ms] [ERROR] WebSocket connection to 'ws://localhost:5173/' failed: Error in connection establishment: net::ERR_CONNECTION_REFUSED @ http://localhost:5173/@vite/client:1034
[12397322ms] [ERROR] WebSocket connection to 'ws://localhost:5173/' failed: Error in connection establishment: net::ERR_CONNECTION_REFUSED @ http://localhost:5173/@vite/client:1034
[12399626ms] [ERROR] WebSocket connection to 'ws://localhost:5173/' failed: Error in connection establishment: net::ERR_CONNECTION_REFUSED @ http://localhost:5173/@vite/client:1034
[12401877ms] [ERROR] WebSocket connection to 'ws://localhost:5173/' failed: Error in connection establishment: net::ERR_CONNECTION_REFUSED @ http://localhost:5173/@vite/client:1034
[12404468ms] [ERROR] WebSocket connection to 'ws://localhost:5173/' failed: Error in connection establishment: net::ERR_CONNECTION_REFUSED @ http://localhost:5173/@vite/client:1034
[12406501ms] [ERROR] WebSocket connection to 'ws://localhost:5173/' failed: Error in connection establishment: net::ERR_CONNECTION_REFUSED @ http://localhost:5173/@vite/client:1034
[12407519ms] [ERROR] WebSocket connection to 'ws://localhost:5173/' failed: Error in connection establishment: net::ERR_CONNECTION_REFUSED @ http://localhost:5173/@vite/client:1034
[12408533ms] [ERROR] WebSocket connection to 'ws://localhost:5173/' failed: Error in connection establishment: net::ERR_CONNECTION_REFUSED @ http://localhost:5173/@vite/client:1034
[12409554ms] [ERROR] WebSocket connection to 'ws://localhost:5173/' failed: Error in connection establishment: net::ERR_CONNECTION_REFUSED @ http://localhost:5173/@vite/client:1034
[12410572ms] [ERROR] WebSocket connection to 'ws://localhost:5173/' failed: Error in connection establishment: net::ERR_CONNECTION_REFUSED @ http://localhost:5173/@vite/client:1034
[12411597ms] [ERROR] WebSocket connection to 'ws://localhost:5173/' failed: Error in connection establishment: net::ERR_CONNECTION_REFUSED @ http://localhost:5173/@vite/client:1034
[12412623ms] [ERROR] WebSocket connection to 'ws://localhost:5173/' failed: Error in connection establishment: net::ERR_CONNECTION_REFUSED @ http://localhost:5173/@vite/client:1034
[12413645ms] [ERROR] WebSocket connection to 'ws://localhost:5173/' failed: Error in connection establishment: net::ERR_CONNECTION_REFUSED @ http://localhost:5173/@vite/client:1034
[12414682ms] [ERROR] WebSocket connection to 'ws://localhost:5173/' failed: Error in connection establishment: net::ERR_CONNECTION_REFUSED @ http://localhost:5173/@vite/client:1034
[12415712ms] [ERROR] WebSocket connection to 'ws://localhost:5173/' failed: Error in connection establishment: net::ERR_CONNECTION_REFUSED @ http://localhost:5173/@vite/client:1034
[12416813ms] [ERROR] WebSocket connection to 'ws://localhost:5173/' failed: Error in connection establishment: net::ERR_CONNECTION_REFUSED @ http://localhost:5173/@vite/client:1034
[12417966ms] [ERROR] WebSocket connection to 'ws://localhost:5173/' failed: Error in connection establishment: net::ERR_CONNECTION_REFUSED @ http://localhost:5173/@vite/client:1034
[12419198ms] [ERROR] WebSocket connection to 'ws://localhost:5173/' failed: Error in connection establishment: net::ERR_CONNECTION_REFUSED @ http://localhost:5173/@vite/client:1034
[12420420ms] [ERROR] WebSocket connection to 'ws://localhost:5173/' failed: Error in connection establishment: net::ERR_CONNECTION_REFUSED @ http://localhost:5173/@vite/client:1034
[12422438ms] [ERROR] WebSocket connection to 'ws://localhost:5173/' failed: Error in connection establishment: net::ERR_CONNECTION_REFUSED @ http://localhost:5173/@vite/client:1034
[12424563ms] [ERROR] WebSocket connection to 'ws://localhost:5173/' failed: Error in connection establishment: net::ERR_CONNECTION_REFUSED @ http://localhost:5173/@vite/client:1034
[12428196ms] [ERROR] WebSocket connection to 'ws://localhost:5173/' failed: Error in connection establishment: net::ERR_CONNECTION_REFUSED @ http://localhost:5173/@vite/client:1034
[12432780ms] [ERROR] WebSocket connection to 'ws://localhost:5173/' failed: Error in connection establishment: net::ERR_CONNECTION_REFUSED @ http://localhost:5173/@vite/client:1034
[12438516ms] [ERROR] WebSocket connection to 'ws://localhost:5173/' failed: Error in connection establishment: net::ERR_CONNECTION_REFUSED @ http://localhost:5173/@vite/client:1034
[12491495ms] [ERROR] WebSocket connection to 'ws://localhost:5173/' failed: Error in connection establishment: net::ERR_CONNECTION_REFUSED @ http://localhost:5173/@vite/client:1034
[12495398ms] [ERROR] WebSocket connection to 'ws://localhost:5173/' failed: Error in connection establishment: net::ERR_CONNECTION_REFUSED @ http://localhost:5173/@vite/client:1034
[12497584ms] [ERROR] WebSocket connection to 'ws://localhost:5173/' failed: Error in connection establishment: net::ERR_CONNECTION_REFUSED @ http://localhost:5173/@vite/client:1034
[12500001ms] [ERROR] WebSocket connection to 'ws://localhost:5173/' failed: Error in connection establishment: net::ERR_CONNECTION_REFUSED @ http://localhost:5173/@vite/client:1034
[12503925ms] [ERROR] WebSocket connection to 'ws://localhost:5173/' failed: Error in connection establishment: net::ERR_CONNECTION_REFUSED @ http://localhost:5173/@vite/client:1034
[12507989ms] [ERROR] WebSocket connection to 'ws://localhost:5173/' failed: Error in connection establishment: net::ERR_CONNECTION_REFUSED @ http://localhost:5173/@vite/client:1034
[12649065ms] [ERROR] WebSocket connection to 'ws://localhost:5173/' failed: Error in connection establishment: net::ERR_CONNECTION_REFUSED @ http://localhost:5173/@vite/client:1034
[12653525ms] [ERROR] WebSocket connection to 'ws://localhost:5173/' failed: Error in connection establishment: net::ERR_CONNECTION_REFUSED @ http://localhost:5173/@vite/client:1034
[12659501ms] [ERROR] WebSocket connection to 'ws://localhost:5173/' failed: Error in connection establishment: net::ERR_CONNECTION_REFUSED @ http://localhost:5173/@vite/client:1034
[12662745ms] [ERROR] WebSocket connection to 'ws://localhost:5173/' failed: Error in connection establishment: net::ERR_CONNECTION_REFUSED @ http://localhost:5173/@vite/client:1034
[12665198ms] [ERROR] WebSocket connection to 'ws://localhost:5173/' failed: Error in connection establishment: net::ERR_CONNECTION_REFUSED @ http://localhost:5173/@vite/client:1034
[12722398ms] [ERROR] WebSocket connection to 'ws://localhost:5173/' failed: Error in connection establishment: net::ERR_CONNECTION_REFUSED @ http://localhost:5173/@vite/client:1034
[12728244ms] [ERROR] WebSocket connection to 'ws://localhost:5173/' failed: Error in connection establishment: net::ERR_CONNECTION_REFUSED @ http://localhost:5173/@vite/client:1034
[12733836ms] [ERROR] WebSocket connection to 'ws://localhost:5173/' failed: Error in connection establishment: net::ERR_CONNECTION_REFUSED @ http://localhost:5173/@vite/client:1034
[12735896ms] [ERROR] WebSocket connection to 'ws://localhost:5173/' failed: Error in connection establishment: net::ERR_CONNECTION_REFUSED @ http://localhost:5173/@vite/client:1034
[12879815ms] [ERROR] WebSocket connection to 'ws://localhost:5173/' failed: Error in connection establishment: net::ERR_CONNECTION_REFUSED @ http://localhost:5173/@vite/client:1034
[12883824ms] [ERROR] WebSocket connection to 'ws://localhost:5173/' failed: Error in connection establishment: net::ERR_CONNECTION_REFUSED @ http://localhost:5173/@vite/client:1034
[12886402ms] [ERROR] WebSocket connection to 'ws://localhost:5173/' failed: Error in connection establishment: net::ERR_CONNECTION_REFUSED @ http://localhost:5173/@vite/client:1034
[12888968ms] [ERROR] WebSocket connection to 'ws://localhost:5173/' failed: Error in connection establishment: net::ERR_CONNECTION_REFUSED @ http://localhost:5173/@vite/client:1034
[12893676ms] [ERROR] WebSocket connection to 'ws://localhost:5173/' failed: Error in connection establishment: net::ERR_CONNECTION_REFUSED @ http://localhost:5173/@vite/client:1034
[12897069ms] [ERROR] WebSocket connection to 'ws://localhost:5173/' failed: Error in connection establishment: net::ERR_CONNECTION_REFUSED @ http://localhost:5173/@vite/client:1034
[12949202ms] [ERROR] WebSocket connection to 'ws://localhost:5173/' failed: Error in connection establishment: net::ERR_CONNECTION_REFUSED @ http://localhost:5173/@vite/client:1034
[12951323ms] [ERROR] WebSocket connection to 'ws://localhost:5173/' failed: Error in connection establishment: net::ERR_CONNECTION_REFUSED @ http://localhost:5173/@vite/client:1034
[12954646ms] [ERROR] WebSocket connection to 'ws://localhost:5173/' failed: Error in connection establishment: net::ERR_CONNECTION_REFUSED @ http://localhost:5173/@vite/client:1034
[12958557ms] [ERROR] WebSocket connection to 'ws://localhost:5173/' failed: Error in connection establishment: net::ERR_CONNECTION_REFUSED @ http://localhost:5173/@vite/client:1034
[12964020ms] [ERROR] WebSocket connection to 'ws://localhost:5173/' failed: Error in connection establishment: net::ERR_CONNECTION_REFUSED @ http://localhost:5173/@vite/client:1034
[12979145ms] [ERROR] WebSocket connection to 'ws://localhost:5173/' failed: Error in connection establishment: net::ERR_CONNECTION_REFUSED @ http://localhost:5173/@vite/client:1034
[12982572ms] [ERROR] WebSocket connection to 'ws://localhost:5173/' failed: Error in connection establishment: net::ERR_CONNECTION_REFUSED @ http://localhost:5173/@vite/client:1034
[12986969ms] [ERROR] WebSocket connection to 'ws://localhost:5173/' failed: Error in connection establishment: net::ERR_CONNECTION_REFUSED @ http://localhost:5173/@vite/client:1034
[12992056ms] [ERROR] WebSocket connection to 'ws://localhost:5173/' failed: Error in connection establishment: net::ERR_CONNECTION_REFUSED @ http://localhost:5173/@vite/client:1034
[12997092ms] [ERROR] WebSocket connection to 'ws://localhost:5173/' failed: Error in connection establishment: net::ERR_CONNECTION_REFUSED @ http://localhost:5173/@vite/client:1034
[13002739ms] [ERROR] WebSocket connection to 'ws://localhost:5173/' failed: Error in connection establishment: net::ERR_CONNECTION_REFUSED @ http://localhost:5173/@vite/client:1034
[13007665ms] [ERROR] WebSocket connection to 'ws://localhost:5173/' failed: Error in connection establishment: net::ERR_CONNECTION_REFUSED @ http://localhost:5173/@vite/client:1034
[13012548ms] [ERROR] WebSocket connection to 'ws://localhost:5173/' failed: Error in connection establishment: net::ERR_CONNECTION_REFUSED @ http://localhost:5173/@vite/client:1034
[13018484ms] [ERROR] WebSocket connection to 'ws://localhost:5173/' failed: Error in connection establishment: net::ERR_CONNECTION_REFUSED @ http://localhost:5173/@vite/client:1034
[13021504ms] [ERROR] WebSocket connection to 'ws://localhost:5173/' failed: Error in connection establishment: net::ERR_CONNECTION_REFUSED @ http://localhost:5173/@vite/client:1034
[13024840ms] [ERROR] WebSocket connection to 'ws://localhost:5173/' failed: Error in connection establishment: net::ERR_CONNECTION_REFUSED @ http://localhost:5173/@vite/client:1034
[13155673ms] [ERROR] WebSocket connection to 'ws://localhost:5173/' failed: Error in connection establishment: net::ERR_CONNECTION_REFUSED @ http://localhost:5173/@vite/client:1034
[13160960ms] [ERROR] WebSocket connection to 'ws://localhost:5173/' failed: Error in connection establishment: net::ERR_CONNECTION_REFUSED @ http://localhost:5173/@vite/client:1034
[13165269ms] [ERROR] WebSocket connection to 'ws://localhost:5173/' failed: Error in connection establishment: net::ERR_CONNECTION_REFUSED @ http://localhost:5173/@vite/client:1034
[13170734ms] [ERROR] WebSocket connection to 'ws://localhost:5173/' failed: Error in connection establishment: net::ERR_CONNECTION_REFUSED @ http://localhost:5173/@vite/client:1034
[13174398ms] [ERROR] WebSocket connection to 'ws://localhost:5173/' failed: Error in connection establishment: net::ERR_CONNECTION_REFUSED @ http://localhost:5173/@vite/client:1034
[13287326ms] [ERROR] WebSocket connection to 'ws://localhost:5173/' failed: Error in connection establishment: net::ERR_CONNECTION_REFUSED @ http://localhost:5173/@vite/client:1034
[13289742ms] [ERROR] WebSocket connection to 'ws://localhost:5173/' failed: Error in connection establishment: net::ERR_CONNECTION_REFUSED @ http://localhost:5173/@vite/client:1034
[13295375ms] [ERROR] WebSocket connection to 'ws://localhost:5173/' failed: Error in connection establishment: net::ERR_CONNECTION_REFUSED @ http://localhost:5173/@vite/client:1034
[13298172ms] [ERROR] WebSocket connection to 'ws://localhost:5173/' failed: Error in connection establishment: net::ERR_CONNECTION_REFUSED @ http://localhost:5173/@vite/client:1034
[13300453ms] [ERROR] WebSocket connection to 'ws://localhost:5173/' failed: Error in connection establishment: net::ERR_CONNECTION_REFUSED @ http://localhost:5173/@vite/client:1034
[13305490ms] [ERROR] WebSocket connection to 'ws://localhost:5173/' failed: Error in connection establishment: net::ERR_CONNECTION_REFUSED @ http://localhost:5173/@vite/client:1034
[13328658ms] [ERROR] WebSocket connection to 'ws://localhost:5173/' failed: Error in connection establishment: net::ERR_CONNECTION_REFUSED @ http://localhost:5173/@vite/client:1034
[13330720ms] [ERROR] WebSocket connection to 'ws://localhost:5173/' failed: Error in connection establishment: net::ERR_CONNECTION_REFUSED @ http://localhost:5173/@vite/client:1034
[13335042ms] [ERROR] WebSocket connection to 'ws://localhost:5173/' failed: Error in connection establishment: net::ERR_CONNECTION_REFUSED @ http://localhost:5173/@vite/client:1034
[13338620ms] [ERROR] WebSocket connection to 'ws://localhost:5173/' failed: Error in connection establishment: net::ERR_CONNECTION_REFUSED @ http://localhost:5173/@vite/client:1034
[13339622ms] [ERROR] WebSocket connection to 'ws://localhost:5173/' failed: Error in connection establishment: net::ERR_CONNECTION_REFUSED @ http://localhost:5173/@vite/client:1034
[13340627ms] [ERROR] WebSocket connection to 'ws://localhost:5173/' failed: Error in connection establishment: net::ERR_CONNECTION_REFUSED @ http://localhost:5173/@vite/client:1034
[13341629ms] [ERROR] WebSocket connection to 'ws://localhost:5173/' failed: Error in connection establishment: net::ERR_CONNECTION_REFUSED @ http://localhost:5173/@vite/client:1034
[13342635ms] [ERROR] WebSocket connection to 'ws://localhost:5173/' failed: Error in connection establishment: net::ERR_CONNECTION_REFUSED @ http://localhost:5173/@vite/client:1034
[13343638ms] [ERROR] WebSocket connection to 'ws://localhost:5173/' failed: Error in connection establishment: net::ERR_CONNECTION_REFUSED @ http://localhost:5173/@vite/client:1034
[13344645ms] [ERROR] WebSocket connection to 'ws://localhost:5173/' failed: Error in connection establishment: net::ERR_CONNECTION_REFUSED @ http://localhost:5173/@vite/client:1034
[13345654ms] [ERROR] WebSocket connection to 'ws://localhost:5173/' failed: Error in connection establishment: net::ERR_CONNECTION_REFUSED @ http://localhost:5173/@vite/client:1034
[13346675ms] [ERROR] WebSocket connection to 'ws://localhost:5173/' failed: Error in connection establishment: net::ERR_CONNECTION_REFUSED @ http://localhost:5173/@vite/client:1034
[13347690ms] [ERROR] WebSocket connection to 'ws://localhost:5173/' failed: Error in connection establishment: net::ERR_CONNECTION_REFUSED @ http://localhost:5173/@vite/client:1034
[13348770ms] [ERROR] WebSocket connection to 'ws://localhost:5173/' failed: Error in connection establishment: net::ERR_CONNECTION_REFUSED @ http://localhost:5173/@vite/client:1034
[13349870ms] [ERROR] WebSocket connection to 'ws://localhost:5173/' failed: Error in connection establishment: net::ERR_CONNECTION_REFUSED @ http://localhost:5173/@vite/client:1034
[13351105ms] [ERROR] WebSocket connection to 'ws://localhost:5173/' failed: Error in connection establishment: net::ERR_CONNECTION_REFUSED @ http://localhost:5173/@vite/client:1034
[13352681ms] [ERROR] WebSocket connection to 'ws://localhost:5173/' failed: Error in connection establishment: net::ERR_CONNECTION_REFUSED @ http://localhost:5173/@vite/client:1034
[13354640ms] [ERROR] WebSocket connection to 'ws://localhost:5173/' failed: Error in connection establishment: net::ERR_CONNECTION_REFUSED @ http://localhost:5173/@vite/client:1034
[13357527ms] [ERROR] WebSocket connection to 'ws://localhost:5173/' failed: Error in connection establishment: net::ERR_CONNECTION_REFUSED @ http://localhost:5173/@vite/client:1034
[13377728ms] [ERROR] WebSocket connection to 'ws://localhost:5173/' failed: Error in connection establishment: net::ERR_CONNECTION_REFUSED @ http://localhost:5173/@vite/client:1034
[13380207ms] [ERROR] WebSocket connection to 'ws://localhost:5173/' failed: Error in connection establishment: net::ERR_CONNECTION_REFUSED @ http://localhost:5173/@vite/client:1034
[13383959ms] [ERROR] WebSocket connection to 'ws://localhost:5173/' failed: Error in connection establishment: net::ERR_CONNECTION_REFUSED @ http://localhost:5173/@vite/client:1034
[13389717ms] [ERROR] WebSocket connection to 'ws://localhost:5173/' failed: Error in connection establishment: net::ERR_CONNECTION_REFUSED @ http://localhost:5173/@vite/client:1034
[13392343ms] [ERROR] WebSocket connection to 'ws://localhost:5173/' failed: Error in connection establishment: net::ERR_CONNECTION_REFUSED @ http://localhost:5173/@vite/client:1034
[13394640ms] [ERROR] WebSocket connection to 'ws://localhost:5173/' failed: Error in connection establishment: net::ERR_CONNECTION_REFUSED @ http://localhost:5173/@vite/client:1034
[13400590ms] [ERROR] WebSocket connection to 'ws://localhost:5173/' failed: Error in connection establishment: net::ERR_CONNECTION_REFUSED @ http://localhost:5173/@vite/client:1034
[13405479ms] [ERROR] WebSocket connection to 'ws://localhost:5173/' failed: Error in connection establishment: net::ERR_CONNECTION_REFUSED @ http://localhost:5173/@vite/client:1034
[13407547ms] [ERROR] WebSocket connection to 'ws://localhost:5173/' failed: Error in connection establishment: net::ERR_CONNECTION_REFUSED @ http://localhost:5173/@vite/client:1034
[13411570ms] [ERROR] WebSocket connection to 'ws://localhost:5173/' failed: Error in connection establishment: net::ERR_CONNECTION_REFUSED @ http://localhost:5173/@vite/client:1034
[13413925ms] [ERROR] WebSocket connection to 'ws://localhost:5173/' failed: Error in connection establishment: net::ERR_CONNECTION_REFUSED @ http://localhost:5173/@vite/client:1034
[13418671ms] [ERROR] WebSocket connection to 'ws://localhost:5173/' failed: Error in connection establishment: net::ERR_CONNECTION_REFUSED @ http://localhost:5173/@vite/client:1034
[13422912ms] [ERROR] WebSocket connection to 'ws://localhost:5173/' failed: Error in connection establishment: net::ERR_CONNECTION_REFUSED @ http://localhost:5173/@vite/client:1034
[13428121ms] [ERROR] WebSocket connection to 'ws://localhost:5173/' failed: Error in connection establishment: net::ERR_CONNECTION_REFUSED @ http://localhost:5173/@vite/client:1034
[13433613ms] [ERROR] WebSocket connection to 'ws://localhost:5173/' failed: Error in connection establishment: net::ERR_CONNECTION_REFUSED @ http://localhost:5173/@vite/client:1034
[13578504ms] [ERROR] WebSocket connection to 'ws://localhost:5173/' failed: Error in connection establishment: net::ERR_CONNECTION_REFUSED @ http://localhost:5173/@vite/client:1034
[13582804ms] [ERROR] WebSocket connection to 'ws://localhost:5173/' failed: Error in connection establishment: net::ERR_CONNECTION_REFUSED @ http://localhost:5173/@vite/client:1034
[13587083ms] [ERROR] WebSocket connection to 'ws://localhost:5173/' failed: Error in connection establishment: net::ERR_CONNECTION_REFUSED @ http://localhost:5173/@vite/client:1034
[13590058ms] [ERROR] WebSocket connection to 'ws://localhost:5173/' failed: Error in connection establishment: net::ERR_CONNECTION_REFUSED @ http://localhost:5173/@vite/client:1034
[13592260ms] [ERROR] WebSocket connection to 'ws://localhost:5173/' failed: Error in connection establishment: net::ERR_CONNECTION_REFUSED @ http://localhost:5173/@vite/client:1034
[13595489ms] [ERROR] WebSocket connection to 'ws://localhost:5173/' failed: Error in connection establishment: net::ERR_CONNECTION_REFUSED @ http://localhost:5173/@vite/client:1034
[13598062ms] [ERROR] WebSocket connection to 'ws://localhost:5173/' failed: Error in connection establishment: net::ERR_CONNECTION_REFUSED @ http://localhost:5173/@vite/client:1034
[13603215ms] [ERROR] WebSocket connection to 'ws://localhost:5173/' failed: Error in connection establishment: net::ERR_CONNECTION_REFUSED @ http://localhost:5173/@vite/client:1034
[13606602ms] [ERROR] WebSocket connection to 'ws://localhost:5173/' failed: Error in connection establishment: net::ERR_CONNECTION_REFUSED @ http://localhost:5173/@vite/client:1034
[13611167ms] [ERROR] WebSocket connection to 'ws://localhost:5173/' failed: Error in connection establishment: net::ERR_CONNECTION_REFUSED @ http://localhost:5173/@vite/client:1034
[13617158ms] [ERROR] WebSocket connection to 'ws://localhost:5173/' failed: Error in connection establishment: net::ERR_CONNECTION_REFUSED @ http://localhost:5173/@vite/client:1034
[13621636ms] [ERROR] WebSocket connection to 'ws://localhost:5173/' failed: Error in connection establishment: net::ERR_CONNECTION_REFUSED @ http://localhost:5173/@vite/client:1034
[13624813ms] [ERROR] WebSocket connection to 'ws://localhost:5173/' failed: Error in connection establishment: net::ERR_CONNECTION_REFUSED @ http://localhost:5173/@vite/client:1034
[13630025ms] [ERROR] WebSocket connection to 'ws://localhost:5173/' failed: Error in connection establishment: net::ERR_CONNECTION_REFUSED @ http://localhost:5173/@vite/client:1034
[13818232ms] [ERROR] WebSocket connection to 'ws://localhost:5173/' failed: Error in connection establishment: net::ERR_CONNECTION_REFUSED @ http://localhost:5173/@vite/client:1034
[13823870ms] [ERROR] WebSocket connection to 'ws://localhost:5173/' failed: Error in connection establishment: net::ERR_CONNECTION_REFUSED @ http://localhost:5173/@vite/client:1034
[13826226ms] [ERROR] WebSocket connection to 'ws://localhost:5173/' failed: Error in connection establishment: net::ERR_CONNECTION_REFUSED @ http://localhost:5173/@vite/client:1034
[13831699ms] [ERROR] WebSocket connection to 'ws://localhost:5173/' failed: Error in connection establishment: net::ERR_CONNECTION_REFUSED @ http://localhost:5173/@vite/client:1034
[13833865ms] [ERROR] WebSocket connection to 'ws://localhost:5173/' failed: Error in connection establishment: net::ERR_CONNECTION_REFUSED @ http://localhost:5173/@vite/client:1034
[14153730ms] [ERROR] WebSocket connection to 'ws://localhost:5173/' failed: Error in connection establishment: net::ERR_CONNECTION_REFUSED @ http://localhost:5173/@vite/client:1034
[14157454ms] [ERROR] WebSocket connection to 'ws://localhost:5173/' failed: Error in connection establishment: net::ERR_CONNECTION_REFUSED @ http://localhost:5173/@vite/client:1034
[14161431ms] [ERROR] WebSocket connection to 'ws://localhost:5173/' failed: Error in connection establishment: net::ERR_CONNECTION_REFUSED @ http://localhost:5173/@vite/client:1034
[14164877ms] [ERROR] WebSocket connection to 'ws://localhost:5173/' failed: Error in connection establishment: net::ERR_CONNECTION_REFUSED @ http://localhost:5173/@vite/client:1034
[14167005ms] [ERROR] WebSocket connection to 'ws://localhost:5173/' failed: Error in connection establishment: net::ERR_CONNECTION_REFUSED @ http://localhost:5173/@vite/client:1034
[14171659ms] [ERROR] WebSocket connection to 'ws://localhost:5173/' failed: Error in connection establishment: net::ERR_CONNECTION_REFUSED @ http://localhost:5173/@vite/client:1034
[14180617ms] [ERROR] WebSocket connection to 'ws://localhost:5173/' failed: Error in connection establishment: net::ERR_CONNECTION_REFUSED @ http://localhost:5173/@vite/client:1034
[14183356ms] [ERROR] WebSocket connection to 'ws://localhost:5173/' failed: Error in connection establishment: net::ERR_CONNECTION_REFUSED @ http://localhost:5173/@vite/client:1034
[14188177ms] [ERROR] WebSocket connection to 'ws://localhost:5173/' failed: Error in connection establishment: net::ERR_CONNECTION_REFUSED @ http://localhost:5173/@vite/client:1034
[14192940ms] [ERROR] WebSocket connection to 'ws://localhost:5173/' failed: Error in connection establishment: net::ERR_CONNECTION_REFUSED @ http://localhost:5173/@vite/client:1034
[14198627ms] [ERROR] WebSocket connection to 'ws://localhost:5173/' failed: Error in connection establishment: net::ERR_CONNECTION_REFUSED @ http://localhost:5173/@vite/client:1034
[14204594ms] [ERROR] WebSocket connection to 'ws://localhost:5173/' failed: Error in connection establishment: net::ERR_CONNECTION_REFUSED @ http://localhost:5173/@vite/client:1034
[14209332ms] [ERROR] WebSocket connection to 'ws://localhost:5173/' failed: Error in connection establishment: net::ERR_CONNECTION_REFUSED @ http://localhost:5173/@vite/client:1034
[14211694ms] [ERROR] WebSocket connection to 'ws://localhost:5173/' failed: Error in connection establishment: net::ERR_CONNECTION_REFUSED @ http://localhost:5173/@vite/client:1034
[14214751ms] [ERROR] WebSocket connection to 'ws://localhost:5173/' failed: Error in connection establishment: net::ERR_CONNECTION_REFUSED @ http://localhost:5173/@vite/client:1034
[14217274ms] [ERROR] WebSocket connection to 'ws://localhost:5173/' failed: Error in connection establishment: net::ERR_CONNECTION_REFUSED @ http://localhost:5173/@vite/client:1034
[14220359ms] [ERROR] WebSocket connection to 'ws://localhost:5173/' failed: Error in connection establishment: net::ERR_CONNECTION_REFUSED @ http://localhost:5173/@vite/client:1034
[14222737ms] [ERROR] WebSocket connection to 'ws://localhost:5173/' failed: Error in connection establishment: net::ERR_CONNECTION_REFUSED @ http://localhost:5173/@vite/client:1034
[14228431ms] [ERROR] WebSocket connection to 'ws://localhost:5173/' failed: Error in connection establishment: net::ERR_CONNECTION_REFUSED @ http://localhost:5173/@vite/client:1034
[14230484ms] [ERROR] WebSocket connection to 'ws://localhost:5173/' failed: Error in connection establishment: net::ERR_CONNECTION_REFUSED @ http://localhost:5173/@vite/client:1034
[14232527ms] [ERROR] WebSocket connection to 'ws://localhost:5173/' failed: Error in connection establishment: net::ERR_CONNECTION_REFUSED @ http://localhost:5173/@vite/client:1034
[14235622ms] [ERROR] WebSocket connection to 'ws://localhost:5173/' failed: Error in connection establishment: net::ERR_CONNECTION_REFUSED @ http://localhost:5173/@vite/client:1034
[14241030ms] [ERROR] WebSocket connection to 'ws://localhost:5173/' failed: Error in connection establishment: net::ERR_CONNECTION_REFUSED @ http://localhost:5173/@vite/client:1034
[14314701ms] [ERROR] WebSocket connection to 'ws://localhost:5173/' failed: Error in connection establishment: net::ERR_CONNECTION_REFUSED @ http://localhost:5173/@vite/client:1034
[14318327ms] [ERROR] WebSocket connection to 'ws://localhost:5173/' failed: Error in connection establishment: net::ERR_CONNECTION_REFUSED @ http://localhost:5173/@vite/client:1034
[14321660ms] [ERROR] WebSocket connection to 'ws://localhost:5173/' failed: Error in connection establishment: net::ERR_CONNECTION_REFUSED @ http://localhost:5173/@vite/client:1034
[14324669ms] [ERROR] WebSocket connection to 'ws://localhost:5173/' failed: Error in connection establishment: net::ERR_CONNECTION_REFUSED @ http://localhost:5173/@vite/client:1034
[14330443ms] [ERROR] WebSocket connection to 'ws://localhost:5173/' failed: Error in connection establishment: net::ERR_CONNECTION_REFUSED @ http://localhost:5173/@vite/client:1034
[14333768ms] [ERROR] WebSocket connection to 'ws://localhost:5173/' failed: Error in connection establishment: net::ERR_CONNECTION_REFUSED @ http://localhost:5173/@vite/client:1034
[14336057ms] [ERROR] WebSocket connection to 'ws://localhost:5173/' failed: Error in connection establishment: net::ERR_CONNECTION_REFUSED @ http://localhost:5173/@vite/client:1034
[14338880ms] [ERROR] WebSocket connection to 'ws://localhost:5173/' failed: Error in connection establishment: net::ERR_CONNECTION_REFUSED @ http://localhost:5173/@vite/client:1034
[14341024ms] [ERROR] WebSocket connection to 'ws://localhost:5173/' failed: Error in connection establishment: net::ERR_CONNECTION_REFUSED @ http://localhost:5173/@vite/client:1034
[14345577ms] [ERROR] WebSocket connection to 'ws://localhost:5173/' failed: Error in connection establishment: net::ERR_CONNECTION_REFUSED @ http://localhost:5173/@vite/client:1034
[14348952ms] [ERROR] WebSocket connection to 'ws://localhost:5173/' failed: Error in connection establishment: net::ERR_CONNECTION_REFUSED @ http://localhost:5173/@vite/client:1034
[14352733ms] [ERROR] WebSocket connection to 'ws://localhost:5173/' failed: Error in connection establishment: net::ERR_CONNECTION_REFUSED @ http://localhost:5173/@vite/client:1034
[14355628ms] [ERROR] WebSocket connection to 'ws://localhost:5173/' failed: Error in connection establishment: net::ERR_CONNECTION_REFUSED @ http://localhost:5173/@vite/client:1034
[14358395ms] [ERROR] WebSocket connection to 'ws://localhost:5173/' failed: Error in connection establishment: net::ERR_CONNECTION_REFUSED @ http://localhost:5173/@vite/client:1034
[14360572ms] [ERROR] WebSocket connection to 'ws://localhost:5173/' failed: Error in connection establishment: net::ERR_CONNECTION_REFUSED @ http://localhost:5173/@vite/client:1034
[14529840ms] [ERROR] WebSocket connection to 'ws://localhost:5173/' failed: Error in connection establishment: net::ERR_CONNECTION_REFUSED @ http://localhost:5173/@vite/client:1034
[14533561ms] [ERROR] WebSocket connection to 'ws://localhost:5173/' failed: Error in connection establishment: net::ERR_CONNECTION_REFUSED @ http://localhost:5173/@vite/client:1034
[14538579ms] [ERROR] WebSocket connection to 'ws://localhost:5173/' failed: Error in connection establishment: net::ERR_CONNECTION_REFUSED @ http://localhost:5173/@vite/client:1034
[14544004ms] [ERROR] WebSocket connection to 'ws://localhost:5173/' failed: Error in connection establishment: net::ERR_CONNECTION_REFUSED @ http://localhost:5173/@vite/client:1034
[14547941ms] [ERROR] WebSocket connection to 'ws://localhost:5173/' failed: Error in connection establishment: net::ERR_CONNECTION_REFUSED @ http://localhost:5173/@vite/client:1034
[14553038ms] [ERROR] WebSocket connection to 'ws://localhost:5173/' failed: Error in connection establishment: net::ERR_CONNECTION_REFUSED @ http://localhost:5173/@vite/client:1034
[14701594ms] [ERROR] WebSocket connection to 'ws://localhost:5173/' failed: Error in connection establishment: net::ERR_CONNECTION_REFUSED @ http://localhost:5173/@vite/client:1034
[14704334ms] [ERROR] WebSocket connection to 'ws://localhost:5173/' failed: Error in connection establishment: net::ERR_CONNECTION_REFUSED @ http://localhost:5173/@vite/client:1034
[14708596ms] [ERROR] WebSocket connection to 'ws://localhost:5173/' failed: Error in connection establishment: net::ERR_CONNECTION_REFUSED @ http://localhost:5173/@vite/client:1034
[14711967ms] [ERROR] WebSocket connection to 'ws://localhost:5173/' failed: Error in connection establishment: net::ERR_CONNECTION_REFUSED @ http://localhost:5173/@vite/client:1034
[14714590ms] [ERROR] WebSocket connection to 'ws://localhost:5173/' failed: Error in connection establishment: net::ERR_CONNECTION_REFUSED @ http://localhost:5173/@vite/client:1034
[14717930ms] [ERROR] WebSocket connection to 'ws://localhost:5173/' failed: Error in connection establishment: net::ERR_CONNECTION_REFUSED @ http://localhost:5173/@vite/client:1034
[14721422ms] [ERROR] WebSocket connection to 'ws://localhost:5173/' failed: Error in connection establishment: net::ERR_CONNECTION_REFUSED @ http://localhost:5173/@vite/client:1034
[14765689ms] [ERROR] WebSocket connection to 'ws://localhost:5173/' failed: Error in connection establishment: net::ERR_CONNECTION_REFUSED @ http://localhost:5173/@vite/client:1034
[14767920ms] [ERROR] WebSocket connection to 'ws://localhost:5173/' failed: Error in connection establishment: net::ERR_CONNECTION_REFUSED @ http://localhost:5173/@vite/client:1034
[14773072ms] [ERROR] WebSocket connection to 'ws://localhost:5173/' failed: Error in connection establishment: net::ERR_CONNECTION_REFUSED @ http://localhost:5173/@vite/client:1034
[14777927ms] [ERROR] WebSocket connection to 'ws://localhost:5173/' failed: Error in connection establishment: net::ERR_CONNECTION_REFUSED @ http://localhost:5173/@vite/client:1034
[14783542ms] [ERROR] WebSocket connection to 'ws://localhost:5173/' failed: Error in connection establishment: net::ERR_CONNECTION_REFUSED @ http://localhost:5173/@vite/client:1034
[14904591ms] [ERROR] WebSocket connection to 'ws://localhost:5173/' failed: Error in connection establishment: net::ERR_CONNECTION_REFUSED @ http://localhost:5173/@vite/client:1034
[14908150ms] [ERROR] WebSocket connection to 'ws://localhost:5173/' failed: Error in connection establishment: net::ERR_CONNECTION_REFUSED @ http://localhost:5173/@vite/client:1034
[14910778ms] [ERROR] WebSocket connection to 'ws://localhost:5173/' failed: Error in connection establishment: net::ERR_CONNECTION_REFUSED @ http://localhost:5173/@vite/client:1034
[14913488ms] [ERROR] WebSocket connection to 'ws://localhost:5173/' failed: Error in connection establishment: net::ERR_CONNECTION_REFUSED @ http://localhost:5173/@vite/client:1034
[14917080ms] [ERROR] WebSocket connection to 'ws://localhost:5173/' failed: Error in connection establishment: net::ERR_CONNECTION_REFUSED @ http://localhost:5173/@vite/client:1034
[14919844ms] [ERROR] WebSocket connection to 'ws://localhost:5173/' failed: Error in connection establishment: net::ERR_CONNECTION_REFUSED @ http://localhost:5173/@vite/client:1034
[14924678ms] [ERROR] WebSocket connection to 'ws://localhost:5173/' failed: Error in connection establishment: net::ERR_CONNECTION_REFUSED @ http://localhost:5173/@vite/client:1034
[14928498ms] [ERROR] WebSocket connection to 'ws://localhost:5173/' failed: Error in connection establishment: net::ERR_CONNECTION_REFUSED @ http://localhost:5173/@vite/client:1034
[14933620ms] [ERROR] WebSocket connection to 'ws://localhost:5173/' failed: Error in connection establishment: net::ERR_CONNECTION_REFUSED @ http://localhost:5173/@vite/client:1034
[14939192ms] [ERROR] WebSocket connection to 'ws://localhost:5173/' failed: Error in connection establishment: net::ERR_CONNECTION_REFUSED @ http://localhost:5173/@vite/client:1034
[14943353ms] [ERROR] WebSocket connection to 'ws://localhost:5173/' failed: Error in connection establishment: net::ERR_CONNECTION_REFUSED @ http://localhost:5173/@vite/client:1034
[14948442ms] [ERROR] WebSocket connection to 'ws://localhost:5173/' failed: Error in connection establishment: net::ERR_CONNECTION_REFUSED @ http://localhost:5173/@vite/client:1034
[14951028ms] [ERROR] WebSocket connection to 'ws://localhost:5173/' failed: Error in connection establishment: net::ERR_CONNECTION_REFUSED @ http://localhost:5173/@vite/client:1034
[15019949ms] [ERROR] WebSocket connection to 'ws://localhost:5173/' failed: Error in connection establishment: net::ERR_CONNECTION_REFUSED @ http://localhost:5173/@vite/client:1034
[15023231ms] [ERROR] WebSocket connection to 'ws://localhost:5173/' failed: Error in connection establishment: net::ERR_CONNECTION_REFUSED @ http://localhost:5173/@vite/client:1034
[15028410ms] [ERROR] WebSocket connection to 'ws://localhost:5173/' failed: Error in connection establishment: net::ERR_CONNECTION_REFUSED @ http://localhost:5173/@vite/client:1034
[15030938ms] [ERROR] WebSocket connection to 'ws://localhost:5173/' failed: Error in connection establishment: net::ERR_CONNECTION_REFUSED @ http://localhost:5173/@vite/client:1034
[15035987ms] [ERROR] WebSocket connection to 'ws://localhost:5173/' failed: Error in connection establishment: net::ERR_CONNECTION_REFUSED @ http://localhost:5173/@vite/client:1034
[15162446ms] [ERROR] WebSocket connection to 'ws://localhost:5173/' failed: Error in connection establishment: net::ERR_CONNECTION_REFUSED @ http://localhost:5173/@vite/client:1034
[15165653ms] [ERROR] WebSocket connection to 'ws://localhost:5173/' failed: Error in connection establishment: net::ERR_CONNECTION_REFUSED @ http://localhost:5173/@vite/client:1034
[15168317ms] [ERROR] WebSocket connection to 'ws://localhost:5173/' failed: Error in connection establishment: net::ERR_CONNECTION_REFUSED @ http://localhost:5173/@vite/client:1034
[15172548ms] [ERROR] WebSocket connection to 'ws://localhost:5173/' failed: Error in connection establishment: net::ERR_CONNECTION_REFUSED @ http://localhost:5173/@vite/client:1034
[15177178ms] [ERROR] WebSocket connection to 'ws://localhost:5173/' failed: Error in connection establishment: net::ERR_CONNECTION_REFUSED @ http://localhost:5173/@vite/client:1034
[15181998ms] [ERROR] WebSocket connection to 'ws://localhost:5173/' failed: Error in connection establishment: net::ERR_CONNECTION_REFUSED @ http://localhost:5173/@vite/client:1034
[15184212ms] [ERROR] WebSocket connection to 'ws://localhost:5173/' failed: Error in connection establishment: net::ERR_CONNECTION_REFUSED @ http://localhost:5173/@vite/client:1034
[15186529ms] [ERROR] WebSocket connection to 'ws://localhost:5173/' failed: Error in connection establishment: net::ERR_CONNECTION_REFUSED @ http://localhost:5173/@vite/client:1034
[15190034ms] [ERROR] WebSocket connection to 'ws://localhost:5173/' failed: Error in connection establishment: net::ERR_CONNECTION_REFUSED @ http://localhost:5173/@vite/client:1034
[15195831ms] [ERROR] WebSocket connection to 'ws://localhost:5173/' failed: Error in connection establishment: net::ERR_CONNECTION_REFUSED @ http://localhost:5173/@vite/client:1034
[15201356ms] [ERROR] WebSocket connection to 'ws://localhost:5173/' failed: Error in connection establishment: net::ERR_CONNECTION_REFUSED @ http://localhost:5173/@vite/client:1034
[15205463ms] [ERROR] WebSocket connection to 'ws://localhost:5173/' failed: Error in connection establishment: net::ERR_CONNECTION_REFUSED @ http://localhost:5173/@vite/client:1034
[15208008ms] [ERROR] WebSocket connection to 'ws://localhost:5173/' failed: Error in connection establishment: net::ERR_CONNECTION_REFUSED @ http://localhost:5173/@vite/client:1034
[15213448ms] [ERROR] WebSocket connection to 'ws://localhost:5173/' failed: Error in connection establishment: net::ERR_CONNECTION_REFUSED @ http://localhost:5173/@vite/client:1034
[15216163ms] [ERROR] WebSocket connection to 'ws://localhost:5173/' failed: Error in connection establishment: net::ERR_CONNECTION_REFUSED @ http://localhost:5173/@vite/client:1034
[15219103ms] [ERROR] WebSocket connection to 'ws://localhost:5173/' failed: Error in connection establishment: net::ERR_CONNECTION_REFUSED @ http://localhost:5173/@vite/client:1034
[15334497ms] [ERROR] WebSocket connection to 'ws://localhost:5173/' failed: Error in connection establishment: net::ERR_CONNECTION_REFUSED @ http://localhost:5173/@vite/client:1034
[15336761ms] [ERROR] WebSocket connection to 'ws://localhost:5173/' failed: Error in connection establishment: net::ERR_CONNECTION_REFUSED @ http://localhost:5173/@vite/client:1034
[15340602ms] [ERROR] WebSocket connection to 'ws://localhost:5173/' failed: Error in connection establishment: net::ERR_CONNECTION_REFUSED @ http://localhost:5173/@vite/client:1034
[15345586ms] [ERROR] WebSocket connection to 'ws://localhost:5173/' failed: Error in connection establishment: net::ERR_CONNECTION_REFUSED @ http://localhost:5173/@vite/client:1034
[15348974ms] [ERROR] WebSocket connection to 'ws://localhost:5173/' failed: Error in connection establishment: net::ERR_CONNECTION_REFUSED @ http://localhost:5173/@vite/client:1034
[15352343ms] [ERROR] WebSocket connection to 'ws://localhost:5173/' failed: Error in connection establishment: net::ERR_CONNECTION_REFUSED @ http://localhost:5173/@vite/client:1034
[15357107ms] [ERROR] WebSocket connection to 'ws://localhost:5173/' failed: Error in connection establishment: net::ERR_CONNECTION_REFUSED @ http://localhost:5173/@vite/client:1034
[15361262ms] [ERROR] WebSocket connection to 'ws://localhost:5173/' failed: Error in connection establishment: net::ERR_CONNECTION_REFUSED @ http://localhost:5173/@vite/client:1034
[15363438ms] [ERROR] WebSocket connection to 'ws://localhost:5173/' failed: Error in connection establishment: net::ERR_CONNECTION_REFUSED @ http://localhost:5173/@vite/client:1034
[15368606ms] [ERROR] WebSocket connection to 'ws://localhost:5173/' failed: Error in connection establishment: net::ERR_CONNECTION_REFUSED @ http://localhost:5173/@vite/client:1034
[15372507ms] [ERROR] WebSocket connection to 'ws://localhost:5173/' failed: Error in connection establishment: net::ERR_CONNECTION_REFUSED @ http://localhost:5173/@vite/client:1034
[15377791ms] [ERROR] WebSocket connection to 'ws://localhost:5173/' failed: Error in connection establishment: net::ERR_CONNECTION_REFUSED @ http://localhost:5173/@vite/client:1034
[15383092ms] [ERROR] WebSocket connection to 'ws://localhost:5173/' failed: Error in connection establishment: net::ERR_CONNECTION_REFUSED @ http://localhost:5173/@vite/client:1034
[15385296ms] [ERROR] WebSocket connection to 'ws://localhost:5173/' failed: Error in connection establishment: net::ERR_CONNECTION_REFUSED @ http://localhost:5173/@vite/client:1034
[15388935ms] [ERROR] WebSocket connection to 'ws://localhost:5173/' failed: Error in connection establishment: net::ERR_CONNECTION_REFUSED @ http://localhost:5173/@vite/client:1034
[15435501ms] [ERROR] WebSocket connection to 'ws://localhost:5173/' failed: Error in connection establishment: net::ERR_CONNECTION_REFUSED @ http://localhost:5173/@vite/client:1034
[15437544ms] [ERROR] WebSocket connection to 'ws://localhost:5173/' failed: Error in connection establishment: net::ERR_CONNECTION_REFUSED @ http://localhost:5173/@vite/client:1034
[15441475ms] [ERROR] WebSocket connection to 'ws://localhost:5173/' failed: Error in connection establishment: net::ERR_CONNECTION_REFUSED @ http://localhost:5173/@vite/client:1034
[15444740ms] [ERROR] WebSocket connection to 'ws://localhost:5173/' failed: Error in connection establishment: net::ERR_CONNECTION_REFUSED @ http://localhost:5173/@vite/client:1034
[15448565ms] [ERROR] WebSocket connection to 'ws://localhost:5173/' failed: Error in connection establishment: net::ERR_CONNECTION_REFUSED @ http://localhost:5173/@vite/client:1034
[15451212ms] [ERROR] WebSocket connection to 'ws://localhost:5173/' failed: Error in connection establishment: net::ERR_CONNECTION_REFUSED @ http://localhost:5173/@vite/client:1034
[15456431ms] [ERROR] WebSocket connection to 'ws://localhost:5173/' failed: Error in connection establishment: net::ERR_CONNECTION_REFUSED @ http://localhost:5173/@vite/client:1034
[15459661ms] [ERROR] WebSocket connection to 'ws://localhost:5173/' failed: Error in connection establishment: net::ERR_CONNECTION_REFUSED @ http://localhost:5173/@vite/client:1034
[15512728ms] [ERROR] WebSocket connection to 'ws://localhost:5173/' failed: Error in connection establishment: net::ERR_CONNECTION_REFUSED @ http://localhost:5173/@vite/client:1034
[15517181ms] [ERROR] WebSocket connection to 'ws://localhost:5173/' failed: Error in connection establishment: net::ERR_CONNECTION_REFUSED @ http://localhost:5173/@vite/client:1034
[15520816ms] [ERROR] WebSocket connection to 'ws://localhost:5173/' failed: Error in connection establishment: net::ERR_CONNECTION_REFUSED @ http://localhost:5173/@vite/client:1034
[15523409ms] [ERROR] WebSocket connection to 'ws://localhost:5173/' failed: Error in connection establishment: net::ERR_CONNECTION_REFUSED @ http://localhost:5173/@vite/client:1034
[15684730ms] [ERROR] WebSocket connection to 'ws://localhost:5173/' failed: Error in connection establishment: net::ERR_CONNECTION_REFUSED @ http://localhost:5173/@vite/client:1034
[15687940ms] [ERROR] WebSocket connection to 'ws://localhost:5173/' failed: Error in connection establishment: net::ERR_CONNECTION_REFUSED @ http://localhost:5173/@vite/client:1034
[15692744ms] [ERROR] WebSocket connection to 'ws://localhost:5173/' failed: Error in connection establishment: net::ERR_CONNECTION_REFUSED @ http://localhost:5173/@vite/client:1034
[15695526ms] [ERROR] WebSocket connection to 'ws://localhost:5173/' failed: Error in connection establishment: net::ERR_CONNECTION_REFUSED @ http://localhost:5173/@vite/client:1034
[15701215ms] [ERROR] WebSocket connection to 'ws://localhost:5173/' failed: Error in connection establishment: net::ERR_CONNECTION_REFUSED @ http://localhost:5173/@vite/client:1034
[15705469ms] [ERROR] WebSocket connection to 'ws://localhost:5173/' failed: Error in connection establishment: net::ERR_CONNECTION_REFUSED @ http://localhost:5173/@vite/client:1034
[15710556ms] [ERROR] WebSocket connection to 'ws://localhost:5173/' failed: Error in connection establishment: net::ERR_CONNECTION_REFUSED @ http://localhost:5173/@vite/client:1034
[15713796ms] [ERROR] WebSocket connection to 'ws://localhost:5173/' failed: Error in connection establishment: net::ERR_CONNECTION_REFUSED @ http://localhost:5173/@vite/client:1034
[15987972ms] [ERROR] WebSocket connection to 'ws://localhost:5173/' failed: Error in connection establishment: net::ERR_CONNECTION_REFUSED @ http://localhost:5173/@vite/client:1034
[15992181ms] [ERROR] WebSocket connection to 'ws://localhost:5173/' failed: Error in connection establishment: net::ERR_CONNECTION_REFUSED @ http://localhost:5173/@vite/client:1034
[15996826ms] [ERROR] WebSocket connection to 'ws://localhost:5173/' failed: Error in connection establishment: net::ERR_CONNECTION_REFUSED @ http://localhost:5173/@vite/client:1034
[16001209ms] [ERROR] WebSocket connection to 'ws://localhost:5173/' failed: Error in connection establishment: net::ERR_CONNECTION_REFUSED @ http://localhost:5173/@vite/client:1034
[16006747ms] [ERROR] WebSocket connection to 'ws://localhost:5173/' failed: Error in connection establishment: net::ERR_CONNECTION_REFUSED @ http://localhost:5173/@vite/client:1034
[16009583ms] [ERROR] WebSocket connection to 'ws://localhost:5173/' failed: Error in connection establishment: net::ERR_CONNECTION_REFUSED @ http://localhost:5173/@vite/client:1034
[16013739ms] [ERROR] WebSocket connection to 'ws://localhost:5173/' failed: Error in connection establishment: net::ERR_CONNECTION_REFUSED @ http://localhost:5173/@vite/client:1034
[16016014ms] [ERROR] WebSocket connection to 'ws://localhost:5173/' failed: Error in connection establishment: net::ERR_CONNECTION_REFUSED @ http://localhost:5173/@vite/client:1034
[16019857ms] [ERROR] WebSocket connection to 'ws://localhost:5173/' failed: Error in connection establishment: net::ERR_CONNECTION_REFUSED @ http://localhost:5173/@vite/client:1034
[16024010ms] [ERROR] WebSocket connection to 'ws://localhost:5173/' failed: Error in connection establishment: net::ERR_CONNECTION_REFUSED @ http://localhost:5173/@vite/client:1034
[16028082ms] [ERROR] WebSocket connection to 'ws://localhost:5173/' failed: Error in connection establishment: net::ERR_CONNECTION_REFUSED @ http://localhost:5173/@vite/client:1034
[16033896ms] [ERROR] WebSocket connection to 'ws://localhost:5173/' failed: Error in connection establishment: net::ERR_CONNECTION_REFUSED @ http://localhost:5173/@vite/client:1034
[16075753ms] [ERROR] WebSocket connection to 'ws://localhost:5173/' failed: Error in connection establishment: net::ERR_CONNECTION_REFUSED @ http://localhost:5173/@vite/client:1034
[16078727ms] [ERROR] WebSocket connection to 'ws://localhost:5173/' failed: Error in connection establishment: net::ERR_CONNECTION_REFUSED @ http://localhost:5173/@vite/client:1034
[16083461ms] [ERROR] WebSocket connection to 'ws://localhost:5173/' failed: Error in connection establishment: net::ERR_CONNECTION_REFUSED @ http://localhost:5173/@vite/client:1034
[16086111ms] [ERROR] WebSocket connection to 'ws://localhost:5173/' failed: Error in connection establishment: net::ERR_CONNECTION_REFUSED @ http://localhost:5173/@vite/client:1034
[16089495ms] [ERROR] WebSocket connection to 'ws://localhost:5173/' failed: Error in connection establishment: net::ERR_CONNECTION_REFUSED @ http://localhost:5173/@vite/client:1034
[16093065ms] [ERROR] WebSocket connection to 'ws://localhost:5173/' failed: Error in connection establishment: net::ERR_CONNECTION_REFUSED @ http://localhost:5173/@vite/client:1034
[16396087ms] [ERROR] WebSocket connection to 'ws://localhost:5173/' failed: Error in connection establishment: net::ERR_CONNECTION_REFUSED @ http://localhost:5173/@vite/client:1034
[16401284ms] [ERROR] WebSocket connection to 'ws://localhost:5173/' failed: Error in connection establishment: net::ERR_CONNECTION_REFUSED @ http://localhost:5173/@vite/client:1034
[16402287ms] [ERROR] WebSocket connection to 'ws://localhost:5173/' failed: Error in connection establishment: net::ERR_CONNECTION_REFUSED @ http://localhost:5173/@vite/client:1034
[16403290ms] [ERROR] WebSocket connection to 'ws://localhost:5173/' failed: Error in connection establishment: net::ERR_CONNECTION_REFUSED @ http://localhost:5173/@vite/client:1034
[16404294ms] [ERROR] WebSocket connection to 'ws://localhost:5173/' failed: Error in connection establishment: net::ERR_CONNECTION_REFUSED @ http://localhost:5173/@vite/client:1034
[16405297ms] [ERROR] WebSocket connection to 'ws://localhost:5173/' failed: Error in connection establishment: net::ERR_CONNECTION_REFUSED @ http://localhost:5173/@vite/client:1034
[16406300ms] [ERROR] WebSocket connection to 'ws://localhost:5173/' failed: Error in connection establishment: net::ERR_CONNECTION_REFUSED @ http://localhost:5173/@vite/client:1034
[16407308ms] [ERROR] WebSocket connection to 'ws://localhost:5173/' failed: Error in connection establishment: net::ERR_CONNECTION_REFUSED @ http://localhost:5173/@vite/client:1034
[16408319ms] [ERROR] WebSocket connection to 'ws://localhost:5173/' failed: Error in connection establishment: net::ERR_CONNECTION_REFUSED @ http://localhost:5173/@vite/client:1034
[16409331ms] [ERROR] WebSocket connection to 'ws://localhost:5173/' failed: Error in connection establishment: net::ERR_CONNECTION_REFUSED @ http://localhost:5173/@vite/client:1034
[16410379ms] [ERROR] WebSocket connection to 'ws://localhost:5173/' failed: Error in connection establishment: net::ERR_CONNECTION_REFUSED @ http://localhost:5173/@vite/client:1034
[16411445ms] [ERROR] WebSocket connection to 'ws://localhost:5173/' failed: Error in connection establishment: net::ERR_CONNECTION_REFUSED @ http://localhost:5173/@vite/client:1034
[16412535ms] [ERROR] WebSocket connection to 'ws://localhost:5173/' failed: Error in connection establishment: net::ERR_CONNECTION_REFUSED @ http://localhost:5173/@vite/client:1034
[16413743ms] [ERROR] WebSocket connection to 'ws://localhost:5173/' failed: Error in connection establishment: net::ERR_CONNECTION_REFUSED @ http://localhost:5173/@vite/client:1034
[16447175ms] [ERROR] WebSocket connection to 'ws://localhost:5173/' failed: Error in connection establishment: net::ERR_CONNECTION_REFUSED @ http://localhost:5173/@vite/client:1034
[16448858ms] [ERROR] WebSocket connection to 'ws://localhost:5173/' failed: Error in connection establishment: net::ERR_CONNECTION_REFUSED @ http://localhost:5173/@vite/client:1034
[16451199ms] [ERROR] WebSocket connection to 'ws://localhost:5173/' failed: Error in connection establishment: net::ERR_CONNECTION_REFUSED @ http://localhost:5173/@vite/client:1034
[16455692ms] [ERROR] WebSocket connection to 'ws://localhost:5173/' failed: Error in connection establishment: net::ERR_CONNECTION_REFUSED @ http://localhost:5173/@vite/client:1034
[16461343ms] [ERROR] WebSocket connection to 'ws://localhost:5173/' failed: Error in connection establishment: net::ERR_CONNECTION_REFUSED @ http://localhost:5173/@vite/client:1034
[16463904ms] [ERROR] WebSocket connection to 'ws://localhost:5173/' failed: Error in connection establishment: net::ERR_CONNECTION_REFUSED @ http://localhost:5173/@vite/client:1034
[16562521ms] [ERROR] WebSocket connection to 'ws://localhost:5173/' failed: Error in connection establishment: net::ERR_CONNECTION_REFUSED @ http://localhost:5173/@vite/client:1034
[16566295ms] [ERROR] WebSocket connection to 'ws://localhost:5173/' failed: Error in connection establishment: net::ERR_CONNECTION_REFUSED @ http://localhost:5173/@vite/client:1034
[16571148ms] [ERROR] WebSocket connection to 'ws://localhost:5173/' failed: Error in connection establishment: net::ERR_CONNECTION_REFUSED @ http://localhost:5173/@vite/client:1034
[16574224ms] [ERROR] WebSocket connection to 'ws://localhost:5173/' failed: Error in connection establishment: net::ERR_CONNECTION_REFUSED @ http://localhost:5173/@vite/client:1034
[16577900ms] [ERROR] WebSocket connection to 'ws://localhost:5173/' failed: Error in connection establishment: net::ERR_CONNECTION_REFUSED @ http://localhost:5173/@vite/client:1034
[16581766ms] [ERROR] WebSocket connection to 'ws://localhost:5173/' failed: Error in connection establishment: net::ERR_CONNECTION_REFUSED @ http://localhost:5173/@vite/client:1034
[16589674ms] [ERROR] WebSocket connection to 'ws://localhost:5173/' failed: Error in connection establishment: net::ERR_CONNECTION_REFUSED @ http://localhost:5173/@vite/client:1034
[16591770ms] [ERROR] WebSocket connection to 'ws://localhost:5173/' failed: Error in connection establishment: net::ERR_CONNECTION_REFUSED @ http://localhost:5173/@vite/client:1034
[16596526ms] [ERROR] WebSocket connection to 'ws://localhost:5173/' failed: Error in connection establishment: net::ERR_CONNECTION_REFUSED @ http://localhost:5173/@vite/client:1034
[16599497ms] [ERROR] WebSocket connection to 'ws://localhost:5173/' failed: Error in connection establishment: net::ERR_CONNECTION_REFUSED @ http://localhost:5173/@vite/client:1034
[16602761ms] [ERROR] WebSocket connection to 'ws://localhost:5173/' failed: Error in connection establishment: net::ERR_CONNECTION_REFUSED @ http://localhost:5173/@vite/client:1034
[16605544ms] [ERROR] WebSocket connection to 'ws://localhost:5173/' failed: Error in connection establishment: net::ERR_CONNECTION_REFUSED @ http://localhost:5173/@vite/client:1034
[16611321ms] [ERROR] WebSocket connection to 'ws://localhost:5173/' failed: Error in connection establishment: net::ERR_CONNECTION_REFUSED @ http://localhost:5173/@vite/client:1034
[16613871ms] [ERROR] WebSocket connection to 'ws://localhost:5173/' failed: Error in connection establishment: net::ERR_CONNECTION_REFUSED @ http://localhost:5173/@vite/client:1034
[16619808ms] [ERROR] WebSocket connection to 'ws://localhost:5173/' failed: Error in connection establishment: net::ERR_CONNECTION_REFUSED @ http://localhost:5173/@vite/client:1034
[16623247ms] [ERROR] WebSocket connection to 'ws://localhost:5173/' failed: Error in connection establishment: net::ERR_CONNECTION_REFUSED @ http://localhost:5173/@vite/client:1034
[16626890ms] [ERROR] WebSocket connection to 'ws://localhost:5173/' failed: Error in connection establishment: net::ERR_CONNECTION_REFUSED @ http://localhost:5173/@vite/client:1034
[16631156ms] [ERROR] WebSocket connection to 'ws://localhost:5173/' failed: Error in connection establishment: net::ERR_CONNECTION_REFUSED @ http://localhost:5173/@vite/client:1034
[16635713ms] [ERROR] WebSocket connection to 'ws://localhost:5173/' failed: Error in connection establishment: net::ERR_CONNECTION_REFUSED @ http://localhost:5173/@vite/client:1034
[16638469ms] [ERROR] WebSocket connection to 'ws://localhost:5173/' failed: Error in connection establishment: net::ERR_CONNECTION_REFUSED @ http://localhost:5173/@vite/client:1034
[16642053ms] [ERROR] WebSocket connection to 'ws://localhost:5173/' failed: Error in connection establishment: net::ERR_CONNECTION_REFUSED @ http://localhost:5173/@vite/client:1034
[16868926ms] [ERROR] WebSocket connection to 'ws://localhost:5173/' failed: Error in connection establishment: net::ERR_CONNECTION_REFUSED @ http://localhost:5173/@vite/client:1034
[16870949ms] [ERROR] WebSocket connection to 'ws://localhost:5173/' failed: Error in connection establishment: net::ERR_CONNECTION_REFUSED @ http://localhost:5173/@vite/client:1034
[16874914ms] [ERROR] WebSocket connection to 'ws://localhost:5173/' failed: Error in connection establishment: net::ERR_CONNECTION_REFUSED @ http://localhost:5173/@vite/client:1034
[16878902ms] [ERROR] WebSocket connection to 'ws://localhost:5173/' failed: Error in connection establishment: net::ERR_CONNECTION_REFUSED @ http://localhost:5173/@vite/client:1034
[16884713ms] [ERROR] WebSocket connection to 'ws://localhost:5173/' failed: Error in connection establishment: net::ERR_CONNECTION_REFUSED @ http://localhost:5173/@vite/client:1034
[16890423ms] [ERROR] WebSocket connection to 'ws://localhost:5173/' failed: Error in connection establishment: net::ERR_CONNECTION_REFUSED @ http://localhost:5173/@vite/client:1034
[16939048ms] [ERROR] WebSocket connection to 'ws://localhost:5173/' failed: Error in connection establishment: net::ERR_CONNECTION_REFUSED @ http://localhost:5173/@vite/client:1034
[16941364ms] [ERROR] WebSocket connection to 'ws://localhost:5173/' failed: Error in connection establishment: net::ERR_CONNECTION_REFUSED @ http://localhost:5173/@vite/client:1034
[16944763ms] [ERROR] WebSocket connection to 'ws://localhost:5173/' failed: Error in connection establishment: net::ERR_CONNECTION_REFUSED @ http://localhost:5173/@vite/client:1034
[16949253ms] [ERROR] WebSocket connection to 'ws://localhost:5173/' failed: Error in connection establishment: net::ERR_CONNECTION_REFUSED @ http://localhost:5173/@vite/client:1034
[16954815ms] [ERROR] WebSocket connection to 'ws://localhost:5173/' failed: Error in connection establishment: net::ERR_CONNECTION_REFUSED @ http://localhost:5173/@vite/client:1034
[16959847ms] [ERROR] WebSocket connection to 'ws://localhost:5173/' failed: Error in connection establishment: net::ERR_CONNECTION_REFUSED @ http://localhost:5173/@vite/client:1034
[16962442ms] [ERROR] WebSocket connection to 'ws://localhost:5173/' failed: Error in connection establishment: net::ERR_CONNECTION_REFUSED @ http://localhost:5173/@vite/client:1034
[16964947ms] [ERROR] WebSocket connection to 'ws://localhost:5173/' failed: Error in connection establishment: net::ERR_CONNECTION_REFUSED @ http://localhost:5173/@vite/client:1034
[16967942ms] [ERROR] WebSocket connection to 'ws://localhost:5173/' failed: Error in connection establishment: net::ERR_CONNECTION_REFUSED @ http://localhost:5173/@vite/client:1034
[16972085ms] [ERROR] WebSocket connection to 'ws://localhost:5173/' failed: Error in connection establishment: net::ERR_CONNECTION_REFUSED @ http://localhost:5173/@vite/client:1034
[16974418ms] [ERROR] WebSocket connection to 'ws://localhost:5173/' failed: Error in connection establishment: net::ERR_CONNECTION_REFUSED @ http://localhost:5173/@vite/client:1034
[16978842ms] [ERROR] WebSocket connection to 'ws://localhost:5173/' failed: Error in connection establishment: net::ERR_CONNECTION_REFUSED @ http://localhost:5173/@vite/client:1034
[16982274ms] [ERROR] WebSocket connection to 'ws://localhost:5173/' failed: Error in connection establishment: net::ERR_CONNECTION_REFUSED @ http://localhost:5173/@vite/client:1034
[16986921ms] [ERROR] WebSocket connection to 'ws://localhost:5173/' failed: Error in connection establishment: net::ERR_CONNECTION_REFUSED @ http://localhost:5173/@vite/client:1034
[17185388ms] [ERROR] WebSocket connection to 'ws://localhost:5173/' failed: Error in connection establishment: net::ERR_CONNECTION_REFUSED @ http://localhost:5173/@vite/client:1034
[17187584ms] [ERROR] WebSocket connection to 'ws://localhost:5173/' failed: Error in connection establishment: net::ERR_CONNECTION_REFUSED @ http://localhost:5173/@vite/client:1034
[17191358ms] [ERROR] WebSocket connection to 'ws://localhost:5173/' failed: Error in connection establishment: net::ERR_CONNECTION_REFUSED @ http://localhost:5173/@vite/client:1034
[17194943ms] [ERROR] WebSocket connection to 'ws://localhost:5173/' failed: Error in connection establishment: net::ERR_CONNECTION_REFUSED @ http://localhost:5173/@vite/client:1034
[17199372ms] [ERROR] WebSocket connection to 'ws://localhost:5173/' failed: Error in connection establishment: net::ERR_CONNECTION_REFUSED @ http://localhost:5173/@vite/client:1034
[17203451ms] [ERROR] WebSocket connection to 'ws://localhost:5173/' failed: Error in connection establishment: net::ERR_CONNECTION_REFUSED @ http://localhost:5173/@vite/client:1034
[17206981ms] [ERROR] WebSocket connection to 'ws://localhost:5173/' failed: Error in connection establishment: net::ERR_CONNECTION_REFUSED @ http://localhost:5173/@vite/client:1034
[17210875ms] [ERROR] WebSocket connection to 'ws://localhost:5173/' failed: Error in connection establishment: net::ERR_CONNECTION_REFUSED @ http://localhost:5173/@vite/client:1034
[17213945ms] [ERROR] WebSocket connection to 'ws://localhost:5173/' failed: Error in connection establishment: net::ERR_CONNECTION_REFUSED @ http://localhost:5173/@vite/client:1034
[17219749ms] [ERROR] WebSocket connection to 'ws://localhost:5173/' failed: Error in connection establishment: net::ERR_CONNECTION_REFUSED @ http://localhost:5173/@vite/client:1034
[17223793ms] [ERROR] WebSocket connection to 'ws://localhost:5173/' failed: Error in connection establishment: net::ERR_CONNECTION_REFUSED @ http://localhost:5173/@vite/client:1034
[17226342ms] [ERROR] WebSocket connection to 'ws://localhost:5173/' failed: Error in connection establishment: net::ERR_CONNECTION_REFUSED @ http://localhost:5173/@vite/client:1034
[17227361ms] [ERROR] WebSocket connection to 'ws://localhost:5173/' failed: Error in connection establishment: net::ERR_CONNECTION_REFUSED @ http://localhost:5173/@vite/client:1034
[17228398ms] [ERROR] WebSocket connection to 'ws://localhost:5173/' failed: Error in connection establishment: net::ERR_CONNECTION_REFUSED @ http://localhost:5173/@vite/client:1034
[17229426ms] [ERROR] WebSocket connection to 'ws://localhost:5173/' failed: Error in connection establishment: net::ERR_CONNECTION_REFUSED @ http://localhost:5173/@vite/client:1034
[17230445ms] [ERROR] WebSocket connection to 'ws://localhost:5173/' failed: Error in connection establishment: net::ERR_CONNECTION_REFUSED @ http://localhost:5173/@vite/client:1034
[17231465ms] [ERROR] WebSocket connection to 'ws://localhost:5173/' failed: Error in connection establishment: net::ERR_CONNECTION_REFUSED @ http://localhost:5173/@vite/client:1034
[17232490ms] [ERROR] WebSocket connection to 'ws://localhost:5173/' failed: Error in connection establishment: net::ERR_CONNECTION_REFUSED @ http://localhost:5173/@vite/client:1034
[17233523ms] [ERROR] WebSocket connection to 'ws://localhost:5173/' failed: Error in connection establishment: net::ERR_CONNECTION_REFUSED @ http://localhost:5173/@vite/client:1034
[17234572ms] [ERROR] WebSocket connection to 'ws://localhost:5173/' failed: Error in connection establishment: net::ERR_CONNECTION_REFUSED @ http://localhost:5173/@vite/client:1034
[17235615ms] [ERROR] WebSocket connection to 'ws://localhost:5173/' failed: Error in connection establishment: net::ERR_CONNECTION_REFUSED @ http://localhost:5173/@vite/client:1034
[17236702ms] [ERROR] WebSocket connection to 'ws://localhost:5173/' failed: Error in connection establishment: net::ERR_CONNECTION_REFUSED @ http://localhost:5173/@vite/client:1034
[17237882ms] [ERROR] WebSocket connection to 'ws://localhost:5173/' failed: Error in connection establishment: net::ERR_CONNECTION_REFUSED @ http://localhost:5173/@vite/client:1034
[17239069ms] [ERROR] WebSocket connection to 'ws://localhost:5173/' failed: Error in connection establishment: net::ERR_CONNECTION_REFUSED @ http://localhost:5173/@vite/client:1034
[17240270ms] [ERROR] WebSocket connection to 'ws://localhost:5173/' failed: Error in connection establishment: net::ERR_CONNECTION_REFUSED @ http://localhost:5173/@vite/client:1034
[17241952ms] [ERROR] WebSocket connection to 'ws://localhost:5173/' failed: Error in connection establishment: net::ERR_CONNECTION_REFUSED @ http://localhost:5173/@vite/client:1034
[17243806ms] [ERROR] WebSocket connection to 'ws://localhost:5173/' failed: Error in connection establishment: net::ERR_CONNECTION_REFUSED @ http://localhost:5173/@vite/client:1034
[17305751ms] [ERROR] WebSocket connection to 'ws://localhost:5173/' failed: Error in connection establishment: net::ERR_CONNECTION_REFUSED @ http://localhost:5173/@vite/client:1034
[17310154ms] [ERROR] WebSocket connection to 'ws://localhost:5173/' failed: Error in connection establishment: net::ERR_CONNECTION_REFUSED @ http://localhost:5173/@vite/client:1034
[17316091ms] [ERROR] WebSocket connection to 'ws://localhost:5173/' failed: Error in connection establishment: net::ERR_CONNECTION_REFUSED @ http://localhost:5173/@vite/client:1034
[17319764ms] [ERROR] WebSocket connection to 'ws://localhost:5173/' failed: Error in connection establishment: net::ERR_CONNECTION_REFUSED @ http://localhost:5173/@vite/client:1034
[17324449ms] [ERROR] WebSocket connection to 'ws://localhost:5173/' failed: Error in connection establishment: net::ERR_CONNECTION_REFUSED @ http://localhost:5173/@vite/client:1034
[17329909ms] [ERROR] WebSocket connection to 'ws://localhost:5173/' failed: Error in connection establishment: net::ERR_CONNECTION_REFUSED @ http://localhost:5173/@vite/client:1034
[17334593ms] [ERROR] WebSocket connection to 'ws://localhost:5173/' failed: Error in connection establishment: net::ERR_CONNECTION_REFUSED @ http://localhost:5173/@vite/client:1034
[17337589ms] [ERROR] WebSocket connection to 'ws://localhost:5173/' failed: Error in connection establishment: net::ERR_CONNECTION_REFUSED @ http://localhost:5173/@vite/client:1034
[17340682ms] [ERROR] WebSocket connection to 'ws://localhost:5173/' failed: Error in connection establishment: net::ERR_CONNECTION_REFUSED @ http://localhost:5173/@vite/client:1034
[17343736ms] [ERROR] WebSocket connection to 'ws://localhost:5173/' failed: Error in connection establishment: net::ERR_CONNECTION_REFUSED @ http://localhost:5173/@vite/client:1034
[17345924ms] [ERROR] WebSocket connection to 'ws://localhost:5173/' failed: Error in connection establishment: net::ERR_CONNECTION_REFUSED @ http://localhost:5173/@vite/client:1034
[17347944ms] [ERROR] WebSocket connection to 'ws://localhost:5173/' failed: Error in connection establishment: net::ERR_CONNECTION_REFUSED @ http://localhost:5173/@vite/client:1034
[17350090ms] [ERROR] WebSocket connection to 'ws://localhost:5173/' failed: Error in connection establishment: net::ERR_CONNECTION_REFUSED @ http://localhost:5173/@vite/client:1034
[17360468ms] [ERROR] WebSocket connection to 'ws://localhost:5173/' failed: Error in connection establishment: net::ERR_CONNECTION_REFUSED @ http://localhost:5173/@vite/client:1034
[17365521ms] [ERROR] WebSocket connection to 'ws://localhost:5173/' failed: Error in connection establishment: net::ERR_CONNECTION_REFUSED @ http://localhost:5173/@vite/client:1034
[17370401ms] [ERROR] WebSocket connection to 'ws://localhost:5173/' failed: Error in connection establishment: net::ERR_CONNECTION_REFUSED @ http://localhost:5173/@vite/client:1034
[17375541ms] [ERROR] WebSocket connection to 'ws://localhost:5173/' failed: Error in connection establishment: net::ERR_CONNECTION_REFUSED @ http://localhost:5173/@vite/client:1034
[17378313ms] [ERROR] WebSocket connection to 'ws://localhost:5173/' failed: Error in connection establishment: net::ERR_CONNECTION_REFUSED @ http://localhost:5173/@vite/client:1034
[17381523ms] [ERROR] WebSocket connection to 'ws://localhost:5173/' failed: Error in connection establishment: net::ERR_CONNECTION_REFUSED @ http://localhost:5173/@vite/client:1034
[17384799ms] [ERROR] WebSocket connection to 'ws://localhost:5173/' failed: Error in connection establishment: net::ERR_CONNECTION_REFUSED @ http://localhost:5173/@vite/client:1034
[17387255ms] [ERROR] WebSocket connection to 'ws://localhost:5173/' failed: Error in connection establishment: net::ERR_CONNECTION_REFUSED @ http://localhost:5173/@vite/client:1034
[17392865ms] [ERROR] WebSocket connection to 'ws://localhost:5173/' failed: Error in connection establishment: net::ERR_CONNECTION_REFUSED @ http://localhost:5173/@vite/client:1034
[17396972ms] [ERROR] WebSocket connection to 'ws://localhost:5173/' failed: Error in connection establishment: net::ERR_CONNECTION_REFUSED @ http://localhost:5173/@vite/client:1034
[17399184ms] [ERROR] WebSocket connection to 'ws://localhost:5173/' failed: Error in connection establishment: net::ERR_CONNECTION_REFUSED @ http://localhost:5173/@vite/client:1034
[17401619ms] [ERROR] WebSocket connection to 'ws://localhost:5173/' failed: Error in connection establishment: net::ERR_CONNECTION_REFUSED @ http://localhost:5173/@vite/client:1034
[17405126ms] [ERROR] WebSocket connection to 'ws://localhost:5173/' failed: Error in connection establishment: net::ERR_CONNECTION_REFUSED @ http://localhost:5173/@vite/client:1034
[17409915ms] [ERROR] WebSocket connection to 'ws://localhost:5173/' failed: Error in connection establishment: net::ERR_CONNECTION_REFUSED @ http://localhost:5173/@vite/client:1034
[17413826ms] [ERROR] WebSocket connection to 'ws://localhost:5173/' failed: Error in connection establishment: net::ERR_CONNECTION_REFUSED @ http://localhost:5173/@vite/client:1034
[17419101ms] [ERROR] WebSocket connection to 'ws://localhost:5173/' failed: Error in connection establishment: net::ERR_CONNECTION_REFUSED @ http://localhost:5173/@vite/client:1034
[17510682ms] [ERROR] WebSocket connection to 'ws://localhost:5173/' failed: Error in connection establishment: net::ERR_CONNECTION_REFUSED @ http://localhost:5173/@vite/client:1034
[17516428ms] [ERROR] WebSocket connection to 'ws://localhost:5173/' failed: Error in connection establishment: net::ERR_CONNECTION_REFUSED @ http://localhost:5173/@vite/client:1034
[17520859ms] [ERROR] WebSocket connection to 'ws://localhost:5173/' failed: Error in connection establishment: net::ERR_CONNECTION_REFUSED @ http://localhost:5173/@vite/client:1034
[17523799ms] [ERROR] WebSocket connection to 'ws://localhost:5173/' failed: Error in connection establishment: net::ERR_CONNECTION_REFUSED @ http://localhost:5173/@vite/client:1034
[17527640ms] [ERROR] WebSocket connection to 'ws://localhost:5173/' failed: Error in connection establishment: net::ERR_CONNECTION_REFUSED @ http://localhost:5173/@vite/client:1034
[17530904ms] [ERROR] WebSocket connection to 'ws://localhost:5173/' failed: Error in connection establishment: net::ERR_CONNECTION_REFUSED @ http://localhost:5173/@vite/client:1034
[17535072ms] [ERROR] WebSocket connection to 'ws://localhost:5173/' failed: Error in connection establishment: net::ERR_CONNECTION_REFUSED @ http://localhost:5173/@vite/client:1034
[17539485ms] [ERROR] WebSocket connection to 'ws://localhost:5173/' failed: Error in connection establishment: net::ERR_CONNECTION_REFUSED @ http://localhost:5173/@vite/client:1034
[17544433ms] [ERROR] WebSocket connection to 'ws://localhost:5173/' failed: Error in connection establishment: net::ERR_CONNECTION_REFUSED @ http://localhost:5173/@vite/client:1034
[17548725ms] [ERROR] WebSocket connection to 'ws://localhost:5173/' failed: Error in connection establishment: net::ERR_CONNECTION_REFUSED @ http://localhost:5173/@vite/client:1034
[17551848ms] [ERROR] WebSocket connection to 'ws://localhost:5173/' failed: Error in connection establishment: net::ERR_CONNECTION_REFUSED @ http://localhost:5173/@vite/client:1034
[17557544ms] [ERROR] WebSocket connection to 'ws://localhost:5173/' failed: Error in connection establishment: net::ERR_CONNECTION_REFUSED @ http://localhost:5173/@vite/client:1034
[17560474ms] [ERROR] WebSocket connection to 'ws://localhost:5173/' failed: Error in connection establishment: net::ERR_CONNECTION_REFUSED @ http://localhost:5173/@vite/client:1034
[17562987ms] [ERROR] WebSocket connection to 'ws://localhost:5173/' failed: Error in connection establishment: net::ERR_CONNECTION_REFUSED @ http://localhost:5173/@vite/client:1034
[17567804ms] [ERROR] WebSocket connection to 'ws://localhost:5173/' failed: Error in connection establishment: net::ERR_CONNECTION_REFUSED @ http://localhost:5173/@vite/client:1034
[17569906ms] [ERROR] WebSocket connection to 'ws://localhost:5173/' failed: Error in connection establishment: net::ERR_CONNECTION_REFUSED @ http://localhost:5173/@vite/client:1034
[17571996ms] [ERROR] WebSocket connection to 'ws://localhost:5173/' failed: Error in connection establishment: net::ERR_CONNECTION_REFUSED @ http://localhost:5173/@vite/client:1034
[17576329ms] [ERROR] WebSocket connection to 'ws://localhost:5173/' failed: Error in connection establishment: net::ERR_CONNECTION_REFUSED @ http://localhost:5173/@vite/client:1034
[17580927ms] [ERROR] WebSocket connection to 'ws://localhost:5173/' failed: Error in connection establishment: net::ERR_CONNECTION_REFUSED @ http://localhost:5173/@vite/client:1034
[17603470ms] [ERROR] WebSocket connection to 'ws://localhost:5173/' failed: Error in connection establishment: net::ERR_CONNECTION_REFUSED @ http://localhost:5173/@vite/client:1034
[17607153ms] [ERROR] WebSocket connection to 'ws://localhost:5173/' failed: Error in connection establishment: net::ERR_CONNECTION_REFUSED @ http://localhost:5173/@vite/client:1034
[17612717ms] [ERROR] WebSocket connection to 'ws://localhost:5173/' failed: Error in connection establishment: net::ERR_CONNECTION_REFUSED @ http://localhost:5173/@vite/client:1034
[17614962ms] [ERROR] WebSocket connection to 'ws://localhost:5173/' failed: Error in connection establishment: net::ERR_CONNECTION_REFUSED @ http://localhost:5173/@vite/client:1034
[17619379ms] [ERROR] WebSocket connection to 'ws://localhost:5173/' failed: Error in connection establishment: net::ERR_CONNECTION_REFUSED @ http://localhost:5173/@vite/client:1034
[17621889ms] [ERROR] WebSocket connection to 'ws://localhost:5173/' failed: Error in connection establishment: net::ERR_CONNECTION_REFUSED @ http://localhost:5173/@vite/client:1034
[17787260ms] [ERROR] WebSocket connection to 'ws://localhost:5173/' failed: Error in connection establishment: net::ERR_CONNECTION_REFUSED @ http://localhost:5173/@vite/client:1034
[17792455ms] [ERROR] WebSocket connection to 'ws://localhost:5173/' failed: Error in connection establishment: net::ERR_CONNECTION_REFUSED @ http://localhost:5173/@vite/client:1034
[17795326ms] [ERROR] WebSocket connection to 'ws://localhost:5173/' failed: Error in connection establishment: net::ERR_CONNECTION_REFUSED @ http://localhost:5173/@vite/client:1034
[17800936ms] [ERROR] WebSocket connection to 'ws://localhost:5173/' failed: Error in connection establishment: net::ERR_CONNECTION_REFUSED @ http://localhost:5173/@vite/client:1034
[17805934ms] [ERROR] WebSocket connection to 'ws://localhost:5173/' failed: Error in connection establishment: net::ERR_CONNECTION_REFUSED @ http://localhost:5173/@vite/client:1034
[17809354ms] [ERROR] WebSocket connection to 'ws://localhost:5173/' failed: Error in connection establishment: net::ERR_CONNECTION_REFUSED @ http://localhost:5173/@vite/client:1034
[17813437ms] [ERROR] WebSocket connection to 'ws://localhost:5173/' failed: Error in connection establishment: net::ERR_CONNECTION_REFUSED @ http://localhost:5173/@vite/client:1034
[17816909ms] [ERROR] WebSocket connection to 'ws://localhost:5173/' failed: Error in connection establishment: net::ERR_CONNECTION_REFUSED @ http://localhost:5173/@vite/client:1034
[17821969ms] [ERROR] WebSocket connection to 'ws://localhost:5173/' failed: Error in connection establishment: net::ERR_CONNECTION_REFUSED @ http://localhost:5173/@vite/client:1034
[17825521ms] [ERROR] WebSocket connection to 'ws://localhost:5173/' failed: Error in connection establishment: net::ERR_CONNECTION_REFUSED @ http://localhost:5173/@vite/client:1034
[17827556ms] [ERROR] WebSocket connection to 'ws://localhost:5173/' failed: Error in connection establishment: net::ERR_CONNECTION_REFUSED @ http://localhost:5173/@vite/client:1034
[17831269ms] [ERROR] WebSocket connection to 'ws://localhost:5173/' failed: Error in connection establishment: net::ERR_CONNECTION_REFUSED @ http://localhost:5173/@vite/client:1034
[17836848ms] [ERROR] WebSocket connection to 'ws://localhost:5173/' failed: Error in connection establishment: net::ERR_CONNECTION_REFUSED @ http://localhost:5173/@vite/client:1034
[17841233ms] [ERROR] WebSocket connection to 'ws://localhost:5173/' failed: Error in connection establishment: net::ERR_CONNECTION_REFUSED @ http://localhost:5173/@vite/client:1034
[17843469ms] [ERROR] WebSocket connection to 'ws://localhost:5173/' failed: Error in connection establishment: net::ERR_CONNECTION_REFUSED @ http://localhost:5173/@vite/client:1034
[17845757ms] [ERROR] WebSocket connection to 'ws://localhost:5173/' failed: Error in connection establishment: net::ERR_CONNECTION_REFUSED @ http://localhost:5173/@vite/client:1034
[18075099ms] [ERROR] WebSocket connection to 'ws://localhost:5173/' failed: Error in connection establishment: net::ERR_CONNECTION_REFUSED @ http://localhost:5173/@vite/client:1034
[18079808ms] [ERROR] WebSocket connection to 'ws://localhost:5173/' failed: Error in connection establishment: net::ERR_CONNECTION_REFUSED @ http://localhost:5173/@vite/client:1034
[18082671ms] [ERROR] WebSocket connection to 'ws://localhost:5173/' failed: Error in connection establishment: net::ERR_CONNECTION_REFUSED @ http://localhost:5173/@vite/client:1034
[18087106ms] [ERROR] WebSocket connection to 'ws://localhost:5173/' failed: Error in connection establishment: net::ERR_CONNECTION_REFUSED @ http://localhost:5173/@vite/client:1034
[18090993ms] [ERROR] WebSocket connection to 'ws://localhost:5173/' failed: Error in connection establishment: net::ERR_CONNECTION_REFUSED @ http://localhost:5173/@vite/client:1034
[18137250ms] [ERROR] WebSocket connection to 'ws://localhost:5173/' failed: Error in connection establishment: net::ERR_CONNECTION_REFUSED @ http://localhost:5173/@vite/client:1034
[18141565ms] [ERROR] WebSocket connection to 'ws://localhost:5173/' failed: Error in connection establishment: net::ERR_CONNECTION_REFUSED @ http://localhost:5173/@vite/client:1034
[18144186ms] [ERROR] WebSocket connection to 'ws://localhost:5173/' failed: Error in connection establishment: net::ERR_CONNECTION_REFUSED @ http://localhost:5173/@vite/client:1034
[18147942ms] [ERROR] WebSocket connection to 'ws://localhost:5173/' failed: Error in connection establishment: net::ERR_CONNECTION_REFUSED @ http://localhost:5173/@vite/client:1034
[18150823ms] [ERROR] WebSocket connection to 'ws://localhost:5173/' failed: Error in connection establishment: net::ERR_CONNECTION_REFUSED @ http://localhost:5173/@vite/client:1034
[18153811ms] [ERROR] WebSocket connection to 'ws://localhost:5173/' failed: Error in connection establishment: net::ERR_CONNECTION_REFUSED @ http://localhost:5173/@vite/client:1034
[18158859ms] [ERROR] WebSocket connection to 'ws://localhost:5173/' failed: Error in connection establishment: net::ERR_CONNECTION_REFUSED @ http://localhost:5173/@vite/client:1034
[18163582ms] [ERROR] WebSocket connection to 'ws://localhost:5173/' failed: Error in connection establishment: net::ERR_CONNECTION_REFUSED @ http://localhost:5173/@vite/client:1034
[18168528ms] [ERROR] WebSocket connection to 'ws://localhost:5173/' failed: Error in connection establishment: net::ERR_CONNECTION_REFUSED @ http://localhost:5173/@vite/client:1034
[18172348ms] [ERROR] WebSocket connection to 'ws://localhost:5173/' failed: Error in connection establishment: net::ERR_CONNECTION_REFUSED @ http://localhost:5173/@vite/client:1034
[18176852ms] [ERROR] WebSocket connection to 'ws://localhost:5173/' failed: Error in connection establishment: net::ERR_CONNECTION_REFUSED @ http://localhost:5173/@vite/client:1034
[18181386ms] [ERROR] WebSocket connection to 'ws://localhost:5173/' failed: Error in connection establishment: net::ERR_CONNECTION_REFUSED @ http://localhost:5173/@vite/client:1034
[18184529ms] [ERROR] WebSocket connection to 'ws://localhost:5173/' failed: Error in connection establishment: net::ERR_CONNECTION_REFUSED @ http://localhost:5173/@vite/client:1034
[18294078ms] [ERROR] WebSocket connection to 'ws://localhost:5173/' failed: Error in connection establishment: net::ERR_CONNECTION_REFUSED @ http://localhost:5173/@vite/client:1034
[18298863ms] [ERROR] WebSocket connection to 'ws://localhost:5173/' failed: Error in connection establishment: net::ERR_CONNECTION_REFUSED @ http://localhost:5173/@vite/client:1034
[18303410ms] [ERROR] WebSocket connection to 'ws://localhost:5173/' failed: Error in connection establishment: net::ERR_CONNECTION_REFUSED @ http://localhost:5173/@vite/client:1034
[18306926ms] [ERROR] WebSocket connection to 'ws://localhost:5173/' failed: Error in connection establishment: net::ERR_CONNECTION_REFUSED @ http://localhost:5173/@vite/client:1034
[18310841ms] [ERROR] WebSocket connection to 'ws://localhost:5173/' failed: Error in connection establishment: net::ERR_CONNECTION_REFUSED @ http://localhost:5173/@vite/client:1034
[18313235ms] [ERROR] WebSocket connection to 'ws://localhost:5173/' failed: Error in connection establishment: net::ERR_CONNECTION_REFUSED @ http://localhost:5173/@vite/client:1034
[18367967ms] [ERROR] WebSocket connection to 'ws://localhost:5173/' failed: Error in connection establishment: net::ERR_CONNECTION_REFUSED @ http://localhost:5173/@vite/client:1034
[18373919ms] [ERROR] WebSocket connection to 'ws://localhost:5173/' failed: Error in connection establishment: net::ERR_CONNECTION_REFUSED @ http://localhost:5173/@vite/client:1034
[18379075ms] [ERROR] WebSocket connection to 'ws://localhost:5173/' failed: Error in connection establishment: net::ERR_CONNECTION_REFUSED @ http://localhost:5173/@vite/client:1034
[18383493ms] [ERROR] WebSocket connection to 'ws://localhost:5173/' failed: Error in connection establishment: net::ERR_CONNECTION_REFUSED @ http://localhost:5173/@vite/client:1034
[18429811ms] [ERROR] WebSocket connection to 'ws://localhost:5173/' failed: Error in connection establishment: net::ERR_CONNECTION_REFUSED @ http://localhost:5173/@vite/client:1034
[18433270ms] [ERROR] WebSocket connection to 'ws://localhost:5173/' failed: Error in connection establishment: net::ERR_CONNECTION_REFUSED @ http://localhost:5173/@vite/client:1034
[18437109ms] [ERROR] WebSocket connection to 'ws://localhost:5173/' failed: Error in connection establishment: net::ERR_CONNECTION_REFUSED @ http://localhost:5173/@vite/client:1034
[18441406ms] [ERROR] WebSocket connection to 'ws://localhost:5173/' failed: Error in connection establishment: net::ERR_CONNECTION_REFUSED @ http://localhost:5173/@vite/client:1034
[18445553ms] [ERROR] WebSocket connection to 'ws://localhost:5173/' failed: Error in connection establishment: net::ERR_CONNECTION_REFUSED @ http://localhost:5173/@vite/client:1034
[18447612ms] [ERROR] WebSocket connection to 'ws://localhost:5173/' failed: Error in connection establishment: net::ERR_CONNECTION_REFUSED @ http://localhost:5173/@vite/client:1034
[18489757ms] [ERROR] WebSocket connection to 'ws://localhost:5173/' failed: Error in connection establishment: net::ERR_CONNECTION_REFUSED @ http://localhost:5173/@vite/client:1034
[18493856ms] [ERROR] WebSocket connection to 'ws://localhost:5173/' failed: Error in connection establishment: net::ERR_CONNECTION_REFUSED @ http://localhost:5173/@vite/client:1034
[18497723ms] [ERROR] WebSocket connection to 'ws://localhost:5173/' failed: Error in connection establishment: net::ERR_CONNECTION_REFUSED @ http://localhost:5173/@vite/client:1034
[18502555ms] [ERROR] WebSocket connection to 'ws://localhost:5173/' failed: Error in connection establishment: net::ERR_CONNECTION_REFUSED @ http://localhost:5173/@vite/client:1034
[18870553ms] [ERROR] WebSocket connection to 'ws://localhost:5173/' failed: Error in connection establishment: net::ERR_CONNECTION_REFUSED @ http://localhost:5173/@vite/client:1034
[18874583ms] [ERROR] WebSocket connection to 'ws://localhost:5173/' failed: Error in connection establishment: net::ERR_CONNECTION_REFUSED @ http://localhost:5173/@vite/client:1034
[18877189ms] [ERROR] WebSocket connection to 'ws://localhost:5173/' failed: Error in connection establishment: net::ERR_CONNECTION_REFUSED @ http://localhost:5173/@vite/client:1034
[18880821ms] [ERROR] WebSocket connection to 'ws://localhost:5173/' failed: Error in connection establishment: net::ERR_CONNECTION_REFUSED @ http://localhost:5173/@vite/client:1034
[18886329ms] [ERROR] WebSocket connection to 'ws://localhost:5173/' failed: Error in connection establishment: net::ERR_CONNECTION_REFUSED @ http://localhost:5173/@vite/client:1034
[18915066ms] [ERROR] WebSocket connection to 'ws://localhost:5173/' failed: Error in connection establishment: net::ERR_CONNECTION_REFUSED @ http://localhost:5173/@vite/client:1034
[18920593ms] [ERROR] WebSocket connection to 'ws://localhost:5173/' failed: Error in connection establishment: net::ERR_CONNECTION_REFUSED @ http://localhost:5173/@vite/client:1034
[18923512ms] [ERROR] WebSocket connection to 'ws://localhost:5173/' failed: Error in connection establishment: net::ERR_CONNECTION_REFUSED @ http://localhost:5173/@vite/client:1034
[18927402ms] [ERROR] WebSocket connection to 'ws://localhost:5173/' failed: Error in connection establishment: net::ERR_CONNECTION_REFUSED @ http://localhost:5173/@vite/client:1034
[18932060ms] [ERROR] WebSocket connection to 'ws://localhost:5173/' failed: Error in connection establishment: net::ERR_CONNECTION_REFUSED @ http://localhost:5173/@vite/client:1034
[18936583ms] [ERROR] WebSocket connection to 'ws://localhost:5173/' failed: Error in connection establishment: net::ERR_CONNECTION_REFUSED @ http://localhost:5173/@vite/client:1034
[18938818ms] [ERROR] WebSocket connection to 'ws://localhost:5173/' failed: Error in connection establishment: net::ERR_CONNECTION_REFUSED @ http://localhost:5173/@vite/client:1034
[18942217ms] [ERROR] WebSocket connection to 'ws://localhost:5173/' failed: Error in connection establishment: net::ERR_CONNECTION_REFUSED @ http://localhost:5173/@vite/client:1034
[18944491ms] [ERROR] WebSocket connection to 'ws://localhost:5173/' failed: Error in connection establishment: net::ERR_CONNECTION_REFUSED @ http://localhost:5173/@vite/client:1034
[18988309ms] [ERROR] WebSocket connection to 'ws://localhost:5173/' failed: Error in connection establishment: net::ERR_CONNECTION_REFUSED @ http://localhost:5173/@vite/client:1034
[18991665ms] [ERROR] WebSocket connection to 'ws://localhost:5173/' failed: Error in connection establishment: net::ERR_CONNECTION_REFUSED @ http://localhost:5173/@vite/client:1034
[18995687ms] [ERROR] WebSocket connection to 'ws://localhost:5173/' failed: Error in connection establishment: net::ERR_CONNECTION_REFUSED @ http://localhost:5173/@vite/client:1034
[18999866ms] [ERROR] WebSocket connection to 'ws://localhost:5173/' failed: Error in connection establishment: net::ERR_CONNECTION_REFUSED @ http://localhost:5173/@vite/client:1034
[19003563ms] [ERROR] WebSocket connection to 'ws://localhost:5173/' failed: Error in connection establishment: net::ERR_CONNECTION_REFUSED @ http://localhost:5173/@vite/client:1034
[19006502ms] [ERROR] WebSocket connection to 'ws://localhost:5173/' failed: Error in connection establishment: net::ERR_CONNECTION_REFUSED @ http://localhost:5173/@vite/client:1034
[19011622ms] [ERROR] WebSocket connection to 'ws://localhost:5173/' failed: Error in connection establishment: net::ERR_CONNECTION_REFUSED @ http://localhost:5173/@vite/client:1034
[19014576ms] [ERROR] WebSocket connection to 'ws://localhost:5173/' failed: Error in connection establishment: net::ERR_CONNECTION_REFUSED @ http://localhost:5173/@vite/client:1034
[19018374ms] [ERROR] WebSocket connection to 'ws://localhost:5173/' failed: Error in connection establishment: net::ERR_CONNECTION_REFUSED @ http://localhost:5173/@vite/client:1034
[19020951ms] [ERROR] WebSocket connection to 'ws://localhost:5173/' failed: Error in connection establishment: net::ERR_CONNECTION_REFUSED @ http://localhost:5173/@vite/client:1034
[19024772ms] [ERROR] WebSocket connection to 'ws://localhost:5173/' failed: Error in connection establishment: net::ERR_CONNECTION_REFUSED @ http://localhost:5173/@vite/client:1034
[19029672ms] [ERROR] WebSocket connection to 'ws://localhost:5173/' failed: Error in connection establishment: net::ERR_CONNECTION_REFUSED @ http://localhost:5173/@vite/client:1034
[19033932ms] [ERROR] WebSocket connection to 'ws://localhost:5173/' failed: Error in connection establishment: net::ERR_CONNECTION_REFUSED @ http://localhost:5173/@vite/client:1034
[19039169ms] [ERROR] WebSocket connection to 'ws://localhost:5173/' failed: Error in connection establishment: net::ERR_CONNECTION_REFUSED @ http://localhost:5173/@vite/client:1034
[19044418ms] [ERROR] WebSocket connection to 'ws://localhost:5173/' failed: Error in connection establishment: net::ERR_CONNECTION_REFUSED @ http://localhost:5173/@vite/client:1034
[19082507ms] [ERROR] WebSocket connection to 'ws://localhost:5173/' failed: Error in connection establishment: net::ERR_CONNECTION_REFUSED @ http://localhost:5173/@vite/client:1034
[19086995ms] [ERROR] WebSocket connection to 'ws://localhost:5173/' failed: Error in connection establishment: net::ERR_CONNECTION_REFUSED @ http://localhost:5173/@vite/client:1034
[19092227ms] [ERROR] WebSocket connection to 'ws://localhost:5173/' failed: Error in connection establishment: net::ERR_CONNECTION_REFUSED @ http://localhost:5173/@vite/client:1034
[19097440ms] [ERROR] WebSocket connection to 'ws://localhost:5173/' failed: Error in connection establishment: net::ERR_CONNECTION_REFUSED @ http://localhost:5173/@vite/client:1034
[19161375ms] [ERROR] WebSocket connection to 'ws://localhost:5173/' failed: Error in connection establishment: net::ERR_CONNECTION_REFUSED @ http://localhost:5173/@vite/client:1034
[19165505ms] [ERROR] WebSocket connection to 'ws://localhost:5173/' failed: Error in connection establishment: net::ERR_CONNECTION_REFUSED @ http://localhost:5173/@vite/client:1034
[19169877ms] [ERROR] WebSocket connection to 'ws://localhost:5173/' failed: Error in connection establishment: net::ERR_CONNECTION_REFUSED @ http://localhost:5173/@vite/client:1034
[19174782ms] [ERROR] WebSocket connection to 'ws://localhost:5173/' failed: Error in connection establishment: net::ERR_CONNECTION_REFUSED @ http://localhost:5173/@vite/client:1034
[19177779ms] [ERROR] WebSocket connection to 'ws://localhost:5173/' failed: Error in connection establishment: net::ERR_CONNECTION_REFUSED @ http://localhost:5173/@vite/client:1034
[19180783ms] [ERROR] WebSocket connection to 'ws://localhost:5173/' failed: Error in connection establishment: net::ERR_CONNECTION_REFUSED @ http://localhost:5173/@vite/client:1034
[19181785ms] [ERROR] WebSocket connection to 'ws://localhost:5173/' failed: Error in connection establishment: net::ERR_CONNECTION_REFUSED @ http://localhost:5173/@vite/client:1034
[19182787ms] [ERROR] WebSocket connection to 'ws://localhost:5173/' failed: Error in connection establishment: net::ERR_CONNECTION_REFUSED @ http://localhost:5173/@vite/client:1034
[19305924ms] [ERROR] WebSocket connection to 'ws://localhost:5173/' failed: Error in connection establishment: net::ERR_CONNECTION_REFUSED @ http://localhost:5173/@vite/client:1034
[19306927ms] [ERROR] WebSocket connection to 'ws://localhost:5173/' failed: Error in connection establishment: net::ERR_CONNECTION_REFUSED @ http://localhost:5173/@vite/client:1034
[19307930ms] [ERROR] WebSocket connection to 'ws://localhost:5173/' failed: Error in connection establishment: net::ERR_CONNECTION_REFUSED @ http://localhost:5173/@vite/client:1034
[19308938ms] [ERROR] WebSocket connection to 'ws://localhost:5173/' failed: Error in connection establishment: net::ERR_CONNECTION_REFUSED @ http://localhost:5173/@vite/client:1034
[19309953ms] [ERROR] WebSocket connection to 'ws://localhost:5173/' failed: Error in connection establishment: net::ERR_CONNECTION_REFUSED @ http://localhost:5173/@vite/client:1034
[19310961ms] [ERROR] WebSocket connection to 'ws://localhost:5173/' failed: Error in connection establishment: net::ERR_CONNECTION_REFUSED @ http://localhost:5173/@vite/client:1034
[19312002ms] [ERROR] WebSocket connection to 'ws://localhost:5173/' failed: Error in connection establishment: net::ERR_CONNECTION_REFUSED @ http://localhost:5173/@vite/client:1034
[19313065ms] [ERROR] WebSocket connection to 'ws://localhost:5173/' failed: Error in connection establishment: net::ERR_CONNECTION_REFUSED @ http://localhost:5173/@vite/client:1034
[19314199ms] [ERROR] WebSocket connection to 'ws://localhost:5173/' failed: Error in connection establishment: net::ERR_CONNECTION_REFUSED @ http://localhost:5173/@vite/client:1034
[19315458ms] [ERROR] WebSocket connection to 'ws://localhost:5173/' failed: Error in connection establishment: net::ERR_CONNECTION_REFUSED @ http://localhost:5173/@vite/client:1034
[19316694ms] [ERROR] WebSocket connection to 'ws://localhost:5173/' failed: Error in connection establishment: net::ERR_CONNECTION_REFUSED @ http://localhost:5173/@vite/client:1034
[19318212ms] [ERROR] WebSocket connection to 'ws://localhost:5173/' failed: Error in connection establishment: net::ERR_CONNECTION_REFUSED @ http://localhost:5173/@vite/client:1034
[19321275ms] [ERROR] WebSocket connection to 'ws://localhost:5173/' failed: Error in connection establishment: net::ERR_CONNECTION_REFUSED @ http://localhost:5173/@vite/client:1034
[19327067ms] [ERROR] WebSocket connection to 'ws://localhost:5173/' failed: Error in connection establishment: net::ERR_CONNECTION_REFUSED @ http://localhost:5173/@vite/client:1034
[19329653ms] [ERROR] WebSocket connection to 'ws://localhost:5173/' failed: Error in connection establishment: net::ERR_CONNECTION_REFUSED @ http://localhost:5173/@vite/client:1034
[19331683ms] [ERROR] WebSocket connection to 'ws://localhost:5173/' failed: Error in connection establishment: net::ERR_CONNECTION_REFUSED @ http://localhost:5173/@vite/client:1034
[19337264ms] [ERROR] WebSocket connection to 'ws://localhost:5173/' failed: Error in connection establishment: net::ERR_CONNECTION_REFUSED @ http://localhost:5173/@vite/client:1034
[19341658ms] [ERROR] WebSocket connection to 'ws://localhost:5173/' failed: Error in connection establishment: net::ERR_CONNECTION_REFUSED @ http://localhost:5173/@vite/client:1034
[19346765ms] [ERROR] WebSocket connection to 'ws://localhost:5173/' failed: Error in connection establishment: net::ERR_CONNECTION_REFUSED @ http://localhost:5173/@vite/client:1034
[19350192ms] [ERROR] WebSocket connection to 'ws://localhost:5173/' failed: Error in connection establishment: net::ERR_CONNECTION_REFUSED @ http://localhost:5173/@vite/client:1034
[19467567ms] [ERROR] WebSocket connection to 'ws://localhost:5173/' failed: Error in connection establishment: net::ERR_CONNECTION_REFUSED @ http://localhost:5173/@vite/client:1034
[19470525ms] [ERROR] WebSocket connection to 'ws://localhost:5173/' failed: Error in connection establishment: net::ERR_CONNECTION_REFUSED @ http://localhost:5173/@vite/client:1034
[19475999ms] [ERROR] WebSocket connection to 'ws://localhost:5173/' failed: Error in connection establishment: net::ERR_CONNECTION_REFUSED @ http://localhost:5173/@vite/client:1034
[19478701ms] [ERROR] WebSocket connection to 'ws://localhost:5173/' failed: Error in connection establishment: net::ERR_CONNECTION_REFUSED @ http://localhost:5173/@vite/client:1034
[19481099ms] [ERROR] WebSocket connection to 'ws://localhost:5173/' failed: Error in connection establishment: net::ERR_CONNECTION_REFUSED @ http://localhost:5173/@vite/client:1034
[19484823ms] [ERROR] WebSocket connection to 'ws://localhost:5173/' failed: Error in connection establishment: net::ERR_CONNECTION_REFUSED @ http://localhost:5173/@vite/client:1034
[19588767ms] [ERROR] WebSocket connection to 'ws://localhost:5173/' failed: Error in connection establishment: net::ERR_CONNECTION_REFUSED @ http://localhost:5173/@vite/client:1034
[19593206ms] [ERROR] WebSocket connection to 'ws://localhost:5173/' failed: Error in connection establishment: net::ERR_CONNECTION_REFUSED @ http://localhost:5173/@vite/client:1034
[19595281ms] [ERROR] WebSocket connection to 'ws://localhost:5173/' failed: Error in connection establishment: net::ERR_CONNECTION_REFUSED @ http://localhost:5173/@vite/client:1034
[19599147ms] [ERROR] WebSocket connection to 'ws://localhost:5173/' failed: Error in connection establishment: net::ERR_CONNECTION_REFUSED @ http://localhost:5173/@vite/client:1034
[19603267ms] [ERROR] WebSocket connection to 'ws://localhost:5173/' failed: Error in connection establishment: net::ERR_CONNECTION_REFUSED @ http://localhost:5173/@vite/client:1034
[19607070ms] [ERROR] WebSocket connection to 'ws://localhost:5173/' failed: Error in connection establishment: net::ERR_CONNECTION_REFUSED @ http://localhost:5173/@vite/client:1034
[19610045ms] [ERROR] WebSocket connection to 'ws://localhost:5173/' failed: Error in connection establishment: net::ERR_CONNECTION_REFUSED @ http://localhost:5173/@vite/client:1034
[19613216ms] [ERROR] WebSocket connection to 'ws://localhost:5173/' failed: Error in connection establishment: net::ERR_CONNECTION_REFUSED @ http://localhost:5173/@vite/client:1034
[19615787ms] [ERROR] WebSocket connection to 'ws://localhost:5173/' failed: Error in connection establishment: net::ERR_CONNECTION_REFUSED @ http://localhost:5173/@vite/client:1034
[19620421ms] [ERROR] WebSocket connection to 'ws://localhost:5173/' failed: Error in connection establishment: net::ERR_CONNECTION_REFUSED @ http://localhost:5173/@vite/client:1034
[19624241ms] [ERROR] WebSocket connection to 'ws://localhost:5173/' failed: Error in connection establishment: net::ERR_CONNECTION_REFUSED @ http://localhost:5173/@vite/client:1034
[19628683ms] [ERROR] WebSocket connection to 'ws://localhost:5173/' failed: Error in connection establishment: net::ERR_CONNECTION_REFUSED @ http://localhost:5173/@vite/client:1034
[19634557ms] [ERROR] WebSocket connection to 'ws://localhost:5173/' failed: Error in connection establishment: net::ERR_CONNECTION_REFUSED @ http://localhost:5173/@vite/client:1034
[19637164ms] [ERROR] WebSocket connection to 'ws://localhost:5173/' failed: Error in connection establishment: net::ERR_CONNECTION_REFUSED @ http://localhost:5173/@vite/client:1034
[19642463ms] [ERROR] WebSocket connection to 'ws://localhost:5173/' failed: Error in connection establishment: net::ERR_CONNECTION_REFUSED @ http://localhost:5173/@vite/client:1034
[19647792ms] [ERROR] WebSocket connection to 'ws://localhost:5173/' failed: Error in connection establishment: net::ERR_CONNECTION_REFUSED @ http://localhost:5173/@vite/client:1034
[19783847ms] [ERROR] WebSocket connection to 'ws://localhost:5173/' failed: Error in connection establishment: net::ERR_CONNECTION_REFUSED @ http://localhost:5173/@vite/client:1034
[19786680ms] [ERROR] WebSocket connection to 'ws://localhost:5173/' failed: Error in connection establishment: net::ERR_CONNECTION_REFUSED @ http://localhost:5173/@vite/client:1034
[19791421ms] [ERROR] WebSocket connection to 'ws://localhost:5173/' failed: Error in connection establishment: net::ERR_CONNECTION_REFUSED @ http://localhost:5173/@vite/client:1034
[19795672ms] [ERROR] WebSocket connection to 'ws://localhost:5173/' failed: Error in connection establishment: net::ERR_CONNECTION_REFUSED @ http://localhost:5173/@vite/client:1034
[19799091ms] [ERROR] WebSocket connection to 'ws://localhost:5173/' failed: Error in connection establishment: net::ERR_CONNECTION_REFUSED @ http://localhost:5173/@vite/client:1034
[19864026ms] [ERROR] WebSocket connection to 'ws://localhost:5173/' failed: Error in connection establishment: net::ERR_CONNECTION_REFUSED @ http://localhost:5173/@vite/client:1034
[19869716ms] [ERROR] WebSocket connection to 'ws://localhost:5173/' failed: Error in connection establishment: net::ERR_CONNECTION_REFUSED @ http://localhost:5173/@vite/client:1034
[19874420ms] [ERROR] WebSocket connection to 'ws://localhost:5173/' failed: Error in connection establishment: net::ERR_CONNECTION_REFUSED @ http://localhost:5173/@vite/client:1034
[19877786ms] [ERROR] WebSocket connection to 'ws://localhost:5173/' failed: Error in connection establishment: net::ERR_CONNECTION_REFUSED @ http://localhost:5173/@vite/client:1034
[19882437ms] [ERROR] WebSocket connection to 'ws://localhost:5173/' failed: Error in connection establishment: net::ERR_CONNECTION_REFUSED @ http://localhost:5173/@vite/client:1034
[19886528ms] [ERROR] WebSocket connection to 'ws://localhost:5173/' failed: Error in connection establishment: net::ERR_CONNECTION_REFUSED @ http://localhost:5173/@vite/client:1034
[19965100ms] [ERROR] WebSocket connection to 'ws://localhost:5173/' failed: Error in connection establishment: net::ERR_CONNECTION_REFUSED @ http://localhost:5173/@vite/client:1034
[19967177ms] [ERROR] WebSocket connection to 'ws://localhost:5173/' failed: Error in connection establishment: net::ERR_CONNECTION_REFUSED @ http://localhost:5173/@vite/client:1034
[19970236ms] [ERROR] WebSocket connection to 'ws://localhost:5173/' failed: Error in connection establishment: net::ERR_CONNECTION_REFUSED @ http://localhost:5173/@vite/client:1034
[19975511ms] [ERROR] WebSocket connection to 'ws://localhost:5173/' failed: Error in connection establishment: net::ERR_CONNECTION_REFUSED @ http://localhost:5173/@vite/client:1034
[19980977ms] [ERROR] WebSocket connection to 'ws://localhost:5173/' failed: Error in connection establishment: net::ERR_CONNECTION_REFUSED @ http://localhost:5173/@vite/client:1034
[19985580ms] [ERROR] WebSocket connection to 'ws://localhost:5173/' failed: Error in connection establishment: net::ERR_CONNECTION_REFUSED @ http://localhost:5173/@vite/client:1034
[19989651ms] [ERROR] WebSocket connection to 'ws://localhost:5173/' failed: Error in connection establishment: net::ERR_CONNECTION_REFUSED @ http://localhost:5173/@vite/client:1034
[19995591ms] [ERROR] WebSocket connection to 'ws://localhost:5173/' failed: Error in connection establishment: net::ERR_CONNECTION_REFUSED @ http://localhost:5173/@vite/client:1034
[20000319ms] [ERROR] WebSocket connection to 'ws://localhost:5173/' failed: Error in connection establishment: net::ERR_CONNECTION_REFUSED @ http://localhost:5173/@vite/client:1034
[20002374ms] [ERROR] WebSocket connection to 'ws://localhost:5173/' failed: Error in connection establishment: net::ERR_CONNECTION_REFUSED @ http://localhost:5173/@vite/client:1034
[20004520ms] [ERROR] WebSocket connection to 'ws://localhost:5173/' failed: Error in connection establishment: net::ERR_CONNECTION_REFUSED @ http://localhost:5173/@vite/client:1034
[20007130ms] [ERROR] WebSocket connection to 'ws://localhost:5173/' failed: Error in connection establishment: net::ERR_CONNECTION_REFUSED @ http://localhost:5173/@vite/client:1034
[20010662ms] [ERROR] WebSocket connection to 'ws://localhost:5173/' failed: Error in connection establishment: net::ERR_CONNECTION_REFUSED @ http://localhost:5173/@vite/client:1034
[20012936ms] [ERROR] WebSocket connection to 'ws://localhost:5173/' failed: Error in connection establishment: net::ERR_CONNECTION_REFUSED @ http://localhost:5173/@vite/client:1034
[20099939ms] [ERROR] WebSocket connection to 'ws://localhost:5173/' failed: Error in connection establishment: net::ERR_CONNECTION_REFUSED @ http://localhost:5173/@vite/client:1034
[20103513ms] [ERROR] WebSocket connection to 'ws://localhost:5173/' failed: Error in connection establishment: net::ERR_CONNECTION_REFUSED @ http://localhost:5173/@vite/client:1034
[20104648ms] [ERROR] WebSocket connection to 'ws://localhost:5173/' failed: Error in connection establishment: net::ERR_CONNECTION_REFUSED @ http://localhost:5173/@vite/client:1034
[20105653ms] [ERROR] WebSocket connection to 'ws://localhost:5173/' failed: Error in connection establishment: net::ERR_CONNECTION_REFUSED @ http://localhost:5173/@vite/client:1034
[20106656ms] [ERROR] WebSocket connection to 'ws://localhost:5173/' failed: Error in connection establishment: net::ERR_CONNECTION_REFUSED @ http://localhost:5173/@vite/client:1034
[20107661ms] [ERROR] WebSocket connection to 'ws://localhost:5173/' failed: Error in connection establishment: net::ERR_CONNECTION_REFUSED @ http://localhost:5173/@vite/client:1034
[20108668ms] [ERROR] WebSocket connection to 'ws://localhost:5173/' failed: Error in connection establishment: net::ERR_CONNECTION_REFUSED @ http://localhost:5173/@vite/client:1034
[20109676ms] [ERROR] WebSocket connection to 'ws://localhost:5173/' failed: Error in connection establishment: net::ERR_CONNECTION_REFUSED @ http://localhost:5173/@vite/client:1034
[20110692ms] [ERROR] WebSocket connection to 'ws://localhost:5173/' failed: Error in connection establishment: net::ERR_CONNECTION_REFUSED @ http://localhost:5173/@vite/client:1034
[20111722ms] [ERROR] WebSocket connection to 'ws://localhost:5173/' failed: Error in connection establishment: net::ERR_CONNECTION_REFUSED @ http://localhost:5173/@vite/client:1034
[20112755ms] [ERROR] WebSocket connection to 'ws://localhost:5173/' failed: Error in connection establishment: net::ERR_CONNECTION_REFUSED @ http://localhost:5173/@vite/client:1034
[20113815ms] [ERROR] WebSocket connection to 'ws://localhost:5173/' failed: Error in connection establishment: net::ERR_CONNECTION_REFUSED @ http://localhost:5173/@vite/client:1034
[20114928ms] [ERROR] WebSocket connection to 'ws://localhost:5173/' failed: Error in connection establishment: net::ERR_CONNECTION_REFUSED @ http://localhost:5173/@vite/client:1034
[20116103ms] [ERROR] WebSocket connection to 'ws://localhost:5173/' failed: Error in connection establishment: net::ERR_CONNECTION_REFUSED @ http://localhost:5173/@vite/client:1034
[20117379ms] [ERROR] WebSocket connection to 'ws://localhost:5173/' failed: Error in connection establishment: net::ERR_CONNECTION_REFUSED @ http://localhost:5173/@vite/client:1034
[20119612ms] [ERROR] WebSocket connection to 'ws://localhost:5173/' failed: Error in connection establishment: net::ERR_CONNECTION_REFUSED @ http://localhost:5173/@vite/client:1034
[20122822ms] [ERROR] WebSocket connection to 'ws://localhost:5173/' failed: Error in connection establishment: net::ERR_CONNECTION_REFUSED @ http://localhost:5173/@vite/client:1034
[20134233ms] [ERROR] WebSocket connection to 'ws://localhost:5173/' failed: Error in connection establishment: net::ERR_CONNECTION_REFUSED @ http://localhost:5173/@vite/client:1034
[20139271ms] [ERROR] WebSocket connection to 'ws://localhost:5173/' failed: Error in connection establishment: net::ERR_CONNECTION_REFUSED @ http://localhost:5173/@vite/client:1034
[20144154ms] [ERROR] WebSocket connection to 'ws://localhost:5173/' failed: Error in connection establishment: net::ERR_CONNECTION_REFUSED @ http://localhost:5173/@vite/client:1034
[20149415ms] [ERROR] WebSocket connection to 'ws://localhost:5173/' failed: Error in connection establishment: net::ERR_CONNECTION_REFUSED @ http://localhost:5173/@vite/client:1034
[20154816ms] [ERROR] WebSocket connection to 'ws://localhost:5173/' failed: Error in connection establishment: net::ERR_CONNECTION_REFUSED @ http://localhost:5173/@vite/client:1034
[20157352ms] [ERROR] WebSocket connection to 'ws://localhost:5173/' failed: Error in connection establishment: net::ERR_CONNECTION_REFUSED @ http://localhost:5173/@vite/client:1034
[20159908ms] [ERROR] WebSocket connection to 'ws://localhost:5173/' failed: Error in connection establishment: net::ERR_CONNECTION_REFUSED @ http://localhost:5173/@vite/client:1034
[20164243ms] [ERROR] WebSocket connection to 'ws://localhost:5173/' failed: Error in connection establishment: net::ERR_CONNECTION_REFUSED @ http://localhost:5173/@vite/client:1034
[20170241ms] [ERROR] WebSocket connection to 'ws://localhost:5173/' failed: Error in connection establishment: net::ERR_CONNECTION_REFUSED @ http://localhost:5173/@vite/client:1034
[20175401ms] [ERROR] WebSocket connection to 'ws://localhost:5173/' failed: Error in connection establishment: net::ERR_CONNECTION_REFUSED @ http://localhost:5173/@vite/client:1034
[20178416ms] [ERROR] WebSocket connection to 'ws://localhost:5173/' failed: Error in connection establishment: net::ERR_CONNECTION_REFUSED @ http://localhost:5173/@vite/client:1034
[20182636ms] [ERROR] WebSocket connection to 'ws://localhost:5173/' failed: Error in connection establishment: net::ERR_CONNECTION_REFUSED @ http://localhost:5173/@vite/client:1034
[20185182ms] [ERROR] WebSocket connection to 'ws://localhost:5173/' failed: Error in connection establishment: net::ERR_CONNECTION_REFUSED @ http://localhost:5173/@vite/client:1034
[20188808ms] [ERROR] WebSocket connection to 'ws://localhost:5173/' failed: Error in connection establishment: net::ERR_CONNECTION_REFUSED @ http://localhost:5173/@vite/client:1034
[20191226ms] [ERROR] WebSocket connection to 'ws://localhost:5173/' failed: Error in connection establishment: net::ERR_CONNECTION_REFUSED @ http://localhost:5173/@vite/client:1034
[20370610ms] [ERROR] WebSocket connection to 'ws://localhost:5173/' failed: Error in connection establishment: net::ERR_CONNECTION_REFUSED @ http://localhost:5173/@vite/client:1034
[20375677ms] [ERROR] WebSocket connection to 'ws://localhost:5173/' failed: Error in connection establishment: net::ERR_CONNECTION_REFUSED @ http://localhost:5173/@vite/client:1034
[20378177ms] [ERROR] WebSocket connection to 'ws://localhost:5173/' failed: Error in connection establishment: net::ERR_CONNECTION_REFUSED @ http://localhost:5173/@vite/client:1034
[20382964ms] [ERROR] WebSocket connection to 'ws://localhost:5173/' failed: Error in connection establishment: net::ERR_CONNECTION_REFUSED @ http://localhost:5173/@vite/client:1034
[20387088ms] [ERROR] WebSocket connection to 'ws://localhost:5173/' failed: Error in connection establishment: net::ERR_CONNECTION_REFUSED @ http://localhost:5173/@vite/client:1034
[20399602ms] [ERROR] WebSocket connection to 'ws://localhost:5173/' failed: Error in connection establishment: net::ERR_CONNECTION_REFUSED @ http://localhost:5173/@vite/client:1034
[20404891ms] [ERROR] WebSocket connection to 'ws://localhost:5173/' failed: Error in connection establishment: net::ERR_CONNECTION_REFUSED @ http://localhost:5173/@vite/client:1034
[20408381ms] [ERROR] WebSocket connection to 'ws://localhost:5173/' failed: Error in connection establishment: net::ERR_CONNECTION_REFUSED @ http://localhost:5173/@vite/client:1034
[20410413ms] [ERROR] WebSocket connection to 'ws://localhost:5173/' failed: Error in connection establishment: net::ERR_CONNECTION_REFUSED @ http://localhost:5173/@vite/client:1034
[20415586ms] [ERROR] WebSocket connection to 'ws://localhost:5173/' failed: Error in connection establishment: net::ERR_CONNECTION_REFUSED @ http://localhost:5173/@vite/client:1034
[20416589ms] [ERROR] WebSocket connection to 'ws://localhost:5173/' failed: Error in connection establishment: net::ERR_CONNECTION_REFUSED @ http://localhost:5173/@vite/client:1034
[20417592ms] [ERROR] WebSocket connection to 'ws://localhost:5173/' failed: Error in connection establishment: net::ERR_CONNECTION_REFUSED @ http://localhost:5173/@vite/client:1034
[20418595ms] [ERROR] WebSocket connection to 'ws://localhost:5173/' failed: Error in connection establishment: net::ERR_CONNECTION_REFUSED @ http://localhost:5173/@vite/client:1034
[20482030ms] [ERROR] WebSocket connection to 'ws://localhost:5173/' failed: Error in connection establishment: net::ERR_CONNECTION_REFUSED @ http://localhost:5173/@vite/client:1034
[20483035ms] [ERROR] WebSocket connection to 'ws://localhost:5173/' failed: Error in connection establishment: net::ERR_CONNECTION_REFUSED @ http://localhost:5173/@vite/client:1034
[20484039ms] [ERROR] WebSocket connection to 'ws://localhost:5173/' failed: Error in connection establishment: net::ERR_CONNECTION_REFUSED @ http://localhost:5173/@vite/client:1034
[20485251ms] [ERROR] WebSocket connection to 'ws://localhost:5173/' failed: Error in connection establishment: net::ERR_CONNECTION_REFUSED @ http://localhost:5173/@vite/client:1034
[20486267ms] [ERROR] WebSocket connection to 'ws://localhost:5173/' failed: Error in connection establishment: net::ERR_CONNECTION_REFUSED @ http://localhost:5173/@vite/client:1034
[20487279ms] [ERROR] WebSocket connection to 'ws://localhost:5173/' failed: Error in connection establishment: net::ERR_CONNECTION_REFUSED @ http://localhost:5173/@vite/client:1034
[20488304ms] [ERROR] WebSocket connection to 'ws://localhost:5173/' failed: Error in connection establishment: net::ERR_CONNECTION_REFUSED @ http://localhost:5173/@vite/client:1034
[20489423ms] [ERROR] WebSocket connection to 'ws://localhost:5173/' failed: Error in connection establishment: net::ERR_CONNECTION_REFUSED @ http://localhost:5173/@vite/client:1034
[20490547ms] [ERROR] WebSocket connection to 'ws://localhost:5173/' failed: Error in connection establishment: net::ERR_CONNECTION_REFUSED @ http://localhost:5173/@vite/client:1034
[20492109ms] [ERROR] WebSocket connection to 'ws://localhost:5173/' failed: Error in connection establishment: net::ERR_CONNECTION_REFUSED @ http://localhost:5173/@vite/client:1034
[20493608ms] [ERROR] WebSocket connection to 'ws://localhost:5173/' failed: Error in connection establishment: net::ERR_CONNECTION_REFUSED @ http://localhost:5173/@vite/client:1034
[20495166ms] [ERROR] WebSocket connection to 'ws://localhost:5173/' failed: Error in connection establishment: net::ERR_CONNECTION_REFUSED @ http://localhost:5173/@vite/client:1034
[20537030ms] [ERROR] WebSocket connection to 'ws://localhost:5173/' failed: Error in connection establishment: net::ERR_CONNECTION_REFUSED @ http://localhost:5173/@vite/client:1034
[20540049ms] [ERROR] WebSocket connection to 'ws://localhost:5173/' failed: Error in connection establishment: net::ERR_CONNECTION_REFUSED @ http://localhost:5173/@vite/client:1034
[20542993ms] [ERROR] WebSocket connection to 'ws://localhost:5173/' failed: Error in connection establishment: net::ERR_CONNECTION_REFUSED @ http://localhost:5173/@vite/client:1034
[20547057ms] [ERROR] WebSocket connection to 'ws://localhost:5173/' failed: Error in connection establishment: net::ERR_CONNECTION_REFUSED @ http://localhost:5173/@vite/client:1034
[20551616ms] [ERROR] WebSocket connection to 'ws://localhost:5173/' failed: Error in connection establishment: net::ERR_CONNECTION_REFUSED @ http://localhost:5173/@vite/client:1034
[20649062ms] [ERROR] WebSocket connection to 'ws://localhost:5173/' failed: Error in connection establishment: net::ERR_CONNECTION_REFUSED @ http://localhost:5173/@vite/client:1034
[20653611ms] [ERROR] WebSocket connection to 'ws://localhost:5173/' failed: Error in connection establishment: net::ERR_CONNECTION_REFUSED @ http://localhost:5173/@vite/client:1034
[20658310ms] [ERROR] WebSocket connection to 'ws://localhost:5173/' failed: Error in connection establishment: net::ERR_CONNECTION_REFUSED @ http://localhost:5173/@vite/client:1034
[20663401ms] [ERROR] WebSocket connection to 'ws://localhost:5173/' failed: Error in connection establishment: net::ERR_CONNECTION_REFUSED @ http://localhost:5173/@vite/client:1034
[20668981ms] [ERROR] WebSocket connection to 'ws://localhost:5173/' failed: Error in connection establishment: net::ERR_CONNECTION_REFUSED @ http://localhost:5173/@vite/client:1034
[20704091ms] [ERROR] WebSocket connection to 'ws://localhost:5173/' failed: Error in connection establishment: net::ERR_CONNECTION_REFUSED @ http://localhost:5173/@vite/client:1034
[20708089ms] [ERROR] WebSocket connection to 'ws://localhost:5173/' failed: Error in connection establishment: net::ERR_CONNECTION_REFUSED @ http://localhost:5173/@vite/client:1034
[20712629ms] [ERROR] WebSocket connection to 'ws://localhost:5173/' failed: Error in connection establishment: net::ERR_CONNECTION_REFUSED @ http://localhost:5173/@vite/client:1034
[20718313ms] [ERROR] WebSocket connection to 'ws://localhost:5173/' failed: Error in connection establishment: net::ERR_CONNECTION_REFUSED @ http://localhost:5173/@vite/client:1034
[20724194ms] [ERROR] WebSocket connection to 'ws://localhost:5173/' failed: Error in connection establishment: net::ERR_CONNECTION_REFUSED @ http://localhost:5173/@vite/client:1034
[20792129ms] [ERROR] WebSocket connection to 'ws://localhost:5173/' failed: Error in connection establishment: net::ERR_CONNECTION_REFUSED @ http://localhost:5173/@vite/client:1034
[20797832ms] [ERROR] WebSocket connection to 'ws://localhost:5173/' failed: Error in connection establishment: net::ERR_CONNECTION_REFUSED @ http://localhost:5173/@vite/client:1034
[20801187ms] [ERROR] WebSocket connection to 'ws://localhost:5173/' failed: Error in connection establishment: net::ERR_CONNECTION_REFUSED @ http://localhost:5173/@vite/client:1034
[20806778ms] [ERROR] WebSocket connection to 'ws://localhost:5173/' failed: Error in connection establishment: net::ERR_CONNECTION_REFUSED @ http://localhost:5173/@vite/client:1034
[20812261ms] [ERROR] WebSocket connection to 'ws://localhost:5173/' failed: Error in connection establishment: net::ERR_CONNECTION_REFUSED @ http://localhost:5173/@vite/client:1034
[20816079ms] [ERROR] WebSocket connection to 'ws://localhost:5173/' failed: Error in connection establishment: net::ERR_CONNECTION_REFUSED @ http://localhost:5173/@vite/client:1034
[20818302ms] [ERROR] WebSocket connection to 'ws://localhost:5173/' failed: Error in connection establishment: net::ERR_CONNECTION_REFUSED @ http://localhost:5173/@vite/client:1034
[20821058ms] [ERROR] WebSocket connection to 'ws://localhost:5173/' failed: Error in connection establishment: net::ERR_CONNECTION_REFUSED @ http://localhost:5173/@vite/client:1034
[20823957ms] [ERROR] WebSocket connection to 'ws://localhost:5173/' failed: Error in connection establishment: net::ERR_CONNECTION_REFUSED @ http://localhost:5173/@vite/client:1034
[20827621ms] [ERROR] WebSocket connection to 'ws://localhost:5173/' failed: Error in connection establishment: net::ERR_CONNECTION_REFUSED @ http://localhost:5173/@vite/client:1034
[20831799ms] [ERROR] WebSocket connection to 'ws://localhost:5173/' failed: Error in connection establishment: net::ERR_CONNECTION_REFUSED @ http://localhost:5173/@vite/client:1034
[20834674ms] [ERROR] WebSocket connection to 'ws://localhost:5173/' failed: Error in connection establishment: net::ERR_CONNECTION_REFUSED @ http://localhost:5173/@vite/client:1034
[20837863ms] [ERROR] WebSocket connection to 'ws://localhost:5173/' failed: Error in connection establishment: net::ERR_CONNECTION_REFUSED @ http://localhost:5173/@vite/client:1034
[20843273ms] [ERROR] WebSocket connection to 'ws://localhost:5173/' failed: Error in connection establishment: net::ERR_CONNECTION_REFUSED @ http://localhost:5173/@vite/client:1034
[20847811ms] [ERROR] WebSocket connection to 'ws://localhost:5173/' failed: Error in connection establishment: net::ERR_CONNECTION_REFUSED @ http://localhost:5173/@vite/client:1034
[20852438ms] [ERROR] WebSocket connection to 'ws://localhost:5173/' failed: Error in connection establishment: net::ERR_CONNECTION_REFUSED @ http://localhost:5173/@vite/client:1034
[20878391ms] [ERROR] WebSocket connection to 'ws://localhost:5173/' failed: Error in connection establishment: net::ERR_CONNECTION_REFUSED @ http://localhost:5173/@vite/client:1034
[20881884ms] [ERROR] WebSocket connection to 'ws://localhost:5173/' failed: Error in connection establishment: net::ERR_CONNECTION_REFUSED @ http://localhost:5173/@vite/client:1034
[20885228ms] [ERROR] WebSocket connection to 'ws://localhost:5173/' failed: Error in connection establishment: net::ERR_CONNECTION_REFUSED @ http://localhost:5173/@vite/client:1034
[20888144ms] [ERROR] WebSocket connection to 'ws://localhost:5173/' failed: Error in connection establishment: net::ERR_CONNECTION_REFUSED @ http://localhost:5173/@vite/client:1034
[20891453ms] [ERROR] WebSocket connection to 'ws://localhost:5173/' failed: Error in connection establishment: net::ERR_CONNECTION_REFUSED @ http://localhost:5173/@vite/client:1034
[20893550ms] [ERROR] WebSocket connection to 'ws://localhost:5173/' failed: Error in connection establishment: net::ERR_CONNECTION_REFUSED @ http://localhost:5173/@vite/client:1034
[20896299ms] [ERROR] WebSocket connection to 'ws://localhost:5173/' failed: Error in connection establishment: net::ERR_CONNECTION_REFUSED @ http://localhost:5173/@vite/client:1034
[20962243ms] [ERROR] WebSocket connection to 'ws://localhost:5173/' failed: Error in connection establishment: net::ERR_CONNECTION_REFUSED @ http://localhost:5173/@vite/client:1034
[20965200ms] [ERROR] WebSocket connection to 'ws://localhost:5173/' failed: Error in connection establishment: net::ERR_CONNECTION_REFUSED @ http://localhost:5173/@vite/client:1034
[20970789ms] [ERROR] WebSocket connection to 'ws://localhost:5173/' failed: Error in connection establishment: net::ERR_CONNECTION_REFUSED @ http://localhost:5173/@vite/client:1034
[20973507ms] [ERROR] WebSocket connection to 'ws://localhost:5173/' failed: Error in connection establishment: net::ERR_CONNECTION_REFUSED @ http://localhost:5173/@vite/client:1034
[21048034ms] [ERROR] WebSocket connection to 'ws://localhost:5173/' failed: Error in connection establishment: net::ERR_CONNECTION_REFUSED @ http://localhost:5173/@vite/client:1034
[21052591ms] [ERROR] WebSocket connection to 'ws://localhost:5173/' failed: Error in connection establishment: net::ERR_CONNECTION_REFUSED @ http://localhost:5173/@vite/client:1034
[21055478ms] [ERROR] WebSocket connection to 'ws://localhost:5173/' failed: Error in connection establishment: net::ERR_CONNECTION_REFUSED @ http://localhost:5173/@vite/client:1034
[21059164ms] [ERROR] WebSocket connection to 'ws://localhost:5173/' failed: Error in connection establishment: net::ERR_CONNECTION_REFUSED @ http://localhost:5173/@vite/client:1034
[21064154ms] [ERROR] WebSocket connection to 'ws://localhost:5173/' failed: Error in connection establishment: net::ERR_CONNECTION_REFUSED @ http://localhost:5173/@vite/client:1034
[21392337ms] [ERROR] WebSocket connection to 'ws://localhost:5173/' failed: Error in connection establishment: net::ERR_CONNECTION_REFUSED @ http://localhost:5173/@vite/client:1034
[21395154ms] [ERROR] WebSocket connection to 'ws://localhost:5173/' failed: Error in connection establishment: net::ERR_CONNECTION_REFUSED @ http://localhost:5173/@vite/client:1034
[21399919ms] [ERROR] WebSocket connection to 'ws://localhost:5173/' failed: Error in connection establishment: net::ERR_CONNECTION_REFUSED @ http://localhost:5173/@vite/client:1034
[21404345ms] [ERROR] WebSocket connection to 'ws://localhost:5173/' failed: Error in connection establishment: net::ERR_CONNECTION_REFUSED @ http://localhost:5173/@vite/client:1034
[21409147ms] [ERROR] WebSocket connection to 'ws://localhost:5173/' failed: Error in connection establishment: net::ERR_CONNECTION_REFUSED @ http://localhost:5173/@vite/client:1034
[21414387ms] [ERROR] WebSocket connection to 'ws://localhost:5173/' failed: Error in connection establishment: net::ERR_CONNECTION_REFUSED @ http://localhost:5173/@vite/client:1034
[21418412ms] [ERROR] WebSocket connection to 'ws://localhost:5173/' failed: Error in connection establishment: net::ERR_CONNECTION_REFUSED @ http://localhost:5173/@vite/client:1034
[21422765ms] [ERROR] WebSocket connection to 'ws://localhost:5173/' failed: Error in connection establishment: net::ERR_CONNECTION_REFUSED @ http://localhost:5173/@vite/client:1034
[21427407ms] [ERROR] WebSocket connection to 'ws://localhost:5173/' failed: Error in connection establishment: net::ERR_CONNECTION_REFUSED @ http://localhost:5173/@vite/client:1034
[21431703ms] [ERROR] WebSocket connection to 'ws://localhost:5173/' failed: Error in connection establishment: net::ERR_CONNECTION_REFUSED @ http://localhost:5173/@vite/client:1034
[21437529ms] [ERROR] WebSocket connection to 'ws://localhost:5173/' failed: Error in connection establishment: net::ERR_CONNECTION_REFUSED @ http://localhost:5173/@vite/client:1034
[21439564ms] [ERROR] WebSocket connection to 'ws://localhost:5173/' failed: Error in connection establishment: net::ERR_CONNECTION_REFUSED @ http://localhost:5173/@vite/client:1034
[21443839ms] [ERROR] WebSocket connection to 'ws://localhost:5173/' failed: Error in connection establishment: net::ERR_CONNECTION_REFUSED @ http://localhost:5173/@vite/client:1034
[21446232ms] [ERROR] WebSocket connection to 'ws://localhost:5173/' failed: Error in connection establishment: net::ERR_CONNECTION_REFUSED @ http://localhost:5173/@vite/client:1034
[21449921ms] [ERROR] WebSocket connection to 'ws://localhost:5173/' failed: Error in connection establishment: net::ERR_CONNECTION_REFUSED @ http://localhost:5173/@vite/client:1034
[21692351ms] [ERROR] WebSocket connection to 'ws://localhost:5173/' failed: Error in connection establishment: net::ERR_CONNECTION_REFUSED @ http://localhost:5173/@vite/client:1034
[21694991ms] [ERROR] WebSocket connection to 'ws://localhost:5173/' failed: Error in connection establishment: net::ERR_CONNECTION_REFUSED @ http://localhost:5173/@vite/client:1034
[21699088ms] [ERROR] WebSocket connection to 'ws://localhost:5173/' failed: Error in connection establishment: net::ERR_CONNECTION_REFUSED @ http://localhost:5173/@vite/client:1034
[21704190ms] [ERROR] WebSocket connection to 'ws://localhost:5173/' failed: Error in connection establishment: net::ERR_CONNECTION_REFUSED @ http://localhost:5173/@vite/client:1034
[21709790ms] [ERROR] WebSocket connection to 'ws://localhost:5173/' failed: Error in connection establishment: net::ERR_CONNECTION_REFUSED @ http://localhost:5173/@vite/client:1034
[21713826ms] [ERROR] WebSocket connection to 'ws://localhost:5173/' failed: Error in connection establishment: net::ERR_CONNECTION_REFUSED @ http://localhost:5173/@vite/client:1034
[21717642ms] [ERROR] WebSocket connection to 'ws://localhost:5173/' failed: Error in connection establishment: net::ERR_CONNECTION_REFUSED @ http://localhost:5173/@vite/client:1034
[21723174ms] [ERROR] WebSocket connection to 'ws://localhost:5173/' failed: Error in connection establishment: net::ERR_CONNECTION_REFUSED @ http://localhost:5173/@vite/client:1034
[21725851ms] [ERROR] WebSocket connection to 'ws://localhost:5173/' failed: Error in connection establishment: net::ERR_CONNECTION_REFUSED @ http://localhost:5173/@vite/client:1034
[21730714ms] [ERROR] WebSocket connection to 'ws://localhost:5173/' failed: Error in connection establishment: net::ERR_CONNECTION_REFUSED @ http://localhost:5173/@vite/client:1034
[21736519ms] [ERROR] WebSocket connection to 'ws://localhost:5173/' failed: Error in connection establishment: net::ERR_CONNECTION_REFUSED @ http://localhost:5173/@vite/client:1034
[21739844ms] [ERROR] WebSocket connection to 'ws://localhost:5173/' failed: Error in connection establishment: net::ERR_CONNECTION_REFUSED @ http://localhost:5173/@vite/client:1034
[21744764ms] [ERROR] WebSocket connection to 'ws://localhost:5173/' failed: Error in connection establishment: net::ERR_CONNECTION_REFUSED @ http://localhost:5173/@vite/client:1034
[21748309ms] [ERROR] WebSocket connection to 'ws://localhost:5173/' failed: Error in connection establishment: net::ERR_CONNECTION_REFUSED @ http://localhost:5173/@vite/client:1034
[21753996ms] [ERROR] WebSocket connection to 'ws://localhost:5173/' failed: Error in connection establishment: net::ERR_CONNECTION_REFUSED @ http://localhost:5173/@vite/client:1034
[21758158ms] [ERROR] WebSocket connection to 'ws://localhost:5173/' failed: Error in connection establishment: net::ERR_CONNECTION_REFUSED @ http://localhost:5173/@vite/client:1034
[21992650ms] [ERROR] WebSocket connection to 'ws://localhost:5173/' failed: Error in connection establishment: net::ERR_CONNECTION_REFUSED @ http://localhost:5173/@vite/client:1034
[21997685ms] [ERROR] WebSocket connection to 'ws://localhost:5173/' failed: Error in connection establishment: net::ERR_CONNECTION_REFUSED @ http://localhost:5173/@vite/client:1034
[21998694ms] [ERROR] WebSocket connection to 'ws://localhost:5173/' failed: Error in connection establishment: net::ERR_CONNECTION_REFUSED @ http://localhost:5173/@vite/client:1034
[21999698ms] [ERROR] WebSocket connection to 'ws://localhost:5173/' failed: Error in connection establishment: net::ERR_CONNECTION_REFUSED @ http://localhost:5173/@vite/client:1034
[22000704ms] [ERROR] WebSocket connection to 'ws://localhost:5173/' failed: Error in connection establishment: net::ERR_CONNECTION_REFUSED @ http://localhost:5173/@vite/client:1034
[22001725ms] [ERROR] WebSocket connection to 'ws://localhost:5173/' failed: Error in connection establishment: net::ERR_CONNECTION_REFUSED @ http://localhost:5173/@vite/client:1034
[22002746ms] [ERROR] WebSocket connection to 'ws://localhost:5173/' failed: Error in connection establishment: net::ERR_CONNECTION_REFUSED @ http://localhost:5173/@vite/client:1034
[22003770ms] [ERROR] WebSocket connection to 'ws://localhost:5173/' failed: Error in connection establishment: net::ERR_CONNECTION_REFUSED @ http://localhost:5173/@vite/client:1034
[22004805ms] [ERROR] WebSocket connection to 'ws://localhost:5173/' failed: Error in connection establishment: net::ERR_CONNECTION_REFUSED @ http://localhost:5173/@vite/client:1034
[22005868ms] [ERROR] WebSocket connection to 'ws://localhost:5173/' failed: Error in connection establishment: net::ERR_CONNECTION_REFUSED @ http://localhost:5173/@vite/client:1034
[22006924ms] [ERROR] WebSocket connection to 'ws://localhost:5173/' failed: Error in connection establishment: net::ERR_CONNECTION_REFUSED @ http://localhost:5173/@vite/client:1034
[22008005ms] [ERROR] WebSocket connection to 'ws://localhost:5173/' failed: Error in connection establishment: net::ERR_CONNECTION_REFUSED @ http://localhost:5173/@vite/client:1034
[22009169ms] [ERROR] WebSocket connection to 'ws://localhost:5173/' failed: Error in connection establishment: net::ERR_CONNECTION_REFUSED @ http://localhost:5173/@vite/client:1034
[22010310ms] [ERROR] WebSocket connection to 'ws://localhost:5173/' failed: Error in connection establishment: net::ERR_CONNECTION_REFUSED @ http://localhost:5173/@vite/client:1034
[22011877ms] [ERROR] WebSocket connection to 'ws://localhost:5173/' failed: Error in connection establishment: net::ERR_CONNECTION_REFUSED @ http://localhost:5173/@vite/client:1034
[22013852ms] [ERROR] WebSocket connection to 'ws://localhost:5173/' failed: Error in connection establishment: net::ERR_CONNECTION_REFUSED @ http://localhost:5173/@vite/client:1034
[22016289ms] [ERROR] WebSocket connection to 'ws://localhost:5173/' failed: Error in connection establishment: net::ERR_CONNECTION_REFUSED @ http://localhost:5173/@vite/client:1034
[22020426ms] [ERROR] WebSocket connection to 'ws://localhost:5173/' failed: Error in connection establishment: net::ERR_CONNECTION_REFUSED @ http://localhost:5173/@vite/client:1034
[22023031ms] [ERROR] WebSocket connection to 'ws://localhost:5173/' failed: Error in connection establishment: net::ERR_CONNECTION_REFUSED @ http://localhost:5173/@vite/client:1034
[22028378ms] [ERROR] WebSocket connection to 'ws://localhost:5173/' failed: Error in connection establishment: net::ERR_CONNECTION_REFUSED @ http://localhost:5173/@vite/client:1034
[22031617ms] [ERROR] WebSocket connection to 'ws://localhost:5173/' failed: Error in connection establishment: net::ERR_CONNECTION_REFUSED @ http://localhost:5173/@vite/client:1034
[22037350ms] [ERROR] WebSocket connection to 'ws://localhost:5173/' failed: Error in connection establishment: net::ERR_CONNECTION_REFUSED @ http://localhost:5173/@vite/client:1034
[22039599ms] [ERROR] WebSocket connection to 'ws://localhost:5173/' failed: Error in connection establishment: net::ERR_CONNECTION_REFUSED @ http://localhost:5173/@vite/client:1034
[22043681ms] [ERROR] WebSocket connection to 'ws://localhost:5173/' failed: Error in connection establishment: net::ERR_CONNECTION_REFUSED @ http://localhost:5173/@vite/client:1034
[22047088ms] [ERROR] WebSocket connection to 'ws://localhost:5173/' failed: Error in connection establishment: net::ERR_CONNECTION_REFUSED @ http://localhost:5173/@vite/client:1034
[22293871ms] [ERROR] WebSocket connection to 'ws://localhost:5173/' failed: Error in connection establishment: net::ERR_CONNECTION_REFUSED @ http://localhost:5173/@vite/client:1034
[22299699ms] [ERROR] WebSocket connection to 'ws://localhost:5173/' failed: Error in connection establishment: net::ERR_CONNECTION_REFUSED @ http://localhost:5173/@vite/client:1034
[22303560ms] [ERROR] WebSocket connection to 'ws://localhost:5173/' failed: Error in connection establishment: net::ERR_CONNECTION_REFUSED @ http://localhost:5173/@vite/client:1034
[22309407ms] [ERROR] WebSocket connection to 'ws://localhost:5173/' failed: Error in connection establishment: net::ERR_CONNECTION_REFUSED @ http://localhost:5173/@vite/client:1034
[22312015ms] [ERROR] WebSocket connection to 'ws://localhost:5173/' failed: Error in connection establishment: net::ERR_CONNECTION_REFUSED @ http://localhost:5173/@vite/client:1034
[22315394ms] [ERROR] WebSocket connection to 'ws://localhost:5173/' failed: Error in connection establishment: net::ERR_CONNECTION_REFUSED @ http://localhost:5173/@vite/client:1034
[22319637ms] [ERROR] WebSocket connection to 'ws://localhost:5173/' failed: Error in connection establishment: net::ERR_CONNECTION_REFUSED @ http://localhost:5173/@vite/client:1034
[22325322ms] [ERROR] WebSocket connection to 'ws://localhost:5173/' failed: Error in connection establishment: net::ERR_CONNECTION_REFUSED @ http://localhost:5173/@vite/client:1034
[22330389ms] [ERROR] WebSocket connection to 'ws://localhost:5173/' failed: Error in connection establishment: net::ERR_CONNECTION_REFUSED @ http://localhost:5173/@vite/client:1034
[22335199ms] [ERROR] WebSocket connection to 'ws://localhost:5173/' failed: Error in connection establishment: net::ERR_CONNECTION_REFUSED @ http://localhost:5173/@vite/client:1034
[22338910ms] [ERROR] WebSocket connection to 'ws://localhost:5173/' failed: Error in connection establishment: net::ERR_CONNECTION_REFUSED @ http://localhost:5173/@vite/client:1034
[22344652ms] [ERROR] WebSocket connection to 'ws://localhost:5173/' failed: Error in connection establishment: net::ERR_CONNECTION_REFUSED @ http://localhost:5173/@vite/client:1034
[22349211ms] [ERROR] WebSocket connection to 'ws://localhost:5173/' failed: Error in connection establishment: net::ERR_CONNECTION_REFUSED @ http://localhost:5173/@vite/client:1034
[22355099ms] [ERROR] WebSocket connection to 'ws://localhost:5173/' failed: Error in connection establishment: net::ERR_CONNECTION_REFUSED @ http://localhost:5173/@vite/client:1034
[22359721ms] [ERROR] WebSocket connection to 'ws://localhost:5173/' failed: Error in connection establishment: net::ERR_CONNECTION_REFUSED @ http://localhost:5173/@vite/client:1034
[22360725ms] [ERROR] WebSocket connection to 'ws://localhost:5173/' failed: Error in connection establishment: net::ERR_CONNECTION_REFUSED @ http://localhost:5173/@vite/client:1034
[22361729ms] [ERROR] WebSocket connection to 'ws://localhost:5173/' failed: Error in connection establishment: net::ERR_CONNECTION_REFUSED @ http://localhost:5173/@vite/client:1034
[22362732ms] [ERROR] WebSocket connection to 'ws://localhost:5173/' failed: Error in connection establishment: net::ERR_CONNECTION_REFUSED @ http://localhost:5173/@vite/client:1034
[22363736ms] [ERROR] WebSocket connection to 'ws://localhost:5173/' failed: Error in connection establishment: net::ERR_CONNECTION_REFUSED @ http://localhost:5173/@vite/client:1034
[22364743ms] [ERROR] WebSocket connection to 'ws://localhost:5173/' failed: Error in connection establishment: net::ERR_CONNECTION_REFUSED @ http://localhost:5173/@vite/client:1034
[22365750ms] [ERROR] WebSocket connection to 'ws://localhost:5173/' failed: Error in connection establishment: net::ERR_CONNECTION_REFUSED @ http://localhost:5173/@vite/client:1034
[22366757ms] [ERROR] WebSocket connection to 'ws://localhost:5173/' failed: Error in connection establishment: net::ERR_CONNECTION_REFUSED @ http://localhost:5173/@vite/client:1034
[22367781ms] [ERROR] WebSocket connection to 'ws://localhost:5173/' failed: Error in connection establishment: net::ERR_CONNECTION_REFUSED @ http://localhost:5173/@vite/client:1034
[22368820ms] [ERROR] WebSocket connection to 'ws://localhost:5173/' failed: Error in connection establishment: net::ERR_CONNECTION_REFUSED @ http://localhost:5173/@vite/client:1034
[22369910ms] [ERROR] WebSocket connection to 'ws://localhost:5173/' failed: Error in connection establishment: net::ERR_CONNECTION_REFUSED @ http://localhost:5173/@vite/client:1034
[22371061ms] [ERROR] WebSocket connection to 'ws://localhost:5173/' failed: Error in connection establishment: net::ERR_CONNECTION_REFUSED @ http://localhost:5173/@vite/client:1034
[22372349ms] [ERROR] WebSocket connection to 'ws://localhost:5173/' failed: Error in connection establishment: net::ERR_CONNECTION_REFUSED @ http://localhost:5173/@vite/client:1034
[22373698ms] [ERROR] WebSocket connection to 'ws://localhost:5173/' failed: Error in connection establishment: net::ERR_CONNECTION_REFUSED @ http://localhost:5173/@vite/client:1034
[22375168ms] [ERROR] WebSocket connection to 'ws://localhost:5173/' failed: Error in connection establishment: net::ERR_CONNECTION_REFUSED @ http://localhost:5173/@vite/client:1034
[22377088ms] [ERROR] WebSocket connection to 'ws://localhost:5173/' failed: Error in connection establishment: net::ERR_CONNECTION_REFUSED @ http://localhost:5173/@vite/client:1034
[22379412ms] [ERROR] WebSocket connection to 'ws://localhost:5173/' failed: Error in connection establishment: net::ERR_CONNECTION_REFUSED @ http://localhost:5173/@vite/client:1034
[22385309ms] [ERROR] WebSocket connection to 'ws://localhost:5173/' failed: Error in connection establishment: net::ERR_CONNECTION_REFUSED @ http://localhost:5173/@vite/client:1034
[22389737ms] [ERROR] WebSocket connection to 'ws://localhost:5173/' failed: Error in connection establishment: net::ERR_CONNECTION_REFUSED @ http://localhost:5173/@vite/client:1034
[22395477ms] [ERROR] WebSocket connection to 'ws://localhost:5173/' failed: Error in connection establishment: net::ERR_CONNECTION_REFUSED @ http://localhost:5173/@vite/client:1034
[22398191ms] [ERROR] WebSocket connection to 'ws://localhost:5173/' failed: Error in connection establishment: net::ERR_CONNECTION_REFUSED @ http://localhost:5173/@vite/client:1034
[22404079ms] [ERROR] WebSocket connection to 'ws://localhost:5173/' failed: Error in connection establishment: net::ERR_CONNECTION_REFUSED @ http://localhost:5173/@vite/client:1034
[22407909ms] [ERROR] WebSocket connection to 'ws://localhost:5173/' failed: Error in connection establishment: net::ERR_CONNECTION_REFUSED @ http://localhost:5173/@vite/client:1034
[22412285ms] [ERROR] WebSocket connection to 'ws://localhost:5173/' failed: Error in connection establishment: net::ERR_CONNECTION_REFUSED @ http://localhost:5173/@vite/client:1034
[22415584ms] [ERROR] WebSocket connection to 'ws://localhost:5173/' failed: Error in connection establishment: net::ERR_CONNECTION_REFUSED @ http://localhost:5173/@vite/client:1034
[22418504ms] [ERROR] WebSocket connection to 'ws://localhost:5173/' failed: Error in connection establishment: net::ERR_CONNECTION_REFUSED @ http://localhost:5173/@vite/client:1034
[22421866ms] [ERROR] WebSocket connection to 'ws://localhost:5173/' failed: Error in connection establishment: net::ERR_CONNECTION_REFUSED @ http://localhost:5173/@vite/client:1034
[22424345ms] [ERROR] WebSocket connection to 'ws://localhost:5173/' failed: Error in connection establishment: net::ERR_CONNECTION_REFUSED @ http://localhost:5173/@vite/client:1034
[22427828ms] [ERROR] WebSocket connection to 'ws://localhost:5173/' failed: Error in connection establishment: net::ERR_CONNECTION_REFUSED @ http://localhost:5173/@vite/client:1034
[22430927ms] [ERROR] WebSocket connection to 'ws://localhost:5173/' failed: Error in connection establishment: net::ERR_CONNECTION_REFUSED @ http://localhost:5173/@vite/client:1034
[22436602ms] [ERROR] WebSocket connection to 'ws://localhost:5173/' failed: Error in connection establishment: net::ERR_CONNECTION_REFUSED @ http://localhost:5173/@vite/client:1034
[22440276ms] [ERROR] WebSocket connection to 'ws://localhost:5173/' failed: Error in connection establishment: net::ERR_CONNECTION_REFUSED @ http://localhost:5173/@vite/client:1034
[22443958ms] [ERROR] WebSocket connection to 'ws://localhost:5173/' failed: Error in connection establishment: net::ERR_CONNECTION_REFUSED @ http://localhost:5173/@vite/client:1034
[22446802ms] [ERROR] WebSocket connection to 'ws://localhost:5173/' failed: Error in connection establishment: net::ERR_CONNECTION_REFUSED @ http://localhost:5173/@vite/client:1034
[22448828ms] [ERROR] WebSocket connection to 'ws://localhost:5173/' failed: Error in connection establishment: net::ERR_CONNECTION_REFUSED @ http://localhost:5173/@vite/client:1034
[22451660ms] [ERROR] WebSocket connection to 'ws://localhost:5173/' failed: Error in connection establishment: net::ERR_CONNECTION_REFUSED @ http://localhost:5173/@vite/client:1034
[22455344ms] [ERROR] WebSocket connection to 'ws://localhost:5173/' failed: Error in connection establishment: net::ERR_CONNECTION_REFUSED @ http://localhost:5173/@vite/client:1034
[22457448ms] [ERROR] WebSocket connection to 'ws://localhost:5173/' failed: Error in connection establishment: net::ERR_CONNECTION_REFUSED @ http://localhost:5173/@vite/client:1034
[22460639ms] [ERROR] WebSocket connection to 'ws://localhost:5173/' failed: Error in connection establishment: net::ERR_CONNECTION_REFUSED @ http://localhost:5173/@vite/client:1034
[22464436ms] [ERROR] WebSocket connection to 'ws://localhost:5173/' failed: Error in connection establishment: net::ERR_CONNECTION_REFUSED @ http://localhost:5173/@vite/client:1034
[22467407ms] [ERROR] WebSocket connection to 'ws://localhost:5173/' failed: Error in connection establishment: net::ERR_CONNECTION_REFUSED @ http://localhost:5173/@vite/client:1034
[22470652ms] [ERROR] WebSocket connection to 'ws://localhost:5173/' failed: Error in connection establishment: net::ERR_CONNECTION_REFUSED @ http://localhost:5173/@vite/client:1034
[22473412ms] [ERROR] WebSocket connection to 'ws://localhost:5173/' failed: Error in connection establishment: net::ERR_CONNECTION_REFUSED @ http://localhost:5173/@vite/client:1034
[22479417ms] [ERROR] WebSocket connection to 'ws://localhost:5173/' failed: Error in connection establishment: net::ERR_CONNECTION_REFUSED @ http://localhost:5173/@vite/client:1034
[22482825ms] [ERROR] WebSocket connection to 'ws://localhost:5173/' failed: Error in connection establishment: net::ERR_CONNECTION_REFUSED @ http://localhost:5173/@vite/client:1034
[22486707ms] [ERROR] WebSocket connection to 'ws://localhost:5173/' failed: Error in connection establishment: net::ERR_CONNECTION_REFUSED @ http://localhost:5173/@vite/client:1034
[22489610ms] [ERROR] WebSocket connection to 'ws://localhost:5173/' failed: Error in connection establishment: net::ERR_CONNECTION_REFUSED @ http://localhost:5173/@vite/client:1034
[22495241ms] [ERROR] WebSocket connection to 'ws://localhost:5173/' failed: Error in connection establishment: net::ERR_CONNECTION_REFUSED @ http://localhost:5173/@vite/client:1034
[22501233ms] [ERROR] WebSocket connection to 'ws://localhost:5173/' failed: Error in connection establishment: net::ERR_CONNECTION_REFUSED @ http://localhost:5173/@vite/client:1034
[22505063ms] [ERROR] WebSocket connection to 'ws://localhost:5173/' failed: Error in connection establishment: net::ERR_CONNECTION_REFUSED @ http://localhost:5173/@vite/client:1034
[22507651ms] [ERROR] WebSocket connection to 'ws://localhost:5173/' failed: Error in connection establishment: net::ERR_CONNECTION_REFUSED @ http://localhost:5173/@vite/client:1034
[22509897ms] [ERROR] WebSocket connection to 'ws://localhost:5173/' failed: Error in connection establishment: net::ERR_CONNECTION_REFUSED @ http://localhost:5173/@vite/client:1034
[22514222ms] [ERROR] WebSocket connection to 'ws://localhost:5173/' failed: Error in connection establishment: net::ERR_CONNECTION_REFUSED @ http://localhost:5173/@vite/client:1034
[22516702ms] [ERROR] WebSocket connection to 'ws://localhost:5173/' failed: Error in connection establishment: net::ERR_CONNECTION_REFUSED @ http://localhost:5173/@vite/client:1034
[22519774ms] [ERROR] WebSocket connection to 'ws://localhost:5173/' failed: Error in connection establishment: net::ERR_CONNECTION_REFUSED @ http://localhost:5173/@vite/client:1034
[22523883ms] [ERROR] WebSocket connection to 'ws://localhost:5173/' failed: Error in connection establishment: net::ERR_CONNECTION_REFUSED @ http://localhost:5173/@vite/client:1034
[22526781ms] [ERROR] WebSocket connection to 'ws://localhost:5173/' failed: Error in connection establishment: net::ERR_CONNECTION_REFUSED @ http://localhost:5173/@vite/client:1034
[22531759ms] [ERROR] WebSocket connection to 'ws://localhost:5173/' failed: Error in connection establishment: net::ERR_CONNECTION_REFUSED @ http://localhost:5173/@vite/client:1034
[22534977ms] [ERROR] WebSocket connection to 'ws://localhost:5173/' failed: Error in connection establishment: net::ERR_CONNECTION_REFUSED @ http://localhost:5173/@vite/client:1034
[22537462ms] [ERROR] WebSocket connection to 'ws://localhost:5173/' failed: Error in connection establishment: net::ERR_CONNECTION_REFUSED @ http://localhost:5173/@vite/client:1034
[22539720ms] [ERROR] WebSocket connection to 'ws://localhost:5173/' failed: Error in connection establishment: net::ERR_CONNECTION_REFUSED @ http://localhost:5173/@vite/client:1034
[22542098ms] [ERROR] WebSocket connection to 'ws://localhost:5173/' failed: Error in connection establishment: net::ERR_CONNECTION_REFUSED @ http://localhost:5173/@vite/client:1034
[22545880ms] [ERROR] WebSocket connection to 'ws://localhost:5173/' failed: Error in connection establishment: net::ERR_CONNECTION_REFUSED @ http://localhost:5173/@vite/client:1034
[22549634ms] [ERROR] WebSocket connection to 'ws://localhost:5173/' failed: Error in connection establishment: net::ERR_CONNECTION_REFUSED @ http://localhost:5173/@vite/client:1034
[22553416ms] [ERROR] WebSocket connection to 'ws://localhost:5173/' failed: Error in connection establishment: net::ERR_CONNECTION_REFUSED @ http://localhost:5173/@vite/client:1034
[22559095ms] [ERROR] WebSocket connection to 'ws://localhost:5173/' failed: Error in connection establishment: net::ERR_CONNECTION_REFUSED @ http://localhost:5173/@vite/client:1034
[22564776ms] [ERROR] WebSocket connection to 'ws://localhost:5173/' failed: Error in connection establishment: net::ERR_CONNECTION_REFUSED @ http://localhost:5173/@vite/client:1034
[22569023ms] [ERROR] WebSocket connection to 'ws://localhost:5173/' failed: Error in connection establishment: net::ERR_CONNECTION_REFUSED @ http://localhost:5173/@vite/client:1034
[22573811ms] [ERROR] WebSocket connection to 'ws://localhost:5173/' failed: Error in connection establishment: net::ERR_CONNECTION_REFUSED @ http://localhost:5173/@vite/client:1034
[22577103ms] [ERROR] WebSocket connection to 'ws://localhost:5173/' failed: Error in connection establishment: net::ERR_CONNECTION_REFUSED @ http://localhost:5173/@vite/client:1034
[22580371ms] [ERROR] WebSocket connection to 'ws://localhost:5173/' failed: Error in connection establishment: net::ERR_CONNECTION_REFUSED @ http://localhost:5173/@vite/client:1034
[22584134ms] [ERROR] WebSocket connection to 'ws://localhost:5173/' failed: Error in connection establishment: net::ERR_CONNECTION_REFUSED @ http://localhost:5173/@vite/client:1034
[22587015ms] [ERROR] WebSocket connection to 'ws://localhost:5173/' failed: Error in connection establishment: net::ERR_CONNECTION_REFUSED @ http://localhost:5173/@vite/client:1034
[22590846ms] [ERROR] WebSocket connection to 'ws://localhost:5173/' failed: Error in connection establishment: net::ERR_CONNECTION_REFUSED @ http://localhost:5173/@vite/client:1034
[22595604ms] [ERROR] WebSocket connection to 'ws://localhost:5173/' failed: Error in connection establishment: net::ERR_CONNECTION_REFUSED @ http://localhost:5173/@vite/client:1034
[22597887ms] [ERROR] WebSocket connection to 'ws://localhost:5173/' failed: Error in connection establishment: net::ERR_CONNECTION_REFUSED @ http://localhost:5173/@vite/client:1034
[22601835ms] [ERROR] WebSocket connection to 'ws://localhost:5173/' failed: Error in connection establishment: net::ERR_CONNECTION_REFUSED @ http://localhost:5173/@vite/client:1034
[22605705ms] [ERROR] WebSocket connection to 'ws://localhost:5173/' failed: Error in connection establishment: net::ERR_CONNECTION_REFUSED @ http://localhost:5173/@vite/client:1034
[22610544ms] [ERROR] WebSocket connection to 'ws://localhost:5173/' failed: Error in connection establishment: net::ERR_CONNECTION_REFUSED @ http://localhost:5173/@vite/client:1034
[22614662ms] [ERROR] WebSocket connection to 'ws://localhost:5173/' failed: Error in connection establishment: net::ERR_CONNECTION_REFUSED @ http://localhost:5173/@vite/client:1034
[22618248ms] [ERROR] WebSocket connection to 'ws://localhost:5173/' failed: Error in connection establishment: net::ERR_CONNECTION_REFUSED @ http://localhost:5173/@vite/client:1034
[22621445ms] [ERROR] WebSocket connection to 'ws://localhost:5173/' failed: Error in connection establishment: net::ERR_CONNECTION_REFUSED @ http://localhost:5173/@vite/client:1034
[22626733ms] [ERROR] WebSocket connection to 'ws://localhost:5173/' failed: Error in connection establishment: net::ERR_CONNECTION_REFUSED @ http://localhost:5173/@vite/client:1034
[22631251ms] [ERROR] WebSocket connection to 'ws://localhost:5173/' failed: Error in connection establishment: net::ERR_CONNECTION_REFUSED @ http://localhost:5173/@vite/client:1034
[22635651ms] [ERROR] WebSocket connection to 'ws://localhost:5173/' failed: Error in connection establishment: net::ERR_CONNECTION_REFUSED @ http://localhost:5173/@vite/client:1034
[22637809ms] [ERROR] WebSocket connection to 'ws://localhost:5173/' failed: Error in connection establishment: net::ERR_CONNECTION_REFUSED @ http://localhost:5173/@vite/client:1034
[22641926ms] [ERROR] WebSocket connection to 'ws://localhost:5173/' failed: Error in connection establishment: net::ERR_CONNECTION_REFUSED @ http://localhost:5173/@vite/client:1034
[22644989ms] [ERROR] WebSocket connection to 'ws://localhost:5173/' failed: Error in connection establishment: net::ERR_CONNECTION_REFUSED @ http://localhost:5173/@vite/client:1034
[22648784ms] [ERROR] WebSocket connection to 'ws://localhost:5173/' failed: Error in connection establishment: net::ERR_CONNECTION_REFUSED @ http://localhost:5173/@vite/client:1034
[22653570ms] [ERROR] WebSocket connection to 'ws://localhost:5173/' failed: Error in connection establishment: net::ERR_CONNECTION_REFUSED @ http://localhost:5173/@vite/client:1034
[22658322ms] [ERROR] WebSocket connection to 'ws://localhost:5173/' failed: Error in connection establishment: net::ERR_CONNECTION_REFUSED @ http://localhost:5173/@vite/client:1034
[22664041ms] [ERROR] WebSocket connection to 'ws://localhost:5173/' failed: Error in connection establishment: net::ERR_CONNECTION_REFUSED @ http://localhost:5173/@vite/client:1034
[22667035ms] [ERROR] WebSocket connection to 'ws://localhost:5173/' failed: Error in connection establishment: net::ERR_CONNECTION_REFUSED @ http://localhost:5173/@vite/client:1034
[22672649ms] [ERROR] WebSocket connection to 'ws://localhost:5173/' failed: Error in connection establishment: net::ERR_CONNECTION_REFUSED @ http://localhost:5173/@vite/client:1034
[22677641ms] [ERROR] WebSocket connection to 'ws://localhost:5173/' failed: Error in connection establishment: net::ERR_CONNECTION_REFUSED @ http://localhost:5173/@vite/client:1034
[22680927ms] [ERROR] WebSocket connection to 'ws://localhost:5173/' failed: Error in connection establishment: net::ERR_CONNECTION_REFUSED @ http://localhost:5173/@vite/client:1034
[22686916ms] [ERROR] WebSocket connection to 'ws://localhost:5173/' failed: Error in connection establishment: net::ERR_CONNECTION_REFUSED @ http://localhost:5173/@vite/client:1034
[22689876ms] [ERROR] WebSocket connection to 'ws://localhost:5173/' failed: Error in connection establishment: net::ERR_CONNECTION_REFUSED @ http://localhost:5173/@vite/client:1034
[22695606ms] [ERROR] WebSocket connection to 'ws://localhost:5173/' failed: Error in connection establishment: net::ERR_CONNECTION_REFUSED @ http://localhost:5173/@vite/client:1034
[22700561ms] [ERROR] WebSocket connection to 'ws://localhost:5173/' failed: Error in connection establishment: net::ERR_CONNECTION_REFUSED @ http://localhost:5173/@vite/client:1034
[22703936ms] [ERROR] WebSocket connection to 'ws://localhost:5173/' failed: Error in connection establishment: net::ERR_CONNECTION_REFUSED @ http://localhost:5173/@vite/client:1034
[22707473ms] [ERROR] WebSocket connection to 'ws://localhost:5173/' failed: Error in connection establishment: net::ERR_CONNECTION_REFUSED @ http://localhost:5173/@vite/client:1034
[22710622ms] [ERROR] WebSocket connection to 'ws://localhost:5173/' failed: Error in connection establishment: net::ERR_CONNECTION_REFUSED @ http://localhost:5173/@vite/client:1034
[22714387ms] [ERROR] WebSocket connection to 'ws://localhost:5173/' failed: Error in connection establishment: net::ERR_CONNECTION_REFUSED @ http://localhost:5173/@vite/client:1034
[22717499ms] [ERROR] WebSocket connection to 'ws://localhost:5173/' failed: Error in connection establishment: net::ERR_CONNECTION_REFUSED @ http://localhost:5173/@vite/client:1034
[22719798ms] [ERROR] WebSocket connection to 'ws://localhost:5173/' failed: Error in connection establishment: net::ERR_CONNECTION_REFUSED @ http://localhost:5173/@vite/client:1034
[22720802ms] [ERROR] WebSocket connection to 'ws://localhost:5173/' failed: Error in connection establishment: net::ERR_CONNECTION_REFUSED @ http://localhost:5173/@vite/client:1034
[22721808ms] [ERROR] WebSocket connection to 'ws://localhost:5173/' failed: Error in connection establishment: net::ERR_CONNECTION_REFUSED @ http://localhost:5173/@vite/client:1034
[22722814ms] [ERROR] WebSocket connection to 'ws://localhost:5173/' failed: Error in connection establishment: net::ERR_CONNECTION_REFUSED @ http://localhost:5173/@vite/client:1034
[22723827ms] [ERROR] WebSocket connection to 'ws://localhost:5173/' failed: Error in connection establishment: net::ERR_CONNECTION_REFUSED @ http://localhost:5173/@vite/client:1034
[22724830ms] [ERROR] WebSocket connection to 'ws://localhost:5173/' failed: Error in connection establishment: net::ERR_CONNECTION_REFUSED @ http://localhost:5173/@vite/client:1034
[22725835ms] [ERROR] WebSocket connection to 'ws://localhost:5173/' failed: Error in connection establishment: net::ERR_CONNECTION_REFUSED @ http://localhost:5173/@vite/client:1034
[22726847ms] [ERROR] WebSocket connection to 'ws://localhost:5173/' failed: Error in connection establishment: net::ERR_CONNECTION_REFUSED @ http://localhost:5173/@vite/client:1034
[22727860ms] [ERROR] WebSocket connection to 'ws://localhost:5173/' failed: Error in connection establishment: net::ERR_CONNECTION_REFUSED @ http://localhost:5173/@vite/client:1034
[22728885ms] [ERROR] WebSocket connection to 'ws://localhost:5173/' failed: Error in connection establishment: net::ERR_CONNECTION_REFUSED @ http://localhost:5173/@vite/client:1034
[22729927ms] [ERROR] WebSocket connection to 'ws://localhost:5173/' failed: Error in connection establishment: net::ERR_CONNECTION_REFUSED @ http://localhost:5173/@vite/client:1034
[22731082ms] [ERROR] WebSocket connection to 'ws://localhost:5173/' failed: Error in connection establishment: net::ERR_CONNECTION_REFUSED @ http://localhost:5173/@vite/client:1034
[22732320ms] [ERROR] WebSocket connection to 'ws://localhost:5173/' failed: Error in connection establishment: net::ERR_CONNECTION_REFUSED @ http://localhost:5173/@vite/client:1034
[22733758ms] [ERROR] WebSocket connection to 'ws://localhost:5173/' failed: Error in connection establishment: net::ERR_CONNECTION_REFUSED @ http://localhost:5173/@vite/client:1034
[22735530ms] [ERROR] WebSocket connection to 'ws://localhost:5173/' failed: Error in connection establishment: net::ERR_CONNECTION_REFUSED @ http://localhost:5173/@vite/client:1034
[22737642ms] [ERROR] WebSocket connection to 'ws://localhost:5173/' failed: Error in connection establishment: net::ERR_CONNECTION_REFUSED @ http://localhost:5173/@vite/client:1034
[22742548ms] [ERROR] WebSocket connection to 'ws://localhost:5173/' failed: Error in connection establishment: net::ERR_CONNECTION_REFUSED @ http://localhost:5173/@vite/client:1034
[22747307ms] [ERROR] WebSocket connection to 'ws://localhost:5173/' failed: Error in connection establishment: net::ERR_CONNECTION_REFUSED @ http://localhost:5173/@vite/client:1034
[22751422ms] [ERROR] WebSocket connection to 'ws://localhost:5173/' failed: Error in connection establishment: net::ERR_CONNECTION_REFUSED @ http://localhost:5173/@vite/client:1034
[22754587ms] [ERROR] WebSocket connection to 'ws://localhost:5173/' failed: Error in connection establishment: net::ERR_CONNECTION_REFUSED @ http://localhost:5173/@vite/client:1034
[22760264ms] [ERROR] WebSocket connection to 'ws://localhost:5173/' failed: Error in connection establishment: net::ERR_CONNECTION_REFUSED @ http://localhost:5173/@vite/client:1034
[22762387ms] [ERROR] WebSocket connection to 'ws://localhost:5173/' failed: Error in connection establishment: net::ERR_CONNECTION_REFUSED @ http://localhost:5173/@vite/client:1034
[22764535ms] [ERROR] WebSocket connection to 'ws://localhost:5173/' failed: Error in connection establishment: net::ERR_CONNECTION_REFUSED @ http://localhost:5173/@vite/client:1034
[22770303ms] [ERROR] WebSocket connection to 'ws://localhost:5173/' failed: Error in connection establishment: net::ERR_CONNECTION_REFUSED @ http://localhost:5173/@vite/client:1034
[22773429ms] [ERROR] WebSocket connection to 'ws://localhost:5173/' failed: Error in connection establishment: net::ERR_CONNECTION_REFUSED @ http://localhost:5173/@vite/client:1034
[22779107ms] [ERROR] WebSocket connection to 'ws://localhost:5173/' failed: Error in connection establishment: net::ERR_CONNECTION_REFUSED @ http://localhost:5173/@vite/client:1034
[22782017ms] [ERROR] WebSocket connection to 'ws://localhost:5173/' failed: Error in connection establishment: net::ERR_CONNECTION_REFUSED @ http://localhost:5173/@vite/client:1034
[22786848ms] [ERROR] WebSocket connection to 'ws://localhost:5173/' failed: Error in connection establishment: net::ERR_CONNECTION_REFUSED @ http://localhost:5173/@vite/client:1034
[22792220ms] [ERROR] WebSocket connection to 'ws://localhost:5173/' failed: Error in connection establishment: net::ERR_CONNECTION_REFUSED @ http://localhost:5173/@vite/client:1034
[22794269ms] [ERROR] WebSocket connection to 'ws://localhost:5173/' failed: Error in connection establishment: net::ERR_CONNECTION_REFUSED @ http://localhost:5173/@vite/client:1034
[22800110ms] [ERROR] WebSocket connection to 'ws://localhost:5173/' failed: Error in connection establishment: net::ERR_CONNECTION_REFUSED @ http://localhost:5173/@vite/client:1034
[22803490ms] [ERROR] WebSocket connection to 'ws://localhost:5173/' failed: Error in connection establishment: net::ERR_CONNECTION_REFUSED @ http://localhost:5173/@vite/client:1034
[22808521ms] [ERROR] WebSocket connection to 'ws://localhost:5173/' failed: Error in connection establishment: net::ERR_CONNECTION_REFUSED @ http://localhost:5173/@vite/client:1034
[22814192ms] [ERROR] WebSocket connection to 'ws://localhost:5173/' failed: Error in connection establishment: net::ERR_CONNECTION_REFUSED @ http://localhost:5173/@vite/client:1034
[22818513ms] [ERROR] WebSocket connection to 'ws://localhost:5173/' failed: Error in connection establishment: net::ERR_CONNECTION_REFUSED @ http://localhost:5173/@vite/client:1034
[22822666ms] [ERROR] WebSocket connection to 'ws://localhost:5173/' failed: Error in connection establishment: net::ERR_CONNECTION_REFUSED @ http://localhost:5173/@vite/client:1034
[22826411ms] [ERROR] WebSocket connection to 'ws://localhost:5173/' failed: Error in connection establishment: net::ERR_CONNECTION_REFUSED @ http://localhost:5173/@vite/client:1034
[22829942ms] [ERROR] WebSocket connection to 'ws://localhost:5173/' failed: Error in connection establishment: net::ERR_CONNECTION_REFUSED @ http://localhost:5173/@vite/client:1034
[22834947ms] [ERROR] WebSocket connection to 'ws://localhost:5173/' failed: Error in connection establishment: net::ERR_CONNECTION_REFUSED @ http://localhost:5173/@vite/client:1034
[22837761ms] [ERROR] WebSocket connection to 'ws://localhost:5173/' failed: Error in connection establishment: net::ERR_CONNECTION_REFUSED @ http://localhost:5173/@vite/client:1034
[22841405ms] [ERROR] WebSocket connection to 'ws://localhost:5173/' failed: Error in connection establishment: net::ERR_CONNECTION_REFUSED @ http://localhost:5173/@vite/client:1034
[22844853ms] [ERROR] WebSocket connection to 'ws://localhost:5173/' failed: Error in connection establishment: net::ERR_CONNECTION_REFUSED @ http://localhost:5173/@vite/client:1034
[22847584ms] [ERROR] WebSocket connection to 'ws://localhost:5173/' failed: Error in connection establishment: net::ERR_CONNECTION_REFUSED @ http://localhost:5173/@vite/client:1034
[22852155ms] [ERROR] WebSocket connection to 'ws://localhost:5173/' failed: Error in connection establishment: net::ERR_CONNECTION_REFUSED @ http://localhost:5173/@vite/client:1034
[22854504ms] [ERROR] WebSocket connection to 'ws://localhost:5173/' failed: Error in connection establishment: net::ERR_CONNECTION_REFUSED @ http://localhost:5173/@vite/client:1034
[22859911ms] [ERROR] WebSocket connection to 'ws://localhost:5173/' failed: Error in connection establishment: net::ERR_CONNECTION_REFUSED @ http://localhost:5173/@vite/client:1034
[22864545ms] [ERROR] WebSocket connection to 'ws://localhost:5173/' failed: Error in connection establishment: net::ERR_CONNECTION_REFUSED @ http://localhost:5173/@vite/client:1034
[22868896ms] [ERROR] WebSocket connection to 'ws://localhost:5173/' failed: Error in connection establishment: net::ERR_CONNECTION_REFUSED @ http://localhost:5173/@vite/client:1034
[22874580ms] [ERROR] WebSocket connection to 'ws://localhost:5173/' failed: Error in connection establishment: net::ERR_CONNECTION_REFUSED @ http://localhost:5173/@vite/client:1034
[22878906ms] [ERROR] WebSocket connection to 'ws://localhost:5173/' failed: Error in connection establishment: net::ERR_CONNECTION_REFUSED @ http://localhost:5173/@vite/client:1034
[22882893ms] [ERROR] WebSocket connection to 'ws://localhost:5173/' failed: Error in connection establishment: net::ERR_CONNECTION_REFUSED @ http://localhost:5173/@vite/client:1034
[22887372ms] [ERROR] WebSocket connection to 'ws://localhost:5173/' failed: Error in connection establishment: net::ERR_CONNECTION_REFUSED @ http://localhost:5173/@vite/client:1034
[22892711ms] [ERROR] WebSocket connection to 'ws://localhost:5173/' failed: Error in connection establishment: net::ERR_CONNECTION_REFUSED @ http://localhost:5173/@vite/client:1034
[22898546ms] [ERROR] WebSocket connection to 'ws://localhost:5173/' failed: Error in connection establishment: net::ERR_CONNECTION_REFUSED @ http://localhost:5173/@vite/client:1034
[22904314ms] [ERROR] WebSocket connection to 'ws://localhost:5173/' failed: Error in connection establishment: net::ERR_CONNECTION_REFUSED @ http://localhost:5173/@vite/client:1034
[22908179ms] [ERROR] WebSocket connection to 'ws://localhost:5173/' failed: Error in connection establishment: net::ERR_CONNECTION_REFUSED @ http://localhost:5173/@vite/client:1034
[22910603ms] [ERROR] WebSocket connection to 'ws://localhost:5173/' failed: Error in connection establishment: net::ERR_CONNECTION_REFUSED @ http://localhost:5173/@vite/client:1034
[22913686ms] [ERROR] WebSocket connection to 'ws://localhost:5173/' failed: Error in connection establishment: net::ERR_CONNECTION_REFUSED @ http://localhost:5173/@vite/client:1034
[22918602ms] [ERROR] WebSocket connection to 'ws://localhost:5173/' failed: Error in connection establishment: net::ERR_CONNECTION_REFUSED @ http://localhost:5173/@vite/client:1034
[22924189ms] [ERROR] WebSocket connection to 'ws://localhost:5173/' failed: Error in connection establishment: net::ERR_CONNECTION_REFUSED @ http://localhost:5173/@vite/client:1034
[22927598ms] [ERROR] WebSocket connection to 'ws://localhost:5173/' failed: Error in connection establishment: net::ERR_CONNECTION_REFUSED @ http://localhost:5173/@vite/client:1034
[22933319ms] [ERROR] WebSocket connection to 'ws://localhost:5173/' failed: Error in connection establishment: net::ERR_CONNECTION_REFUSED @ http://localhost:5173/@vite/client:1034
[22939308ms] [ERROR] WebSocket connection to 'ws://localhost:5173/' failed: Error in connection establishment: net::ERR_CONNECTION_REFUSED @ http://localhost:5173/@vite/client:1034
[22941719ms] [ERROR] WebSocket connection to 'ws://localhost:5173/' failed: Error in connection establishment: net::ERR_CONNECTION_REFUSED @ http://localhost:5173/@vite/client:1034
[22946207ms] [ERROR] WebSocket connection to 'ws://localhost:5173/' failed: Error in connection establishment: net::ERR_CONNECTION_REFUSED @ http://localhost:5173/@vite/client:1034
[22949740ms] [ERROR] WebSocket connection to 'ws://localhost:5173/' failed: Error in connection establishment: net::ERR_CONNECTION_REFUSED @ http://localhost:5173/@vite/client:1034
[22952521ms] [ERROR] WebSocket connection to 'ws://localhost:5173/' failed: Error in connection establishment: net::ERR_CONNECTION_REFUSED @ http://localhost:5173/@vite/client:1034
[22955025ms] [ERROR] WebSocket connection to 'ws://localhost:5173/' failed: Error in connection establishment: net::ERR_CONNECTION_REFUSED @ http://localhost:5173/@vite/client:1034
[22959264ms] [ERROR] WebSocket connection to 'ws://localhost:5173/' failed: Error in connection establishment: net::ERR_CONNECTION_REFUSED @ http://localhost:5173/@vite/client:1034
[22962817ms] [ERROR] WebSocket connection to 'ws://localhost:5173/' failed: Error in connection establishment: net::ERR_CONNECTION_REFUSED @ http://localhost:5173/@vite/client:1034
[22965035ms] [ERROR] WebSocket connection to 'ws://localhost:5173/' failed: Error in connection establishment: net::ERR_CONNECTION_REFUSED @ http://localhost:5173/@vite/client:1034
[22967487ms] [ERROR] WebSocket connection to 'ws://localhost:5173/' failed: Error in connection establishment: net::ERR_CONNECTION_REFUSED @ http://localhost:5173/@vite/client:1034
[22969819ms] [ERROR] WebSocket connection to 'ws://localhost:5173/' failed: Error in connection establishment: net::ERR_CONNECTION_REFUSED @ http://localhost:5173/@vite/client:1034
[22972068ms] [ERROR] WebSocket connection to 'ws://localhost:5173/' failed: Error in connection establishment: net::ERR_CONNECTION_REFUSED @ http://localhost:5173/@vite/client:1034
[22976706ms] [ERROR] WebSocket connection to 'ws://localhost:5173/' failed: Error in connection establishment: net::ERR_CONNECTION_REFUSED @ http://localhost:5173/@vite/client:1034
[22981449ms] [ERROR] WebSocket connection to 'ws://localhost:5173/' failed: Error in connection establishment: net::ERR_CONNECTION_REFUSED @ http://localhost:5173/@vite/client:1034
[22985209ms] [ERROR] WebSocket connection to 'ws://localhost:5173/' failed: Error in connection establishment: net::ERR_CONNECTION_REFUSED @ http://localhost:5173/@vite/client:1034
[22987509ms] [ERROR] WebSocket connection to 'ws://localhost:5173/' failed: Error in connection establishment: net::ERR_CONNECTION_REFUSED @ http://localhost:5173/@vite/client:1034
[22990242ms] [ERROR] WebSocket connection to 'ws://localhost:5173/' failed: Error in connection establishment: net::ERR_CONNECTION_REFUSED @ http://localhost:5173/@vite/client:1034
[22995735ms] [ERROR] WebSocket connection to 'ws://localhost:5173/' failed: Error in connection establishment: net::ERR_CONNECTION_REFUSED @ http://localhost:5173/@vite/client:1034
[23000009ms] [ERROR] WebSocket connection to 'ws://localhost:5173/' failed: Error in connection establishment: net::ERR_CONNECTION_REFUSED @ http://localhost:5173/@vite/client:1034
[23003565ms] [ERROR] WebSocket connection to 'ws://localhost:5173/' failed: Error in connection establishment: net::ERR_CONNECTION_REFUSED @ http://localhost:5173/@vite/client:1034
[23007647ms] [ERROR] WebSocket connection to 'ws://localhost:5173/' failed: Error in connection establishment: net::ERR_CONNECTION_REFUSED @ http://localhost:5173/@vite/client:1034
[23013332ms] [ERROR] WebSocket connection to 'ws://localhost:5173/' failed: Error in connection establishment: net::ERR_CONNECTION_REFUSED @ http://localhost:5173/@vite/client:1034
[23017514ms] [ERROR] WebSocket connection to 'ws://localhost:5173/' failed: Error in connection establishment: net::ERR_CONNECTION_REFUSED @ http://localhost:5173/@vite/client:1034
[23021508ms] [ERROR] WebSocket connection to 'ws://localhost:5173/' failed: Error in connection establishment: net::ERR_CONNECTION_REFUSED @ http://localhost:5173/@vite/client:1034
[23025343ms] [ERROR] WebSocket connection to 'ws://localhost:5173/' failed: Error in connection establishment: net::ERR_CONNECTION_REFUSED @ http://localhost:5173/@vite/client:1034
[23027852ms] [ERROR] WebSocket connection to 'ws://localhost:5173/' failed: Error in connection establishment: net::ERR_CONNECTION_REFUSED @ http://localhost:5173/@vite/client:1034
[23032099ms] [ERROR] WebSocket connection to 'ws://localhost:5173/' failed: Error in connection establishment: net::ERR_CONNECTION_REFUSED @ http://localhost:5173/@vite/client:1034
[23037977ms] [ERROR] WebSocket connection to 'ws://localhost:5173/' failed: Error in connection establishment: net::ERR_CONNECTION_REFUSED @ http://localhost:5173/@vite/client:1034
[23040121ms] [ERROR] WebSocket connection to 'ws://localhost:5173/' failed: Error in connection establishment: net::ERR_CONNECTION_REFUSED @ http://localhost:5173/@vite/client:1034
[23045905ms] [ERROR] WebSocket connection to 'ws://localhost:5173/' failed: Error in connection establishment: net::ERR_CONNECTION_REFUSED @ http://localhost:5173/@vite/client:1034
[23049389ms] [ERROR] WebSocket connection to 'ws://localhost:5173/' failed: Error in connection establishment: net::ERR_CONNECTION_REFUSED @ http://localhost:5173/@vite/client:1034
[23054367ms] [ERROR] WebSocket connection to 'ws://localhost:5173/' failed: Error in connection establishment: net::ERR_CONNECTION_REFUSED @ http://localhost:5173/@vite/client:1034
[23056416ms] [ERROR] WebSocket connection to 'ws://localhost:5173/' failed: Error in connection establishment: net::ERR_CONNECTION_REFUSED @ http://localhost:5173/@vite/client:1034
[23058872ms] [ERROR] WebSocket connection to 'ws://localhost:5173/' failed: Error in connection establishment: net::ERR_CONNECTION_REFUSED @ http://localhost:5173/@vite/client:1034
[23063439ms] [ERROR] WebSocket connection to 'ws://localhost:5173/' failed: Error in connection establishment: net::ERR_CONNECTION_REFUSED @ http://localhost:5173/@vite/client:1034
[23068403ms] [ERROR] WebSocket connection to 'ws://localhost:5173/' failed: Error in connection establishment: net::ERR_CONNECTION_REFUSED @ http://localhost:5173/@vite/client:1034
[23071948ms] [ERROR] WebSocket connection to 'ws://localhost:5173/' failed: Error in connection establishment: net::ERR_CONNECTION_REFUSED @ http://localhost:5173/@vite/client:1034
[23074068ms] [ERROR] WebSocket connection to 'ws://localhost:5173/' failed: Error in connection establishment: net::ERR_CONNECTION_REFUSED @ http://localhost:5173/@vite/client:1034
[23079614ms] [ERROR] WebSocket connection to 'ws://localhost:5173/' failed: Error in connection establishment: net::ERR_CONNECTION_REFUSED @ http://localhost:5173/@vite/client:1034
[23083667ms] [ERROR] WebSocket connection to 'ws://localhost:5173/' failed: Error in connection establishment: net::ERR_CONNECTION_REFUSED @ http://localhost:5173/@vite/client:1034
[23086788ms] [ERROR] WebSocket connection to 'ws://localhost:5173/' failed: Error in connection establishment: net::ERR_CONNECTION_REFUSED @ http://localhost:5173/@vite/client:1034
[23089919ms] [ERROR] WebSocket connection to 'ws://localhost:5173/' failed: Error in connection establishment: net::ERR_CONNECTION_REFUSED @ http://localhost:5173/@vite/client:1034
[23093219ms] [ERROR] WebSocket connection to 'ws://localhost:5173/' failed: Error in connection establishment: net::ERR_CONNECTION_REFUSED @ http://localhost:5173/@vite/client:1034
[23095360ms] [ERROR] WebSocket connection to 'ws://localhost:5173/' failed: Error in connection establishment: net::ERR_CONNECTION_REFUSED @ http://localhost:5173/@vite/client:1034
[23099754ms] [ERROR] WebSocket connection to 'ws://localhost:5173/' failed: Error in connection establishment: net::ERR_CONNECTION_REFUSED @ http://localhost:5173/@vite/client:1034
[23102505ms] [ERROR] WebSocket connection to 'ws://localhost:5173/' failed: Error in connection establishment: net::ERR_CONNECTION_REFUSED @ http://localhost:5173/@vite/client:1034
[23108085ms] [ERROR] WebSocket connection to 'ws://localhost:5173/' failed: Error in connection establishment: net::ERR_CONNECTION_REFUSED @ http://localhost:5173/@vite/client:1034
[23110592ms] [ERROR] WebSocket connection to 'ws://localhost:5173/' failed: Error in connection establishment: net::ERR_CONNECTION_REFUSED @ http://localhost:5173/@vite/client:1034
[23115499ms] [ERROR] WebSocket connection to 'ws://localhost:5173/' failed: Error in connection establishment: net::ERR_CONNECTION_REFUSED @ http://localhost:5173/@vite/client:1034
[23120164ms] [ERROR] WebSocket connection to 'ws://localhost:5173/' failed: Error in connection establishment: net::ERR_CONNECTION_REFUSED @ http://localhost:5173/@vite/client:1034
[23125563ms] [ERROR] WebSocket connection to 'ws://localhost:5173/' failed: Error in connection establishment: net::ERR_CONNECTION_REFUSED @ http://localhost:5173/@vite/client:1034
[23130301ms] [ERROR] WebSocket connection to 'ws://localhost:5173/' failed: Error in connection establishment: net::ERR_CONNECTION_REFUSED @ http://localhost:5173/@vite/client:1034
[23135180ms] [ERROR] WebSocket connection to 'ws://localhost:5173/' failed: Error in connection establishment: net::ERR_CONNECTION_REFUSED @ http://localhost:5173/@vite/client:1034
[23138578ms] [ERROR] WebSocket connection to 'ws://localhost:5173/' failed: Error in connection establishment: net::ERR_CONNECTION_REFUSED @ http://localhost:5173/@vite/client:1034
[23142990ms] [ERROR] WebSocket connection to 'ws://localhost:5173/' failed: Error in connection establishment: net::ERR_CONNECTION_REFUSED @ http://localhost:5173/@vite/client:1034
[23146543ms] [ERROR] WebSocket connection to 'ws://localhost:5173/' failed: Error in connection establishment: net::ERR_CONNECTION_REFUSED @ http://localhost:5173/@vite/client:1034
[23149575ms] [ERROR] WebSocket connection to 'ws://localhost:5173/' failed: Error in connection establishment: net::ERR_CONNECTION_REFUSED @ http://localhost:5173/@vite/client:1034
[23152559ms] [ERROR] WebSocket connection to 'ws://localhost:5173/' failed: Error in connection establishment: net::ERR_CONNECTION_REFUSED @ http://localhost:5173/@vite/client:1034
[23155991ms] [ERROR] WebSocket connection to 'ws://localhost:5173/' failed: Error in connection establishment: net::ERR_CONNECTION_REFUSED @ http://localhost:5173/@vite/client:1034
[23161913ms] [ERROR] WebSocket connection to 'ws://localhost:5173/' failed: Error in connection establishment: net::ERR_CONNECTION_REFUSED @ http://localhost:5173/@vite/client:1034
[23166084ms] [ERROR] WebSocket connection to 'ws://localhost:5173/' failed: Error in connection establishment: net::ERR_CONNECTION_REFUSED @ http://localhost:5173/@vite/client:1034
[23170740ms] [ERROR] WebSocket connection to 'ws://localhost:5173/' failed: Error in connection establishment: net::ERR_CONNECTION_REFUSED @ http://localhost:5173/@vite/client:1034
[23173967ms] [ERROR] WebSocket connection to 'ws://localhost:5173/' failed: Error in connection establishment: net::ERR_CONNECTION_REFUSED @ http://localhost:5173/@vite/client:1034
[23178332ms] [ERROR] WebSocket connection to 'ws://localhost:5173/' failed: Error in connection establishment: net::ERR_CONNECTION_REFUSED @ http://localhost:5173/@vite/client:1034
[23183309ms] [ERROR] WebSocket connection to 'ws://localhost:5173/' failed: Error in connection establishment: net::ERR_CONNECTION_REFUSED @ http://localhost:5173/@vite/client:1034
[23188049ms] [ERROR] WebSocket connection to 'ws://localhost:5173/' failed: Error in connection establishment: net::ERR_CONNECTION_REFUSED @ http://localhost:5173/@vite/client:1034
[23190195ms] [ERROR] WebSocket connection to 'ws://localhost:5173/' failed: Error in connection establishment: net::ERR_CONNECTION_REFUSED @ http://localhost:5173/@vite/client:1034
[23194711ms] [ERROR] WebSocket connection to 'ws://localhost:5173/' failed: Error in connection establishment: net::ERR_CONNECTION_REFUSED @ http://localhost:5173/@vite/client:1034
[23199777ms] [ERROR] WebSocket connection to 'ws://localhost:5173/' failed: Error in connection establishment: net::ERR_CONNECTION_REFUSED @ http://localhost:5173/@vite/client:1034
[23202382ms] [ERROR] WebSocket connection to 'ws://localhost:5173/' failed: Error in connection establishment: net::ERR_CONNECTION_REFUSED @ http://localhost:5173/@vite/client:1034
[23206303ms] [ERROR] WebSocket connection to 'ws://localhost:5173/' failed: Error in connection establishment: net::ERR_CONNECTION_REFUSED @ http://localhost:5173/@vite/client:1034
[23209956ms] [ERROR] WebSocket connection to 'ws://localhost:5173/' failed: Error in connection establishment: net::ERR_CONNECTION_REFUSED @ http://localhost:5173/@vite/client:1034
[23214543ms] [ERROR] WebSocket connection to 'ws://localhost:5173/' failed: Error in connection establishment: net::ERR_CONNECTION_REFUSED @ http://localhost:5173/@vite/client:1034
[23220383ms] [ERROR] WebSocket connection to 'ws://localhost:5173/' failed: Error in connection establishment: net::ERR_CONNECTION_REFUSED @ http://localhost:5173/@vite/client:1034
[23224259ms] [ERROR] WebSocket connection to 'ws://localhost:5173/' failed: Error in connection establishment: net::ERR_CONNECTION_REFUSED @ http://localhost:5173/@vite/client:1034
[23227987ms] [ERROR] WebSocket connection to 'ws://localhost:5173/' failed: Error in connection establishment: net::ERR_CONNECTION_REFUSED @ http://localhost:5173/@vite/client:1034
[23232419ms] [ERROR] WebSocket connection to 'ws://localhost:5173/' failed: Error in connection establishment: net::ERR_CONNECTION_REFUSED @ http://localhost:5173/@vite/client:1034
[23236964ms] [ERROR] WebSocket connection to 'ws://localhost:5173/' failed: Error in connection establishment: net::ERR_CONNECTION_REFUSED @ http://localhost:5173/@vite/client:1034
[23239219ms] [ERROR] WebSocket connection to 'ws://localhost:5173/' failed: Error in connection establishment: net::ERR_CONNECTION_REFUSED @ http://localhost:5173/@vite/client:1034
[23243956ms] [ERROR] WebSocket connection to 'ws://localhost:5173/' failed: Error in connection establishment: net::ERR_CONNECTION_REFUSED @ http://localhost:5173/@vite/client:1034
[23249006ms] [ERROR] WebSocket connection to 'ws://localhost:5173/' failed: Error in connection establishment: net::ERR_CONNECTION_REFUSED @ http://localhost:5173/@vite/client:1034
[23251513ms] [ERROR] WebSocket connection to 'ws://localhost:5173/' failed: Error in connection establishment: net::ERR_CONNECTION_REFUSED @ http://localhost:5173/@vite/client:1034
[23257323ms] [ERROR] WebSocket connection to 'ws://localhost:5173/' failed: Error in connection establishment: net::ERR_CONNECTION_REFUSED @ http://localhost:5173/@vite/client:1034
[23260681ms] [ERROR] WebSocket connection to 'ws://localhost:5173/' failed: Error in connection establishment: net::ERR_CONNECTION_REFUSED @ http://localhost:5173/@vite/client:1034
[23266497ms] [ERROR] WebSocket connection to 'ws://localhost:5173/' failed: Error in connection establishment: net::ERR_CONNECTION_REFUSED @ http://localhost:5173/@vite/client:1034
[23268972ms] [ERROR] WebSocket connection to 'ws://localhost:5173/' failed: Error in connection establishment: net::ERR_CONNECTION_REFUSED @ http://localhost:5173/@vite/client:1034
[23274819ms] [ERROR] WebSocket connection to 'ws://localhost:5173/' failed: Error in connection establishment: net::ERR_CONNECTION_REFUSED @ http://localhost:5173/@vite/client:1034
[23280698ms] [ERROR] WebSocket connection to 'ws://localhost:5173/' failed: Error in connection establishment: net::ERR_CONNECTION_REFUSED @ http://localhost:5173/@vite/client:1034
[23284740ms] [ERROR] WebSocket connection to 'ws://localhost:5173/' failed: Error in connection establishment: net::ERR_CONNECTION_REFUSED @ http://localhost:5173/@vite/client:1034
[23287761ms] [ERROR] WebSocket connection to 'ws://localhost:5173/' failed: Error in connection establishment: net::ERR_CONNECTION_REFUSED @ http://localhost:5173/@vite/client:1034
[23292669ms] [ERROR] WebSocket connection to 'ws://localhost:5173/' failed: Error in connection establishment: net::ERR_CONNECTION_REFUSED @ http://localhost:5173/@vite/client:1034
[23297411ms] [ERROR] WebSocket connection to 'ws://localhost:5173/' failed: Error in connection establishment: net::ERR_CONNECTION_REFUSED @ http://localhost:5173/@vite/client:1034
[23302149ms] [ERROR] WebSocket connection to 'ws://localhost:5173/' failed: Error in connection establishment: net::ERR_CONNECTION_REFUSED @ http://localhost:5173/@vite/client:1034
[23306394ms] [ERROR] WebSocket connection to 'ws://localhost:5173/' failed: Error in connection establishment: net::ERR_CONNECTION_REFUSED @ http://localhost:5173/@vite/client:1034
[23308517ms] [ERROR] WebSocket connection to 'ws://localhost:5173/' failed: Error in connection establishment: net::ERR_CONNECTION_REFUSED @ http://localhost:5173/@vite/client:1034
[23314304ms] [ERROR] WebSocket connection to 'ws://localhost:5173/' failed: Error in connection establishment: net::ERR_CONNECTION_REFUSED @ http://localhost:5173/@vite/client:1034
[23319719ms] [ERROR] WebSocket connection to 'ws://localhost:5173/' failed: Error in connection establishment: net::ERR_CONNECTION_REFUSED @ http://localhost:5173/@vite/client:1034
[23322935ms] [ERROR] WebSocket connection to 'ws://localhost:5173/' failed: Error in connection establishment: net::ERR_CONNECTION_REFUSED @ http://localhost:5173/@vite/client:1034
[23328604ms] [ERROR] WebSocket connection to 'ws://localhost:5173/' failed: Error in connection establishment: net::ERR_CONNECTION_REFUSED @ http://localhost:5173/@vite/client:1034
[23332732ms] [ERROR] WebSocket connection to 'ws://localhost:5173/' failed: Error in connection establishment: net::ERR_CONNECTION_REFUSED @ http://localhost:5173/@vite/client:1034
[23334944ms] [ERROR] WebSocket connection to 'ws://localhost:5173/' failed: Error in connection establishment: net::ERR_CONNECTION_REFUSED @ http://localhost:5173/@vite/client:1034
[23338715ms] [ERROR] WebSocket connection to 'ws://localhost:5173/' failed: Error in connection establishment: net::ERR_CONNECTION_REFUSED @ http://localhost:5173/@vite/client:1034
[23343444ms] [ERROR] WebSocket connection to 'ws://localhost:5173/' failed: Error in connection establishment: net::ERR_CONNECTION_REFUSED @ http://localhost:5173/@vite/client:1034
[23346121ms] [ERROR] WebSocket connection to 'ws://localhost:5173/' failed: Error in connection establishment: net::ERR_CONNECTION_REFUSED @ http://localhost:5173/@vite/client:1034
[23349087ms] [ERROR] WebSocket connection to 'ws://localhost:5173/' failed: Error in connection establishment: net::ERR_CONNECTION_REFUSED @ http://localhost:5173/@vite/client:1034
[23351931ms] [ERROR] WebSocket connection to 'ws://localhost:5173/' failed: Error in connection establishment: net::ERR_CONNECTION_REFUSED @ http://localhost:5173/@vite/client:1034
[23357422ms] [ERROR] WebSocket connection to 'ws://localhost:5173/' failed: Error in connection establishment: net::ERR_CONNECTION_REFUSED @ http://localhost:5173/@vite/client:1034
[23359945ms] [ERROR] WebSocket connection to 'ws://localhost:5173/' failed: Error in connection establishment: net::ERR_CONNECTION_REFUSED @ http://localhost:5173/@vite/client:1034
[23363756ms] [ERROR] WebSocket connection to 'ws://localhost:5173/' failed: Error in connection establishment: net::ERR_CONNECTION_REFUSED @ http://localhost:5173/@vite/client:1034
[23368870ms] [ERROR] WebSocket connection to 'ws://localhost:5173/' failed: Error in connection establishment: net::ERR_CONNECTION_REFUSED @ http://localhost:5173/@vite/client:1034
[23372495ms] [ERROR] WebSocket connection to 'ws://localhost:5173/' failed: Error in connection establishment: net::ERR_CONNECTION_REFUSED @ http://localhost:5173/@vite/client:1034
[23377528ms] [ERROR] WebSocket connection to 'ws://localhost:5173/' failed: Error in connection establishment: net::ERR_CONNECTION_REFUSED @ http://localhost:5173/@vite/client:1034
[23381639ms] [ERROR] WebSocket connection to 'ws://localhost:5173/' failed: Error in connection establishment: net::ERR_CONNECTION_REFUSED @ http://localhost:5173/@vite/client:1034
[23386418ms] [ERROR] WebSocket connection to 'ws://localhost:5173/' failed: Error in connection establishment: net::ERR_CONNECTION_REFUSED @ http://localhost:5173/@vite/client:1034
[23390235ms] [ERROR] WebSocket connection to 'ws://localhost:5173/' failed: Error in connection establishment: net::ERR_CONNECTION_REFUSED @ http://localhost:5173/@vite/client:1034
[23394848ms] [ERROR] WebSocket connection to 'ws://localhost:5173/' failed: Error in connection establishment: net::ERR_CONNECTION_REFUSED @ http://localhost:5173/@vite/client:1034
[23397404ms] [ERROR] WebSocket connection to 'ws://localhost:5173/' failed: Error in connection establishment: net::ERR_CONNECTION_REFUSED @ http://localhost:5173/@vite/client:1034
[23400876ms] [ERROR] WebSocket connection to 'ws://localhost:5173/' failed: Error in connection establishment: net::ERR_CONNECTION_REFUSED @ http://localhost:5173/@vite/client:1034
[23404950ms] [ERROR] WebSocket connection to 'ws://localhost:5173/' failed: Error in connection establishment: net::ERR_CONNECTION_REFUSED @ http://localhost:5173/@vite/client:1034
[23410873ms] [ERROR] WebSocket connection to 'ws://localhost:5173/' failed: Error in connection establishment: net::ERR_CONNECTION_REFUSED @ http://localhost:5173/@vite/client:1034
[23414940ms] [ERROR] WebSocket connection to 'ws://localhost:5173/' failed: Error in connection establishment: net::ERR_CONNECTION_REFUSED @ http://localhost:5173/@vite/client:1034
[23418276ms] [ERROR] WebSocket connection to 'ws://localhost:5173/' failed: Error in connection establishment: net::ERR_CONNECTION_REFUSED @ http://localhost:5173/@vite/client:1034
[23423869ms] [ERROR] WebSocket connection to 'ws://localhost:5173/' failed: Error in connection establishment: net::ERR_CONNECTION_REFUSED @ http://localhost:5173/@vite/client:1034
[23427856ms] [ERROR] WebSocket connection to 'ws://localhost:5173/' failed: Error in connection establishment: net::ERR_CONNECTION_REFUSED @ http://localhost:5173/@vite/client:1034
[23430690ms] [ERROR] WebSocket connection to 'ws://localhost:5173/' failed: Error in connection establishment: net::ERR_CONNECTION_REFUSED @ http://localhost:5173/@vite/client:1034
[23436662ms] [ERROR] WebSocket connection to 'ws://localhost:5173/' failed: Error in connection establishment: net::ERR_CONNECTION_REFUSED @ http://localhost:5173/@vite/client:1034
[23439494ms] [ERROR] WebSocket connection to 'ws://localhost:5173/' failed: Error in connection establishment: net::ERR_CONNECTION_REFUSED @ http://localhost:5173/@vite/client:1034
[23444684ms] [ERROR] WebSocket connection to 'ws://localhost:5173/' failed: Error in connection establishment: net::ERR_CONNECTION_REFUSED @ http://localhost:5173/@vite/client:1034
[23446949ms] [ERROR] WebSocket connection to 'ws://localhost:5173/' failed: Error in connection establishment: net::ERR_CONNECTION_REFUSED @ http://localhost:5173/@vite/client:1034
[23451966ms] [ERROR] WebSocket connection to 'ws://localhost:5173/' failed: Error in connection establishment: net::ERR_CONNECTION_REFUSED @ http://localhost:5173/@vite/client:1034
[23454417ms] [ERROR] WebSocket connection to 'ws://localhost:5173/' failed: Error in connection establishment: net::ERR_CONNECTION_REFUSED @ http://localhost:5173/@vite/client:1034
[23458716ms] [ERROR] WebSocket connection to 'ws://localhost:5173/' failed: Error in connection establishment: net::ERR_CONNECTION_REFUSED @ http://localhost:5173/@vite/client:1034
[23464584ms] [ERROR] WebSocket connection to 'ws://localhost:5173/' failed: Error in connection establishment: net::ERR_CONNECTION_REFUSED @ http://localhost:5173/@vite/client:1034
[23468633ms] [ERROR] WebSocket connection to 'ws://localhost:5173/' failed: Error in connection establishment: net::ERR_CONNECTION_REFUSED @ http://localhost:5173/@vite/client:1034
[23471998ms] [ERROR] WebSocket connection to 'ws://localhost:5173/' failed: Error in connection establishment: net::ERR_CONNECTION_REFUSED @ http://localhost:5173/@vite/client:1034
[23475368ms] [ERROR] WebSocket connection to 'ws://localhost:5173/' failed: Error in connection establishment: net::ERR_CONNECTION_REFUSED @ http://localhost:5173/@vite/client:1034
[23479418ms] [ERROR] WebSocket connection to 'ws://localhost:5173/' failed: Error in connection establishment: net::ERR_CONNECTION_REFUSED @ http://localhost:5173/@vite/client:1034
[23483777ms] [ERROR] WebSocket connection to 'ws://localhost:5173/' failed: Error in connection establishment: net::ERR_CONNECTION_REFUSED @ http://localhost:5173/@vite/client:1034
[23487575ms] [ERROR] WebSocket connection to 'ws://localhost:5173/' failed: Error in connection establishment: net::ERR_CONNECTION_REFUSED @ http://localhost:5173/@vite/client:1034
[23489706ms] [ERROR] WebSocket connection to 'ws://localhost:5173/' failed: Error in connection establishment: net::ERR_CONNECTION_REFUSED @ http://localhost:5173/@vite/client:1034
[23493122ms] [ERROR] WebSocket connection to 'ws://localhost:5173/' failed: Error in connection establishment: net::ERR_CONNECTION_REFUSED @ http://localhost:5173/@vite/client:1034
[23496128ms] [ERROR] WebSocket connection to 'ws://localhost:5173/' failed: Error in connection establishment: net::ERR_CONNECTION_REFUSED @ http://localhost:5173/@vite/client:1034
[23500522ms] [ERROR] WebSocket connection to 'ws://localhost:5173/' failed: Error in connection establishment: net::ERR_CONNECTION_REFUSED @ http://localhost:5173/@vite/client:1034
[23504212ms] [ERROR] WebSocket connection to 'ws://localhost:5173/' failed: Error in connection establishment: net::ERR_CONNECTION_REFUSED @ http://localhost:5173/@vite/client:1034
[23509414ms] [ERROR] WebSocket connection to 'ws://localhost:5173/' failed: Error in connection establishment: net::ERR_CONNECTION_REFUSED @ http://localhost:5173/@vite/client:1034
[23515420ms] [ERROR] WebSocket connection to 'ws://localhost:5173/' failed: Error in connection establishment: net::ERR_CONNECTION_REFUSED @ http://localhost:5173/@vite/client:1034
[23517955ms] [ERROR] WebSocket connection to 'ws://localhost:5173/' failed: Error in connection establishment: net::ERR_CONNECTION_REFUSED @ http://localhost:5173/@vite/client:1034
[23520890ms] [ERROR] WebSocket connection to 'ws://localhost:5173/' failed: Error in connection establishment: net::ERR_CONNECTION_REFUSED @ http://localhost:5173/@vite/client:1034
[23525455ms] [ERROR] WebSocket connection to 'ws://localhost:5173/' failed: Error in connection establishment: net::ERR_CONNECTION_REFUSED @ http://localhost:5173/@vite/client:1034
[23531342ms] [ERROR] WebSocket connection to 'ws://localhost:5173/' failed: Error in connection establishment: net::ERR_CONNECTION_REFUSED @ http://localhost:5173/@vite/client:1034
[23533970ms] [ERROR] WebSocket connection to 'ws://localhost:5173/' failed: Error in connection establishment: net::ERR_CONNECTION_REFUSED @ http://localhost:5173/@vite/client:1034
[23539494ms] [ERROR] WebSocket connection to 'ws://localhost:5173/' failed: Error in connection establishment: net::ERR_CONNECTION_REFUSED @ http://localhost:5173/@vite/client:1034
[23542381ms] [ERROR] WebSocket connection to 'ws://localhost:5173/' failed: Error in connection establishment: net::ERR_CONNECTION_REFUSED @ http://localhost:5173/@vite/client:1034
[23547320ms] [ERROR] WebSocket connection to 'ws://localhost:5173/' failed: Error in connection establishment: net::ERR_CONNECTION_REFUSED @ http://localhost:5173/@vite/client:1034
[23550165ms] [ERROR] WebSocket connection to 'ws://localhost:5173/' failed: Error in connection establishment: net::ERR_CONNECTION_REFUSED @ http://localhost:5173/@vite/client:1034
[23552563ms] [ERROR] WebSocket connection to 'ws://localhost:5173/' failed: Error in connection establishment: net::ERR_CONNECTION_REFUSED @ http://localhost:5173/@vite/client:1034
[23554762ms] [ERROR] WebSocket connection to 'ws://localhost:5173/' failed: Error in connection establishment: net::ERR_CONNECTION_REFUSED @ http://localhost:5173/@vite/client:1034
[23560537ms] [ERROR] WebSocket connection to 'ws://localhost:5173/' failed: Error in connection establishment: net::ERR_CONNECTION_REFUSED @ http://localhost:5173/@vite/client:1034
[23561541ms] [ERROR] WebSocket connection to 'ws://localhost:5173/' failed: Error in connection establishment: net::ERR_CONNECTION_REFUSED @ http://localhost:5173/@vite/client:1034
[23562545ms] [ERROR] WebSocket connection to 'ws://localhost:5173/' failed: Error in connection establishment: net::ERR_CONNECTION_REFUSED @ http://localhost:5173/@vite/client:1034
[23563551ms] [ERROR] WebSocket connection to 'ws://localhost:5173/' failed: Error in connection establishment: net::ERR_CONNECTION_REFUSED @ http://localhost:5173/@vite/client:1034
[23564555ms] [ERROR] WebSocket connection to 'ws://localhost:5173/' failed: Error in connection establishment: net::ERR_CONNECTION_REFUSED @ http://localhost:5173/@vite/client:1034
[23565562ms] [ERROR] WebSocket connection to 'ws://localhost:5173/' failed: Error in connection establishment: net::ERR_CONNECTION_REFUSED @ http://localhost:5173/@vite/client:1034
[23566572ms] [ERROR] WebSocket connection to 'ws://localhost:5173/' failed: Error in connection establishment: net::ERR_CONNECTION_REFUSED @ http://localhost:5173/@vite/client:1034
[23567588ms] [ERROR] WebSocket connection to 'ws://localhost:5173/' failed: Error in connection establishment: net::ERR_CONNECTION_REFUSED @ http://localhost:5173/@vite/client:1034
[23568620ms] [ERROR] WebSocket connection to 'ws://localhost:5173/' failed: Error in connection establishment: net::ERR_CONNECTION_REFUSED @ http://localhost:5173/@vite/client:1034
[23569641ms] [ERROR] WebSocket connection to 'ws://localhost:5173/' failed: Error in connection establishment: net::ERR_CONNECTION_REFUSED @ http://localhost:5173/@vite/client:1034
[23570699ms] [ERROR] WebSocket connection to 'ws://localhost:5173/' failed: Error in connection establishment: net::ERR_CONNECTION_REFUSED @ http://localhost:5173/@vite/client:1034
[23571860ms] [ERROR] WebSocket connection to 'ws://localhost:5173/' failed: Error in connection establishment: net::ERR_CONNECTION_REFUSED @ http://localhost:5173/@vite/client:1034
[23573021ms] [ERROR] WebSocket connection to 'ws://localhost:5173/' failed: Error in connection establishment: net::ERR_CONNECTION_REFUSED @ http://localhost:5173/@vite/client:1034
[23574323ms] [ERROR] WebSocket connection to 'ws://localhost:5173/' failed: Error in connection establishment: net::ERR_CONNECTION_REFUSED @ http://localhost:5173/@vite/client:1034
[23576264ms] [ERROR] WebSocket connection to 'ws://localhost:5173/' failed: Error in connection establishment: net::ERR_CONNECTION_REFUSED @ http://localhost:5173/@vite/client:1034
[23578206ms] [ERROR] WebSocket connection to 'ws://localhost:5173/' failed: Error in connection establishment: net::ERR_CONNECTION_REFUSED @ http://localhost:5173/@vite/client:1034
[23582050ms] [ERROR] WebSocket connection to 'ws://localhost:5173/' failed: Error in connection establishment: net::ERR_CONNECTION_REFUSED @ http://localhost:5173/@vite/client:1034
[23584247ms] [ERROR] WebSocket connection to 'ws://localhost:5173/' failed: Error in connection establishment: net::ERR_CONNECTION_REFUSED @ http://localhost:5173/@vite/client:1034
[23588764ms] [ERROR] WebSocket connection to 'ws://localhost:5173/' failed: Error in connection establishment: net::ERR_CONNECTION_REFUSED @ http://localhost:5173/@vite/client:1034
[23592684ms] [ERROR] WebSocket connection to 'ws://localhost:5173/' failed: Error in connection establishment: net::ERR_CONNECTION_REFUSED @ http://localhost:5173/@vite/client:1034
[23597312ms] [ERROR] WebSocket connection to 'ws://localhost:5173/' failed: Error in connection establishment: net::ERR_CONNECTION_REFUSED @ http://localhost:5173/@vite/client:1034
[23599541ms] [ERROR] WebSocket connection to 'ws://localhost:5173/' failed: Error in connection establishment: net::ERR_CONNECTION_REFUSED @ http://localhost:5173/@vite/client:1034
[23605065ms] [ERROR] WebSocket connection to 'ws://localhost:5173/' failed: Error in connection establishment: net::ERR_CONNECTION_REFUSED @ http://localhost:5173/@vite/client:1034
[23608129ms] [ERROR] WebSocket connection to 'ws://localhost:5173/' failed: Error in connection establishment: net::ERR_CONNECTION_REFUSED @ http://localhost:5173/@vite/client:1034
[23613284ms] [ERROR] WebSocket connection to 'ws://localhost:5173/' failed: Error in connection establishment: net::ERR_CONNECTION_REFUSED @ http://localhost:5173/@vite/client:1034
[23619220ms] [ERROR] WebSocket connection to 'ws://localhost:5173/' failed: Error in connection establishment: net::ERR_CONNECTION_REFUSED @ http://localhost:5173/@vite/client:1034
[23623754ms] [ERROR] WebSocket connection to 'ws://localhost:5173/' failed: Error in connection establishment: net::ERR_CONNECTION_REFUSED @ http://localhost:5173/@vite/client:1034
[23629546ms] [ERROR] WebSocket connection to 'ws://localhost:5173/' failed: Error in connection establishment: net::ERR_CONNECTION_REFUSED @ http://localhost:5173/@vite/client:1034
[23635275ms] [ERROR] WebSocket connection to 'ws://localhost:5173/' failed: Error in connection establishment: net::ERR_CONNECTION_REFUSED @ http://localhost:5173/@vite/client:1034
[23640758ms] [ERROR] WebSocket connection to 'ws://localhost:5173/' failed: Error in connection establishment: net::ERR_CONNECTION_REFUSED @ http://localhost:5173/@vite/client:1034
[23643978ms] [ERROR] WebSocket connection to 'ws://localhost:5173/' failed: Error in connection establishment: net::ERR_CONNECTION_REFUSED @ http://localhost:5173/@vite/client:1034
[23647074ms] [ERROR] WebSocket connection to 'ws://localhost:5173/' failed: Error in connection establishment: net::ERR_CONNECTION_REFUSED @ http://localhost:5173/@vite/client:1034
[23649891ms] [ERROR] WebSocket connection to 'ws://localhost:5173/' failed: Error in connection establishment: net::ERR_CONNECTION_REFUSED @ http://localhost:5173/@vite/client:1034
[23654957ms] [ERROR] WebSocket connection to 'ws://localhost:5173/' failed: Error in connection establishment: net::ERR_CONNECTION_REFUSED @ http://localhost:5173/@vite/client:1034
[23658460ms] [ERROR] WebSocket connection to 'ws://localhost:5173/' failed: Error in connection establishment: net::ERR_CONNECTION_REFUSED @ http://localhost:5173/@vite/client:1034
[23663970ms] [ERROR] WebSocket connection to 'ws://localhost:5173/' failed: Error in connection establishment: net::ERR_CONNECTION_REFUSED @ http://localhost:5173/@vite/client:1034
[23666514ms] [ERROR] WebSocket connection to 'ws://localhost:5173/' failed: Error in connection establishment: net::ERR_CONNECTION_REFUSED @ http://localhost:5173/@vite/client:1034
[23671282ms] [ERROR] WebSocket connection to 'ws://localhost:5173/' failed: Error in connection establishment: net::ERR_CONNECTION_REFUSED @ http://localhost:5173/@vite/client:1034
[23677213ms] [ERROR] WebSocket connection to 'ws://localhost:5173/' failed: Error in connection establishment: net::ERR_CONNECTION_REFUSED @ http://localhost:5173/@vite/client:1034
[23680663ms] [ERROR] WebSocket connection to 'ws://localhost:5173/' failed: Error in connection establishment: net::ERR_CONNECTION_REFUSED @ http://localhost:5173/@vite/client:1034
[23681667ms] [ERROR] WebSocket connection to 'ws://localhost:5173/' failed: Error in connection establishment: net::ERR_CONNECTION_REFUSED @ http://localhost:5173/@vite/client:1034
[23682671ms] [ERROR] WebSocket connection to 'ws://localhost:5173/' failed: Error in connection establishment: net::ERR_CONNECTION_REFUSED @ http://localhost:5173/@vite/client:1034
[23683680ms] [ERROR] WebSocket connection to 'ws://localhost:5173/' failed: Error in connection establishment: net::ERR_CONNECTION_REFUSED @ http://localhost:5173/@vite/client:1034
[23684685ms] [ERROR] WebSocket connection to 'ws://localhost:5173/' failed: Error in connection establishment: net::ERR_CONNECTION_REFUSED @ http://localhost:5173/@vite/client:1034
[23685692ms] [ERROR] WebSocket connection to 'ws://localhost:5173/' failed: Error in connection establishment: net::ERR_CONNECTION_REFUSED @ http://localhost:5173/@vite/client:1034
[23686701ms] [ERROR] WebSocket connection to 'ws://localhost:5173/' failed: Error in connection establishment: net::ERR_CONNECTION_REFUSED @ http://localhost:5173/@vite/client:1034
[23687716ms] [ERROR] WebSocket connection to 'ws://localhost:5173/' failed: Error in connection establishment: net::ERR_CONNECTION_REFUSED @ http://localhost:5173/@vite/client:1034
[23688728ms] [ERROR] WebSocket connection to 'ws://localhost:5173/' failed: Error in connection establishment: net::ERR_CONNECTION_REFUSED @ http://localhost:5173/@vite/client:1034
[23689763ms] [ERROR] WebSocket connection to 'ws://localhost:5173/' failed: Error in connection establishment: net::ERR_CONNECTION_REFUSED @ http://localhost:5173/@vite/client:1034
[23690829ms] [ERROR] WebSocket connection to 'ws://localhost:5173/' failed: Error in connection establishment: net::ERR_CONNECTION_REFUSED @ http://localhost:5173/@vite/client:1034
[23691876ms] [ERROR] WebSocket connection to 'ws://localhost:5173/' failed: Error in connection establishment: net::ERR_CONNECTION_REFUSED @ http://localhost:5173/@vite/client:1034
[23693074ms] [ERROR] WebSocket connection to 'ws://localhost:5173/' failed: Error in connection establishment: net::ERR_CONNECTION_REFUSED @ http://localhost:5173/@vite/client:1034
[23694447ms] [ERROR] WebSocket connection to 'ws://localhost:5173/' failed: Error in connection establishment: net::ERR_CONNECTION_REFUSED @ http://localhost:5173/@vite/client:1034
[23696099ms] [ERROR] WebSocket connection to 'ws://localhost:5173/' failed: Error in connection establishment: net::ERR_CONNECTION_REFUSED @ http://localhost:5173/@vite/client:1034
[23698906ms] [ERROR] WebSocket connection to 'ws://localhost:5173/' failed: Error in connection establishment: net::ERR_CONNECTION_REFUSED @ http://localhost:5173/@vite/client:1034
[23703226ms] [ERROR] WebSocket connection to 'ws://localhost:5173/' failed: Error in connection establishment: net::ERR_CONNECTION_REFUSED @ http://localhost:5173/@vite/client:1034
[23706832ms] [ERROR] WebSocket connection to 'ws://localhost:5173/' failed: Error in connection establishment: net::ERR_CONNECTION_REFUSED @ http://localhost:5173/@vite/client:1034
[23711379ms] [ERROR] WebSocket connection to 'ws://localhost:5173/' failed: Error in connection establishment: net::ERR_CONNECTION_REFUSED @ http://localhost:5173/@vite/client:1034
[23717187ms] [ERROR] WebSocket connection to 'ws://localhost:5173/' failed: Error in connection establishment: net::ERR_CONNECTION_REFUSED @ http://localhost:5173/@vite/client:1034
[23723192ms] [ERROR] WebSocket connection to 'ws://localhost:5173/' failed: Error in connection establishment: net::ERR_CONNECTION_REFUSED @ http://localhost:5173/@vite/client:1034
[23727179ms] [ERROR] WebSocket connection to 'ws://localhost:5173/' failed: Error in connection establishment: net::ERR_CONNECTION_REFUSED @ http://localhost:5173/@vite/client:1034
[23730250ms] [ERROR] WebSocket connection to 'ws://localhost:5173/' failed: Error in connection establishment: net::ERR_CONNECTION_REFUSED @ http://localhost:5173/@vite/client:1034
[23734173ms] [ERROR] WebSocket connection to 'ws://localhost:5173/' failed: Error in connection establishment: net::ERR_CONNECTION_REFUSED @ http://localhost:5173/@vite/client:1034
[23737568ms] [ERROR] WebSocket connection to 'ws://localhost:5173/' failed: Error in connection establishment: net::ERR_CONNECTION_REFUSED @ http://localhost:5173/@vite/client:1034
[23742891ms] [ERROR] WebSocket connection to 'ws://localhost:5173/' failed: Error in connection establishment: net::ERR_CONNECTION_REFUSED @ http://localhost:5173/@vite/client:1034
[23746920ms] [ERROR] WebSocket connection to 'ws://localhost:5173/' failed: Error in connection establishment: net::ERR_CONNECTION_REFUSED @ http://localhost:5173/@vite/client:1034
[23749941ms] [ERROR] WebSocket connection to 'ws://localhost:5173/' failed: Error in connection establishment: net::ERR_CONNECTION_REFUSED @ http://localhost:5173/@vite/client:1034
[23753746ms] [ERROR] WebSocket connection to 'ws://localhost:5173/' failed: Error in connection establishment: net::ERR_CONNECTION_REFUSED @ http://localhost:5173/@vite/client:1034
[23758631ms] [ERROR] WebSocket connection to 'ws://localhost:5173/' failed: Error in connection establishment: net::ERR_CONNECTION_REFUSED @ http://localhost:5173/@vite/client:1034
[23762738ms] [ERROR] WebSocket connection to 'ws://localhost:5173/' failed: Error in connection establishment: net::ERR_CONNECTION_REFUSED @ http://localhost:5173/@vite/client:1034
[23767704ms] [ERROR] WebSocket connection to 'ws://localhost:5173/' failed: Error in connection establishment: net::ERR_CONNECTION_REFUSED @ http://localhost:5173/@vite/client:1034
[23771009ms] [ERROR] WebSocket connection to 'ws://localhost:5173/' failed: Error in connection establishment: net::ERR_CONNECTION_REFUSED @ http://localhost:5173/@vite/client:1034
[23775641ms] [ERROR] WebSocket connection to 'ws://localhost:5173/' failed: Error in connection establishment: net::ERR_CONNECTION_REFUSED @ http://localhost:5173/@vite/client:1034
[23781569ms] [ERROR] WebSocket connection to 'ws://localhost:5173/' failed: Error in connection establishment: net::ERR_CONNECTION_REFUSED @ http://localhost:5173/@vite/client:1034
[23783728ms] [ERROR] WebSocket connection to 'ws://localhost:5173/' failed: Error in connection establishment: net::ERR_CONNECTION_REFUSED @ http://localhost:5173/@vite/client:1034
[23789349ms] [ERROR] WebSocket connection to 'ws://localhost:5173/' failed: Error in connection establishment: net::ERR_CONNECTION_REFUSED @ http://localhost:5173/@vite/client:1034
[23795075ms] [ERROR] WebSocket connection to 'ws://localhost:5173/' failed: Error in connection establishment: net::ERR_CONNECTION_REFUSED @ http://localhost:5173/@vite/client:1034
[23799036ms] [ERROR] WebSocket connection to 'ws://localhost:5173/' failed: Error in connection establishment: net::ERR_CONNECTION_REFUSED @ http://localhost:5173/@vite/client:1034
[23801432ms] [ERROR] WebSocket connection to 'ws://localhost:5173/' failed: Error in connection establishment: net::ERR_CONNECTION_REFUSED @ http://localhost:5173/@vite/client:1034
[23802434ms] [ERROR] WebSocket connection to 'ws://localhost:5173/' failed: Error in connection establishment: net::ERR_CONNECTION_REFUSED @ http://localhost:5173/@vite/client:1034
[23803437ms] [ERROR] WebSocket connection to 'ws://localhost:5173/' failed: Error in connection establishment: net::ERR_CONNECTION_REFUSED @ http://localhost:5173/@vite/client:1034
[23804441ms] [ERROR] WebSocket connection to 'ws://localhost:5173/' failed: Error in connection establishment: net::ERR_CONNECTION_REFUSED @ http://localhost:5173/@vite/client:1034
[23805446ms] [ERROR] WebSocket connection to 'ws://localhost:5173/' failed: Error in connection establishment: net::ERR_CONNECTION_REFUSED @ http://localhost:5173/@vite/client:1034
[23806452ms] [ERROR] WebSocket connection to 'ws://localhost:5173/' failed: Error in connection establishment: net::ERR_CONNECTION_REFUSED @ http://localhost:5173/@vite/client:1034
[23807458ms] [ERROR] WebSocket connection to 'ws://localhost:5173/' failed: Error in connection establishment: net::ERR_CONNECTION_REFUSED @ http://localhost:5173/@vite/client:1034
[23808464ms] [ERROR] WebSocket connection to 'ws://localhost:5173/' failed: Error in connection establishment: net::ERR_CONNECTION_REFUSED @ http://localhost:5173/@vite/client:1034
[23809472ms] [ERROR] WebSocket connection to 'ws://localhost:5173/' failed: Error in connection establishment: net::ERR_CONNECTION_REFUSED @ http://localhost:5173/@vite/client:1034
[23810491ms] [ERROR] WebSocket connection to 'ws://localhost:5173/' failed: Error in connection establishment: net::ERR_CONNECTION_REFUSED @ http://localhost:5173/@vite/client:1034
[23811571ms] [ERROR] WebSocket connection to 'ws://localhost:5173/' failed: Error in connection establishment: net::ERR_CONNECTION_REFUSED @ http://localhost:5173/@vite/client:1034
[23812652ms] [ERROR] WebSocket connection to 'ws://localhost:5173/' failed: Error in connection establishment: net::ERR_CONNECTION_REFUSED @ http://localhost:5173/@vite/client:1034
[23813877ms] [ERROR] WebSocket connection to 'ws://localhost:5173/' failed: Error in connection establishment: net::ERR_CONNECTION_REFUSED @ http://localhost:5173/@vite/client:1034
[23815075ms] [ERROR] WebSocket connection to 'ws://localhost:5173/' failed: Error in connection establishment: net::ERR_CONNECTION_REFUSED @ http://localhost:5173/@vite/client:1034
[23816663ms] [ERROR] WebSocket connection to 'ws://localhost:5173/' failed: Error in connection establishment: net::ERR_CONNECTION_REFUSED @ http://localhost:5173/@vite/client:1034
[23819860ms] [ERROR] WebSocket connection to 'ws://localhost:5173/' failed: Error in connection establishment: net::ERR_CONNECTION_REFUSED @ http://localhost:5173/@vite/client:1034
[23823435ms] [ERROR] WebSocket connection to 'ws://localhost:5173/' failed: Error in connection establishment: net::ERR_CONNECTION_REFUSED @ http://localhost:5173/@vite/client:1034
[23828793ms] [ERROR] WebSocket connection to 'ws://localhost:5173/' failed: Error in connection establishment: net::ERR_CONNECTION_REFUSED @ http://localhost:5173/@vite/client:1034
[23833348ms] [ERROR] WebSocket connection to 'ws://localhost:5173/' failed: Error in connection establishment: net::ERR_CONNECTION_REFUSED @ http://localhost:5173/@vite/client:1034
[23837135ms] [ERROR] WebSocket connection to 'ws://localhost:5173/' failed: Error in connection establishment: net::ERR_CONNECTION_REFUSED @ http://localhost:5173/@vite/client:1034
[23842789ms] [ERROR] WebSocket connection to 'ws://localhost:5173/' failed: Error in connection establishment: net::ERR_CONNECTION_REFUSED @ http://localhost:5173/@vite/client:1034
[23848216ms] [ERROR] WebSocket connection to 'ws://localhost:5173/' failed: Error in connection establishment: net::ERR_CONNECTION_REFUSED @ http://localhost:5173/@vite/client:1034
[23852198ms] [ERROR] WebSocket connection to 'ws://localhost:5173/' failed: Error in connection establishment: net::ERR_CONNECTION_REFUSED @ http://localhost:5173/@vite/client:1034
[23857415ms] [ERROR] WebSocket connection to 'ws://localhost:5173/' failed: Error in connection establishment: net::ERR_CONNECTION_REFUSED @ http://localhost:5173/@vite/client:1034
[23859564ms] [ERROR] WebSocket connection to 'ws://localhost:5173/' failed: Error in connection establishment: net::ERR_CONNECTION_REFUSED @ http://localhost:5173/@vite/client:1034
[23863518ms] [ERROR] WebSocket connection to 'ws://localhost:5173/' failed: Error in connection establishment: net::ERR_CONNECTION_REFUSED @ http://localhost:5173/@vite/client:1034
[23868304ms] [ERROR] WebSocket connection to 'ws://localhost:5173/' failed: Error in connection establishment: net::ERR_CONNECTION_REFUSED @ http://localhost:5173/@vite/client:1034
[23872458ms] [ERROR] WebSocket connection to 'ws://localhost:5173/' failed: Error in connection establishment: net::ERR_CONNECTION_REFUSED @ http://localhost:5173/@vite/client:1034
[23874834ms] [ERROR] WebSocket connection to 'ws://localhost:5173/' failed: Error in connection establishment: net::ERR_CONNECTION_REFUSED @ http://localhost:5173/@vite/client:1034
[23877014ms] [ERROR] WebSocket connection to 'ws://localhost:5173/' failed: Error in connection establishment: net::ERR_CONNECTION_REFUSED @ http://localhost:5173/@vite/client:1034
[23881592ms] [ERROR] WebSocket connection to 'ws://localhost:5173/' failed: Error in connection establishment: net::ERR_CONNECTION_REFUSED @ http://localhost:5173/@vite/client:1034
[23885185ms] [ERROR] WebSocket connection to 'ws://localhost:5173/' failed: Error in connection establishment: net::ERR_CONNECTION_REFUSED @ http://localhost:5173/@vite/client:1034
[23889020ms] [ERROR] WebSocket connection to 'ws://localhost:5173/' failed: Error in connection establishment: net::ERR_CONNECTION_REFUSED @ http://localhost:5173/@vite/client:1034
[23894617ms] [ERROR] WebSocket connection to 'ws://localhost:5173/' failed: Error in connection establishment: net::ERR_CONNECTION_REFUSED @ http://localhost:5173/@vite/client:1034
[23899318ms] [ERROR] WebSocket connection to 'ws://localhost:5173/' failed: Error in connection establishment: net::ERR_CONNECTION_REFUSED @ http://localhost:5173/@vite/client:1034
[23902886ms] [ERROR] WebSocket connection to 'ws://localhost:5173/' failed: Error in connection establishment: net::ERR_CONNECTION_REFUSED @ http://localhost:5173/@vite/client:1034
[23905989ms] [ERROR] WebSocket connection to 'ws://localhost:5173/' failed: Error in connection establishment: net::ERR_CONNECTION_REFUSED @ http://localhost:5173/@vite/client:1034
[23910783ms] [ERROR] WebSocket connection to 'ws://localhost:5173/' failed: Error in connection establishment: net::ERR_CONNECTION_REFUSED @ http://localhost:5173/@vite/client:1034
[23915922ms] [ERROR] WebSocket connection to 'ws://localhost:5173/' failed: Error in connection establishment: net::ERR_CONNECTION_REFUSED @ http://localhost:5173/@vite/client:1034
[23919107ms] [ERROR] WebSocket connection to 'ws://localhost:5173/' failed: Error in connection establishment: net::ERR_CONNECTION_REFUSED @ http://localhost:5173/@vite/client:1034
[23921829ms] [ERROR] WebSocket connection to 'ws://localhost:5173/' failed: Error in connection establishment: net::ERR_CONNECTION_REFUSED @ http://localhost:5173/@vite/client:1034
[23922834ms] [ERROR] WebSocket connection to 'ws://localhost:5173/' failed: Error in connection establishment: net::ERR_CONNECTION_REFUSED @ http://localhost:5173/@vite/client:1034
[23923837ms] [ERROR] WebSocket connection to 'ws://localhost:5173/' failed: Error in connection establishment: net::ERR_CONNECTION_REFUSED @ http://localhost:5173/@vite/client:1034
[23924844ms] [ERROR] WebSocket connection to 'ws://localhost:5173/' failed: Error in connection establishment: net::ERR_CONNECTION_REFUSED @ http://localhost:5173/@vite/client:1034
[23925847ms] [ERROR] WebSocket connection to 'ws://localhost:5173/' failed: Error in connection establishment: net::ERR_CONNECTION_REFUSED @ http://localhost:5173/@vite/client:1034
[23926852ms] [ERROR] WebSocket connection to 'ws://localhost:5173/' failed: Error in connection establishment: net::ERR_CONNECTION_REFUSED @ http://localhost:5173/@vite/client:1034
[23927861ms] [ERROR] WebSocket connection to 'ws://localhost:5173/' failed: Error in connection establishment: net::ERR_CONNECTION_REFUSED @ http://localhost:5173/@vite/client:1034
[23928869ms] [ERROR] WebSocket connection to 'ws://localhost:5173/' failed: Error in connection establishment: net::ERR_CONNECTION_REFUSED @ http://localhost:5173/@vite/client:1034
[23929884ms] [ERROR] WebSocket connection to 'ws://localhost:5173/' failed: Error in connection establishment: net::ERR_CONNECTION_REFUSED @ http://localhost:5173/@vite/client:1034
[23930929ms] [ERROR] WebSocket connection to 'ws://localhost:5173/' failed: Error in connection establishment: net::ERR_CONNECTION_REFUSED @ http://localhost:5173/@vite/client:1034
[23931973ms] [ERROR] WebSocket connection to 'ws://localhost:5173/' failed: Error in connection establishment: net::ERR_CONNECTION_REFUSED @ http://localhost:5173/@vite/client:1034
[23933118ms] [ERROR] WebSocket connection to 'ws://localhost:5173/' failed: Error in connection establishment: net::ERR_CONNECTION_REFUSED @ http://localhost:5173/@vite/client:1034
[23934342ms] [ERROR] WebSocket connection to 'ws://localhost:5173/' failed: Error in connection establishment: net::ERR_CONNECTION_REFUSED @ http://localhost:5173/@vite/client:1034
[23935481ms] [ERROR] WebSocket connection to 'ws://localhost:5173/' failed: Error in connection establishment: net::ERR_CONNECTION_REFUSED @ http://localhost:5173/@vite/client:1034
[23937387ms] [ERROR] WebSocket connection to 'ws://localhost:5173/' failed: Error in connection establishment: net::ERR_CONNECTION_REFUSED @ http://localhost:5173/@vite/client:1034
[23940713ms] [ERROR] WebSocket connection to 'ws://localhost:5173/' failed: Error in connection establishment: net::ERR_CONNECTION_REFUSED @ http://localhost:5173/@vite/client:1034
[23945869ms] [ERROR] WebSocket connection to 'ws://localhost:5173/' failed: Error in connection establishment: net::ERR_CONNECTION_REFUSED @ http://localhost:5173/@vite/client:1034
[23949290ms] [ERROR] WebSocket connection to 'ws://localhost:5173/' failed: Error in connection establishment: net::ERR_CONNECTION_REFUSED @ http://localhost:5173/@vite/client:1034
[23952183ms] [ERROR] WebSocket connection to 'ws://localhost:5173/' failed: Error in connection establishment: net::ERR_CONNECTION_REFUSED @ http://localhost:5173/@vite/client:1034
[23954191ms] [ERROR] WebSocket connection to 'ws://localhost:5173/' failed: Error in connection establishment: net::ERR_CONNECTION_REFUSED @ http://localhost:5173/@vite/client:1034
[23959197ms] [ERROR] WebSocket connection to 'ws://localhost:5173/' failed: Error in connection establishment: net::ERR_CONNECTION_REFUSED @ http://localhost:5173/@vite/client:1034
[23964357ms] [ERROR] WebSocket connection to 'ws://localhost:5173/' failed: Error in connection establishment: net::ERR_CONNECTION_REFUSED @ http://localhost:5173/@vite/client:1034
[23969319ms] [ERROR] WebSocket connection to 'ws://localhost:5173/' failed: Error in connection establishment: net::ERR_CONNECTION_REFUSED @ http://localhost:5173/@vite/client:1034
[23971669ms] [ERROR] WebSocket connection to 'ws://localhost:5173/' failed: Error in connection establishment: net::ERR_CONNECTION_REFUSED @ http://localhost:5173/@vite/client:1034
[23973889ms] [ERROR] WebSocket connection to 'ws://localhost:5173/' failed: Error in connection establishment: net::ERR_CONNECTION_REFUSED @ http://localhost:5173/@vite/client:1034
[23979177ms] [ERROR] WebSocket connection to 'ws://localhost:5173/' failed: Error in connection establishment: net::ERR_CONNECTION_REFUSED @ http://localhost:5173/@vite/client:1034
[23984547ms] [ERROR] WebSocket connection to 'ws://localhost:5173/' failed: Error in connection establishment: net::ERR_CONNECTION_REFUSED @ http://localhost:5173/@vite/client:1034
[23986718ms] [ERROR] WebSocket connection to 'ws://localhost:5173/' failed: Error in connection establishment: net::ERR_CONNECTION_REFUSED @ http://localhost:5173/@vite/client:1034
[23989213ms] [ERROR] WebSocket connection to 'ws://localhost:5173/' failed: Error in connection establishment: net::ERR_CONNECTION_REFUSED @ http://localhost:5173/@vite/client:1034
[23993788ms] [ERROR] WebSocket connection to 'ws://localhost:5173/' failed: Error in connection establishment: net::ERR_CONNECTION_REFUSED @ http://localhost:5173/@vite/client:1034
[23998994ms] [ERROR] WebSocket connection to 'ws://localhost:5173/' failed: Error in connection establishment: net::ERR_CONNECTION_REFUSED @ http://localhost:5173/@vite/client:1034
[24003884ms] [ERROR] WebSocket connection to 'ws://localhost:5173/' failed: Error in connection establishment: net::ERR_CONNECTION_REFUSED @ http://localhost:5173/@vite/client:1034
[24006613ms] [ERROR] WebSocket connection to 'ws://localhost:5173/' failed: Error in connection establishment: net::ERR_CONNECTION_REFUSED @ http://localhost:5173/@vite/client:1034
[24010433ms] [ERROR] WebSocket connection to 'ws://localhost:5173/' failed: Error in connection establishment: net::ERR_CONNECTION_REFUSED @ http://localhost:5173/@vite/client:1034
[24013671ms] [ERROR] WebSocket connection to 'ws://localhost:5173/' failed: Error in connection establishment: net::ERR_CONNECTION_REFUSED @ http://localhost:5173/@vite/client:1034
[24019237ms] [ERROR] WebSocket connection to 'ws://localhost:5173/' failed: Error in connection establishment: net::ERR_CONNECTION_REFUSED @ http://localhost:5173/@vite/client:1034
[24023386ms] [ERROR] WebSocket connection to 'ws://localhost:5173/' failed: Error in connection establishment: net::ERR_CONNECTION_REFUSED @ http://localhost:5173/@vite/client:1034
[24027152ms] [ERROR] WebSocket connection to 'ws://localhost:5173/' failed: Error in connection establishment: net::ERR_CONNECTION_REFUSED @ http://localhost:5173/@vite/client:1034
[24030202ms] [ERROR] WebSocket connection to 'ws://localhost:5173/' failed: Error in connection establishment: net::ERR_CONNECTION_REFUSED @ http://localhost:5173/@vite/client:1034
[24032694ms] [ERROR] WebSocket connection to 'ws://localhost:5173/' failed: Error in connection establishment: net::ERR_CONNECTION_REFUSED @ http://localhost:5173/@vite/client:1034
[24038071ms] [ERROR] WebSocket connection to 'ws://localhost:5173/' failed: Error in connection establishment: net::ERR_CONNECTION_REFUSED @ http://localhost:5173/@vite/client:1034
[24043922ms] [ERROR] WebSocket connection to 'ws://localhost:5173/' failed: Error in connection establishment: net::ERR_CONNECTION_REFUSED @ http://localhost:5173/@vite/client:1034
[24046961ms] [ERROR] WebSocket connection to 'ws://localhost:5173/' failed: Error in connection establishment: net::ERR_CONNECTION_REFUSED @ http://localhost:5173/@vite/client:1034
[24050333ms] [ERROR] WebSocket connection to 'ws://localhost:5173/' failed: Error in connection establishment: net::ERR_CONNECTION_REFUSED @ http://localhost:5173/@vite/client:1034
[24052820ms] [ERROR] WebSocket connection to 'ws://localhost:5173/' failed: Error in connection establishment: net::ERR_CONNECTION_REFUSED @ http://localhost:5173/@vite/client:1034
[24055359ms] [ERROR] WebSocket connection to 'ws://localhost:5173/' failed: Error in connection establishment: net::ERR_CONNECTION_REFUSED @ http://localhost:5173/@vite/client:1034
[24058717ms] [ERROR] WebSocket connection to 'ws://localhost:5173/' failed: Error in connection establishment: net::ERR_CONNECTION_REFUSED @ http://localhost:5173/@vite/client:1034
[24063395ms] [ERROR] WebSocket connection to 'ws://localhost:5173/' failed: Error in connection establishment: net::ERR_CONNECTION_REFUSED @ http://localhost:5173/@vite/client:1034
[24068051ms] [ERROR] WebSocket connection to 'ws://localhost:5173/' failed: Error in connection establishment: net::ERR_CONNECTION_REFUSED @ http://localhost:5173/@vite/client:1034
[24070483ms] [ERROR] WebSocket connection to 'ws://localhost:5173/' failed: Error in connection establishment: net::ERR_CONNECTION_REFUSED @ http://localhost:5173/@vite/client:1034
[24072826ms] [ERROR] WebSocket connection to 'ws://localhost:5173/' failed: Error in connection establishment: net::ERR_CONNECTION_REFUSED @ http://localhost:5173/@vite/client:1034
[24077147ms] [ERROR] WebSocket connection to 'ws://localhost:5173/' failed: Error in connection establishment: net::ERR_CONNECTION_REFUSED @ http://localhost:5173/@vite/client:1034
[24079996ms] [ERROR] WebSocket connection to 'ws://localhost:5173/' failed: Error in connection establishment: net::ERR_CONNECTION_REFUSED @ http://localhost:5173/@vite/client:1034
[24083541ms] [ERROR] WebSocket connection to 'ws://localhost:5173/' failed: Error in connection establishment: net::ERR_CONNECTION_REFUSED @ http://localhost:5173/@vite/client:1034
[24086174ms] [ERROR] WebSocket connection to 'ws://localhost:5173/' failed: Error in connection establishment: net::ERR_CONNECTION_REFUSED @ http://localhost:5173/@vite/client:1034
[24088615ms] [ERROR] WebSocket connection to 'ws://localhost:5173/' failed: Error in connection establishment: net::ERR_CONNECTION_REFUSED @ http://localhost:5173/@vite/client:1034
[24092116ms] [ERROR] WebSocket connection to 'ws://localhost:5173/' failed: Error in connection establishment: net::ERR_CONNECTION_REFUSED @ http://localhost:5173/@vite/client:1034
[24098118ms] [ERROR] WebSocket connection to 'ws://localhost:5173/' failed: Error in connection establishment: net::ERR_CONNECTION_REFUSED @ http://localhost:5173/@vite/client:1034
[24102904ms] [ERROR] WebSocket connection to 'ws://localhost:5173/' failed: Error in connection establishment: net::ERR_CONNECTION_REFUSED @ http://localhost:5173/@vite/client:1034
[24106454ms] [ERROR] WebSocket connection to 'ws://localhost:5173/' failed: Error in connection establishment: net::ERR_CONNECTION_REFUSED @ http://localhost:5173/@vite/client:1034
[24108646ms] [ERROR] WebSocket connection to 'ws://localhost:5173/' failed: Error in connection establishment: net::ERR_CONNECTION_REFUSED @ http://localhost:5173/@vite/client:1034
[24111575ms] [ERROR] WebSocket connection to 'ws://localhost:5173/' failed: Error in connection establishment: net::ERR_CONNECTION_REFUSED @ http://localhost:5173/@vite/client:1034
[24117540ms] [ERROR] WebSocket connection to 'ws://localhost:5173/' failed: Error in connection establishment: net::ERR_CONNECTION_REFUSED @ http://localhost:5173/@vite/client:1034
[24120078ms] [ERROR] WebSocket connection to 'ws://localhost:5173/' failed: Error in connection establishment: net::ERR_CONNECTION_REFUSED @ http://localhost:5173/@vite/client:1034
[24125591ms] [ERROR] WebSocket connection to 'ws://localhost:5173/' failed: Error in connection establishment: net::ERR_CONNECTION_REFUSED @ http://localhost:5173/@vite/client:1034
[24130738ms] [ERROR] WebSocket connection to 'ws://localhost:5173/' failed: Error in connection establishment: net::ERR_CONNECTION_REFUSED @ http://localhost:5173/@vite/client:1034
[24132951ms] [ERROR] WebSocket connection to 'ws://localhost:5173/' failed: Error in connection establishment: net::ERR_CONNECTION_REFUSED @ http://localhost:5173/@vite/client:1034
[24138519ms] [ERROR] WebSocket connection to 'ws://localhost:5173/' failed: Error in connection establishment: net::ERR_CONNECTION_REFUSED @ http://localhost:5173/@vite/client:1034
[24143387ms] [ERROR] WebSocket connection to 'ws://localhost:5173/' failed: Error in connection establishment: net::ERR_CONNECTION_REFUSED @ http://localhost:5173/@vite/client:1034
[24146220ms] [ERROR] WebSocket connection to 'ws://localhost:5173/' failed: Error in connection establishment: net::ERR_CONNECTION_REFUSED @ http://localhost:5173/@vite/client:1034
[24148894ms] [ERROR] WebSocket connection to 'ws://localhost:5173/' failed: Error in connection establishment: net::ERR_CONNECTION_REFUSED @ http://localhost:5173/@vite/client:1034
[24152596ms] [ERROR] WebSocket connection to 'ws://localhost:5173/' failed: Error in connection establishment: net::ERR_CONNECTION_REFUSED @ http://localhost:5173/@vite/client:1034
[24155471ms] [ERROR] WebSocket connection to 'ws://localhost:5173/' failed: Error in connection establishment: net::ERR_CONNECTION_REFUSED @ http://localhost:5173/@vite/client:1034
[24160565ms] [ERROR] WebSocket connection to 'ws://localhost:5173/' failed: Error in connection establishment: net::ERR_CONNECTION_REFUSED @ http://localhost:5173/@vite/client:1034
[24166253ms] [ERROR] WebSocket connection to 'ws://localhost:5173/' failed: Error in connection establishment: net::ERR_CONNECTION_REFUSED @ http://localhost:5173/@vite/client:1034
[24169413ms] [ERROR] WebSocket connection to 'ws://localhost:5173/' failed: Error in connection establishment: net::ERR_CONNECTION_REFUSED @ http://localhost:5173/@vite/client:1034
[24174133ms] [ERROR] WebSocket connection to 'ws://localhost:5173/' failed: Error in connection establishment: net::ERR_CONNECTION_REFUSED @ http://localhost:5173/@vite/client:1034
[24176692ms] [ERROR] WebSocket connection to 'ws://localhost:5173/' failed: Error in connection establishment: net::ERR_CONNECTION_REFUSED @ http://localhost:5173/@vite/client:1034
[24180946ms] [ERROR] WebSocket connection to 'ws://localhost:5173/' failed: Error in connection establishment: net::ERR_CONNECTION_REFUSED @ http://localhost:5173/@vite/client:1034
[24183421ms] [ERROR] WebSocket connection to 'ws://localhost:5173/' failed: Error in connection establishment: net::ERR_CONNECTION_REFUSED @ http://localhost:5173/@vite/client:1034
[24188278ms] [ERROR] WebSocket connection to 'ws://localhost:5173/' failed: Error in connection establishment: net::ERR_CONNECTION_REFUSED @ http://localhost:5173/@vite/client:1034
[24190453ms] [ERROR] WebSocket connection to 'ws://localhost:5173/' failed: Error in connection establishment: net::ERR_CONNECTION_REFUSED @ http://localhost:5173/@vite/client:1034
[24195243ms] [ERROR] WebSocket connection to 'ws://localhost:5173/' failed: Error in connection establishment: net::ERR_CONNECTION_REFUSED @ http://localhost:5173/@vite/client:1034
[24199851ms] [ERROR] WebSocket connection to 'ws://localhost:5173/' failed: Error in connection establishment: net::ERR_CONNECTION_REFUSED @ http://localhost:5173/@vite/client:1034
[24203824ms] [ERROR] WebSocket connection to 'ws://localhost:5173/' failed: Error in connection establishment: net::ERR_CONNECTION_REFUSED @ http://localhost:5173/@vite/client:1034
[24207089ms] [ERROR] WebSocket connection to 'ws://localhost:5173/' failed: Error in connection establishment: net::ERR_CONNECTION_REFUSED @ http://localhost:5173/@vite/client:1034
[24209177ms] [ERROR] WebSocket connection to 'ws://localhost:5173/' failed: Error in connection establishment: net::ERR_CONNECTION_REFUSED @ http://localhost:5173/@vite/client:1034
[24212541ms] [ERROR] WebSocket connection to 'ws://localhost:5173/' failed: Error in connection establishment: net::ERR_CONNECTION_REFUSED @ http://localhost:5173/@vite/client:1034
[24218348ms] [ERROR] WebSocket connection to 'ws://localhost:5173/' failed: Error in connection establishment: net::ERR_CONNECTION_REFUSED @ http://localhost:5173/@vite/client:1034
[24223004ms] [ERROR] WebSocket connection to 'ws://localhost:5173/' failed: Error in connection establishment: net::ERR_CONNECTION_REFUSED @ http://localhost:5173/@vite/client:1034
[24226208ms] [ERROR] WebSocket connection to 'ws://localhost:5173/' failed: Error in connection establishment: net::ERR_CONNECTION_REFUSED @ http://localhost:5173/@vite/client:1034
[24229106ms] [ERROR] WebSocket connection to 'ws://localhost:5173/' failed: Error in connection establishment: net::ERR_CONNECTION_REFUSED @ http://localhost:5173/@vite/client:1034
[24231961ms] [ERROR] WebSocket connection to 'ws://localhost:5173/' failed: Error in connection establishment: net::ERR_CONNECTION_REFUSED @ http://localhost:5173/@vite/client:1034
[24235757ms] [ERROR] WebSocket connection to 'ws://localhost:5173/' failed: Error in connection establishment: net::ERR_CONNECTION_REFUSED @ http://localhost:5173/@vite/client:1034
[24239620ms] [ERROR] WebSocket connection to 'ws://localhost:5173/' failed: Error in connection establishment: net::ERR_CONNECTION_REFUSED @ http://localhost:5173/@vite/client:1034
[24242521ms] [ERROR] WebSocket connection to 'ws://localhost:5173/' failed: Error in connection establishment: net::ERR_CONNECTION_REFUSED @ http://localhost:5173/@vite/client:1034
[24246131ms] [ERROR] WebSocket connection to 'ws://localhost:5173/' failed: Error in connection establishment: net::ERR_CONNECTION_REFUSED @ http://localhost:5173/@vite/client:1034
[24248418ms] [ERROR] WebSocket connection to 'ws://localhost:5173/' failed: Error in connection establishment: net::ERR_CONNECTION_REFUSED @ http://localhost:5173/@vite/client:1034
[24252982ms] [ERROR] WebSocket connection to 'ws://localhost:5173/' failed: Error in connection establishment: net::ERR_CONNECTION_REFUSED @ http://localhost:5173/@vite/client:1034
[24258697ms] [ERROR] WebSocket connection to 'ws://localhost:5173/' failed: Error in connection establishment: net::ERR_CONNECTION_REFUSED @ http://localhost:5173/@vite/client:1034
[24262341ms] [ERROR] WebSocket connection to 'ws://localhost:5173/' failed: Error in connection establishment: net::ERR_CONNECTION_REFUSED @ http://localhost:5173/@vite/client:1034
[24265948ms] [ERROR] WebSocket connection to 'ws://localhost:5173/' failed: Error in connection establishment: net::ERR_CONNECTION_REFUSED @ http://localhost:5173/@vite/client:1034
[24269153ms] [ERROR] WebSocket connection to 'ws://localhost:5173/' failed: Error in connection establishment: net::ERR_CONNECTION_REFUSED @ http://localhost:5173/@vite/client:1034
[24271493ms] [ERROR] WebSocket connection to 'ws://localhost:5173/' failed: Error in connection establishment: net::ERR_CONNECTION_REFUSED @ http://localhost:5173/@vite/client:1034
[24274946ms] [ERROR] WebSocket connection to 'ws://localhost:5173/' failed: Error in connection establishment: net::ERR_CONNECTION_REFUSED @ http://localhost:5173/@vite/client:1034
[24277945ms] [ERROR] WebSocket connection to 'ws://localhost:5173/' failed: Error in connection establishment: net::ERR_CONNECTION_REFUSED @ http://localhost:5173/@vite/client:1034
[24281039ms] [ERROR] WebSocket connection to 'ws://localhost:5173/' failed: Error in connection establishment: net::ERR_CONNECTION_REFUSED @ http://localhost:5173/@vite/client:1034
[24286702ms] [ERROR] WebSocket connection to 'ws://localhost:5173/' failed: Error in connection establishment: net::ERR_CONNECTION_REFUSED @ http://localhost:5173/@vite/client:1034
[24291277ms] [ERROR] WebSocket connection to 'ws://localhost:5173/' failed: Error in connection establishment: net::ERR_CONNECTION_REFUSED @ http://localhost:5173/@vite/client:1034
[24295252ms] [ERROR] WebSocket connection to 'ws://localhost:5173/' failed: Error in connection establishment: net::ERR_CONNECTION_REFUSED @ http://localhost:5173/@vite/client:1034
[24298159ms] [ERROR] WebSocket connection to 'ws://localhost:5173/' failed: Error in connection establishment: net::ERR_CONNECTION_REFUSED @ http://localhost:5173/@vite/client:1034
[24301444ms] [ERROR] WebSocket connection to 'ws://localhost:5173/' failed: Error in connection establishment: net::ERR_CONNECTION_REFUSED @ http://localhost:5173/@vite/client:1034
[24305643ms] [ERROR] WebSocket connection to 'ws://localhost:5173/' failed: Error in connection establishment: net::ERR_CONNECTION_REFUSED @ http://localhost:5173/@vite/client:1034
[24310607ms] [ERROR] WebSocket connection to 'ws://localhost:5173/' failed: Error in connection establishment: net::ERR_CONNECTION_REFUSED @ http://localhost:5173/@vite/client:1034
[24315653ms] [ERROR] WebSocket connection to 'ws://localhost:5173/' failed: Error in connection establishment: net::ERR_CONNECTION_REFUSED @ http://localhost:5173/@vite/client:1034
[24318557ms] [ERROR] WebSocket connection to 'ws://localhost:5173/' failed: Error in connection establishment: net::ERR_CONNECTION_REFUSED @ http://localhost:5173/@vite/client:1034
[24321238ms] [ERROR] WebSocket connection to 'ws://localhost:5173/' failed: Error in connection establishment: net::ERR_CONNECTION_REFUSED @ http://localhost:5173/@vite/client:1034
[24323624ms] [ERROR] WebSocket connection to 'ws://localhost:5173/' failed: Error in connection establishment: net::ERR_CONNECTION_REFUSED @ http://localhost:5173/@vite/client:1034
[24328923ms] [ERROR] WebSocket connection to 'ws://localhost:5173/' failed: Error in connection establishment: net::ERR_CONNECTION_REFUSED @ http://localhost:5173/@vite/client:1034
[24334167ms] [ERROR] WebSocket connection to 'ws://localhost:5173/' failed: Error in connection establishment: net::ERR_CONNECTION_REFUSED @ http://localhost:5173/@vite/client:1034
[24338800ms] [ERROR] WebSocket connection to 'ws://localhost:5173/' failed: Error in connection establishment: net::ERR_CONNECTION_REFUSED @ http://localhost:5173/@vite/client:1034
[24343697ms] [ERROR] WebSocket connection to 'ws://localhost:5173/' failed: Error in connection establishment: net::ERR_CONNECTION_REFUSED @ http://localhost:5173/@vite/client:1034
[24347954ms] [ERROR] WebSocket connection to 'ws://localhost:5173/' failed: Error in connection establishment: net::ERR_CONNECTION_REFUSED @ http://localhost:5173/@vite/client:1034
[24350531ms] [ERROR] WebSocket connection to 'ws://localhost:5173/' failed: Error in connection establishment: net::ERR_CONNECTION_REFUSED @ http://localhost:5173/@vite/client:1034
[24353848ms] [ERROR] WebSocket connection to 'ws://localhost:5173/' failed: Error in connection establishment: net::ERR_CONNECTION_REFUSED @ http://localhost:5173/@vite/client:1034
[24357155ms] [ERROR] WebSocket connection to 'ws://localhost:5173/' failed: Error in connection establishment: net::ERR_CONNECTION_REFUSED @ http://localhost:5173/@vite/client:1034
[24359474ms] [ERROR] WebSocket connection to 'ws://localhost:5173/' failed: Error in connection establishment: net::ERR_CONNECTION_REFUSED @ http://localhost:5173/@vite/client:1034
[24362562ms] [ERROR] WebSocket connection to 'ws://localhost:5173/' failed: Error in connection establishment: net::ERR_CONNECTION_REFUSED @ http://localhost:5173/@vite/client:1034
[24365607ms] [ERROR] WebSocket connection to 'ws://localhost:5173/' failed: Error in connection establishment: net::ERR_CONNECTION_REFUSED @ http://localhost:5173/@vite/client:1034
[24371017ms] [ERROR] WebSocket connection to 'ws://localhost:5173/' failed: Error in connection establishment: net::ERR_CONNECTION_REFUSED @ http://localhost:5173/@vite/client:1034
[24374305ms] [ERROR] WebSocket connection to 'ws://localhost:5173/' failed: Error in connection establishment: net::ERR_CONNECTION_REFUSED @ http://localhost:5173/@vite/client:1034
[24378903ms] [ERROR] WebSocket connection to 'ws://localhost:5173/' failed: Error in connection establishment: net::ERR_CONNECTION_REFUSED @ http://localhost:5173/@vite/client:1034
[24384390ms] [ERROR] WebSocket connection to 'ws://localhost:5173/' failed: Error in connection establishment: net::ERR_CONNECTION_REFUSED @ http://localhost:5173/@vite/client:1034
[24388806ms] [ERROR] WebSocket connection to 'ws://localhost:5173/' failed: Error in connection establishment: net::ERR_CONNECTION_REFUSED @ http://localhost:5173/@vite/client:1034
[24392651ms] [ERROR] WebSocket connection to 'ws://localhost:5173/' failed: Error in connection establishment: net::ERR_CONNECTION_REFUSED @ http://localhost:5173/@vite/client:1034
[24396972ms] [ERROR] WebSocket connection to 'ws://localhost:5173/' failed: Error in connection establishment: net::ERR_CONNECTION_REFUSED @ http://localhost:5173/@vite/client:1034
[24400219ms] [ERROR] WebSocket connection to 'ws://localhost:5173/' failed: Error in connection establishment: net::ERR_CONNECTION_REFUSED @ http://localhost:5173/@vite/client:1034
[24404085ms] [ERROR] WebSocket connection to 'ws://localhost:5173/' failed: Error in connection establishment: net::ERR_CONNECTION_REFUSED @ http://localhost:5173/@vite/client:1034
[24407760ms] [ERROR] WebSocket connection to 'ws://localhost:5173/' failed: Error in connection establishment: net::ERR_CONNECTION_REFUSED @ http://localhost:5173/@vite/client:1034
[24412586ms] [ERROR] WebSocket connection to 'ws://localhost:5173/' failed: Error in connection establishment: net::ERR_CONNECTION_REFUSED @ http://localhost:5173/@vite/client:1034
[24415539ms] [ERROR] WebSocket connection to 'ws://localhost:5173/' failed: Error in connection establishment: net::ERR_CONNECTION_REFUSED @ http://localhost:5173/@vite/client:1034
[24419466ms] [ERROR] WebSocket connection to 'ws://localhost:5173/' failed: Error in connection establishment: net::ERR_CONNECTION_REFUSED @ http://localhost:5173/@vite/client:1034
[24422940ms] [ERROR] WebSocket connection to 'ws://localhost:5173/' failed: Error in connection establishment: net::ERR_CONNECTION_REFUSED @ http://localhost:5173/@vite/client:1034
[24428004ms] [ERROR] WebSocket connection to 'ws://localhost:5173/' failed: Error in connection establishment: net::ERR_CONNECTION_REFUSED @ http://localhost:5173/@vite/client:1034
[24433014ms] [ERROR] WebSocket connection to 'ws://localhost:5173/' failed: Error in connection establishment: net::ERR_CONNECTION_REFUSED @ http://localhost:5173/@vite/client:1034
[24435728ms] [ERROR] WebSocket connection to 'ws://localhost:5173/' failed: Error in connection establishment: net::ERR_CONNECTION_REFUSED @ http://localhost:5173/@vite/client:1034
[24440555ms] [ERROR] WebSocket connection to 'ws://localhost:5173/' failed: Error in connection establishment: net::ERR_CONNECTION_REFUSED @ http://localhost:5173/@vite/client:1034
[24445200ms] [ERROR] WebSocket connection to 'ws://localhost:5173/' failed: Error in connection establishment: net::ERR_CONNECTION_REFUSED @ http://localhost:5173/@vite/client:1034
[24448694ms] [ERROR] WebSocket connection to 'ws://localhost:5173/' failed: Error in connection establishment: net::ERR_CONNECTION_REFUSED @ http://localhost:5173/@vite/client:1034
[24451444ms] [ERROR] WebSocket connection to 'ws://localhost:5173/' failed: Error in connection establishment: net::ERR_CONNECTION_REFUSED @ http://localhost:5173/@vite/client:1034
[24454393ms] [ERROR] WebSocket connection to 'ws://localhost:5173/' failed: Error in connection establishment: net::ERR_CONNECTION_REFUSED @ http://localhost:5173/@vite/client:1034
[24458705ms] [ERROR] WebSocket connection to 'ws://localhost:5173/' failed: Error in connection establishment: net::ERR_CONNECTION_REFUSED @ http://localhost:5173/@vite/client:1034
[24461229ms] [ERROR] WebSocket connection to 'ws://localhost:5173/' failed: Error in connection establishment: net::ERR_CONNECTION_REFUSED @ http://localhost:5173/@vite/client:1034
[24463807ms] [ERROR] WebSocket connection to 'ws://localhost:5173/' failed: Error in connection establishment: net::ERR_CONNECTION_REFUSED @ http://localhost:5173/@vite/client:1034
[24467582ms] [ERROR] WebSocket connection to 'ws://localhost:5173/' failed: Error in connection establishment: net::ERR_CONNECTION_REFUSED @ http://localhost:5173/@vite/client:1034
[24470519ms] [ERROR] WebSocket connection to 'ws://localhost:5173/' failed: Error in connection establishment: net::ERR_CONNECTION_REFUSED @ http://localhost:5173/@vite/client:1034
[24474093ms] [ERROR] WebSocket connection to 'ws://localhost:5173/' failed: Error in connection establishment: net::ERR_CONNECTION_REFUSED @ http://localhost:5173/@vite/client:1034
[24479102ms] [ERROR] WebSocket connection to 'ws://localhost:5173/' failed: Error in connection establishment: net::ERR_CONNECTION_REFUSED @ http://localhost:5173/@vite/client:1034
[24483827ms] [ERROR] WebSocket connection to 'ws://localhost:5173/' failed: Error in connection establishment: net::ERR_CONNECTION_REFUSED @ http://localhost:5173/@vite/client:1034
[24487038ms] [ERROR] WebSocket connection to 'ws://localhost:5173/' failed: Error in connection establishment: net::ERR_CONNECTION_REFUSED @ http://localhost:5173/@vite/client:1034
[24490712ms] [ERROR] WebSocket connection to 'ws://localhost:5173/' failed: Error in connection establishment: net::ERR_CONNECTION_REFUSED @ http://localhost:5173/@vite/client:1034
[24494694ms] [ERROR] WebSocket connection to 'ws://localhost:5173/' failed: Error in connection establishment: net::ERR_CONNECTION_REFUSED @ http://localhost:5173/@vite/client:1034
[24499882ms] [ERROR] WebSocket connection to 'ws://localhost:5173/' failed: Error in connection establishment: net::ERR_CONNECTION_REFUSED @ http://localhost:5173/@vite/client:1034
[24505453ms] [ERROR] WebSocket connection to 'ws://localhost:5173/' failed: Error in connection establishment: net::ERR_CONNECTION_REFUSED @ http://localhost:5173/@vite/client:1034
[24507640ms] [ERROR] WebSocket connection to 'ws://localhost:5173/' failed: Error in connection establishment: net::ERR_CONNECTION_REFUSED @ http://localhost:5173/@vite/client:1034
[24512966ms] [ERROR] WebSocket connection to 'ws://localhost:5173/' failed: Error in connection establishment: net::ERR_CONNECTION_REFUSED @ http://localhost:5173/@vite/client:1034
[24515915ms] [ERROR] WebSocket connection to 'ws://localhost:5173/' failed: Error in connection establishment: net::ERR_CONNECTION_REFUSED @ http://localhost:5173/@vite/client:1034
[24518148ms] [ERROR] WebSocket connection to 'ws://localhost:5173/' failed: Error in connection establishment: net::ERR_CONNECTION_REFUSED @ http://localhost:5173/@vite/client:1034
[24523817ms] [ERROR] WebSocket connection to 'ws://localhost:5173/' failed: Error in connection establishment: net::ERR_CONNECTION_REFUSED @ http://localhost:5173/@vite/client:1034
[24527472ms] [ERROR] WebSocket connection to 'ws://localhost:5173/' failed: Error in connection establishment: net::ERR_CONNECTION_REFUSED @ http://localhost:5173/@vite/client:1034
[24529921ms] [ERROR] WebSocket connection to 'ws://localhost:5173/' failed: Error in connection establishment: net::ERR_CONNECTION_REFUSED @ http://localhost:5173/@vite/client:1034
[24532609ms] [ERROR] WebSocket connection to 'ws://localhost:5173/' failed: Error in connection establishment: net::ERR_CONNECTION_REFUSED @ http://localhost:5173/@vite/client:1034
[24536716ms] [ERROR] WebSocket connection to 'ws://localhost:5173/' failed: Error in connection establishment: net::ERR_CONNECTION_REFUSED @ http://localhost:5173/@vite/client:1034
[24540104ms] [ERROR] WebSocket connection to 'ws://localhost:5173/' failed: Error in connection establishment: net::ERR_CONNECTION_REFUSED @ http://localhost:5173/@vite/client:1034
[24544017ms] [ERROR] WebSocket connection to 'ws://localhost:5173/' failed: Error in connection establishment: net::ERR_CONNECTION_REFUSED @ http://localhost:5173/@vite/client:1034
[24546998ms] [ERROR] WebSocket connection to 'ws://localhost:5173/' failed: Error in connection establishment: net::ERR_CONNECTION_REFUSED @ http://localhost:5173/@vite/client:1034
[24550618ms] [ERROR] WebSocket connection to 'ws://localhost:5173/' failed: Error in connection establishment: net::ERR_CONNECTION_REFUSED @ http://localhost:5173/@vite/client:1034
[24553248ms] [ERROR] WebSocket connection to 'ws://localhost:5173/' failed: Error in connection establishment: net::ERR_CONNECTION_REFUSED @ http://localhost:5173/@vite/client:1034
[24555795ms] [ERROR] WebSocket connection to 'ws://localhost:5173/' failed: Error in connection establishment: net::ERR_CONNECTION_REFUSED @ http://localhost:5173/@vite/client:1034
[24558883ms] [ERROR] WebSocket connection to 'ws://localhost:5173/' failed: Error in connection establishment: net::ERR_CONNECTION_REFUSED @ http://localhost:5173/@vite/client:1034
[24564853ms] [ERROR] WebSocket connection to 'ws://localhost:5173/' failed: Error in connection establishment: net::ERR_CONNECTION_REFUSED @ http://localhost:5173/@vite/client:1034
[24568190ms] [ERROR] WebSocket connection to 'ws://localhost:5173/' failed: Error in connection establishment: net::ERR_CONNECTION_REFUSED @ http://localhost:5173/@vite/client:1034
[24571433ms] [ERROR] WebSocket connection to 'ws://localhost:5173/' failed: Error in connection establishment: net::ERR_CONNECTION_REFUSED @ http://localhost:5173/@vite/client:1034
[24574729ms] [ERROR] WebSocket connection to 'ws://localhost:5173/' failed: Error in connection establishment: net::ERR_CONNECTION_REFUSED @ http://localhost:5173/@vite/client:1034
[24578881ms] [ERROR] WebSocket connection to 'ws://localhost:5173/' failed: Error in connection establishment: net::ERR_CONNECTION_REFUSED @ http://localhost:5173/@vite/client:1034
[24583504ms] [ERROR] WebSocket connection to 'ws://localhost:5173/' failed: Error in connection establishment: net::ERR_CONNECTION_REFUSED @ http://localhost:5173/@vite/client:1034
[24586304ms] [ERROR] WebSocket connection to 'ws://localhost:5173/' failed: Error in connection establishment: net::ERR_CONNECTION_REFUSED @ http://localhost:5173/@vite/client:1034
[24588777ms] [ERROR] WebSocket connection to 'ws://localhost:5173/' failed: Error in connection establishment: net::ERR_CONNECTION_REFUSED @ http://localhost:5173/@vite/client:1034
[24594455ms] [ERROR] WebSocket connection to 'ws://localhost:5173/' failed: Error in connection establishment: net::ERR_CONNECTION_REFUSED @ http://localhost:5173/@vite/client:1034
[24597393ms] [ERROR] WebSocket connection to 'ws://localhost:5173/' failed: Error in connection establishment: net::ERR_CONNECTION_REFUSED @ http://localhost:5173/@vite/client:1034
[24600202ms] [ERROR] WebSocket connection to 'ws://localhost:5173/' failed: Error in connection establishment: net::ERR_CONNECTION_REFUSED @ http://localhost:5173/@vite/client:1034
[24602458ms] [ERROR] WebSocket connection to 'ws://localhost:5173/' failed: Error in connection establishment: net::ERR_CONNECTION_REFUSED @ http://localhost:5173/@vite/client:1034
[24605092ms] [ERROR] WebSocket connection to 'ws://localhost:5173/' failed: Error in connection establishment: net::ERR_CONNECTION_REFUSED @ http://localhost:5173/@vite/client:1034
[24610875ms] [ERROR] WebSocket connection to 'ws://localhost:5173/' failed: Error in connection establishment: net::ERR_CONNECTION_REFUSED @ http://localhost:5173/@vite/client:1034
[24616217ms] [ERROR] WebSocket connection to 'ws://localhost:5173/' failed: Error in connection establishment: net::ERR_CONNECTION_REFUSED @ http://localhost:5173/@vite/client:1034
[24619132ms] [ERROR] WebSocket connection to 'ws://localhost:5173/' failed: Error in connection establishment: net::ERR_CONNECTION_REFUSED @ http://localhost:5173/@vite/client:1034
[24624636ms] [ERROR] WebSocket connection to 'ws://localhost:5173/' failed: Error in connection establishment: net::ERR_CONNECTION_REFUSED @ http://localhost:5173/@vite/client:1034
[24630496ms] [ERROR] WebSocket connection to 'ws://localhost:5173/' failed: Error in connection establishment: net::ERR_CONNECTION_REFUSED @ http://localhost:5173/@vite/client:1034
[24632573ms] [ERROR] WebSocket connection to 'ws://localhost:5173/' failed: Error in connection establishment: net::ERR_CONNECTION_REFUSED @ http://localhost:5173/@vite/client:1034
[24634773ms] [ERROR] WebSocket connection to 'ws://localhost:5173/' failed: Error in connection establishment: net::ERR_CONNECTION_REFUSED @ http://localhost:5173/@vite/client:1034
[24638103ms] [ERROR] WebSocket connection to 'ws://localhost:5173/' failed: Error in connection establishment: net::ERR_CONNECTION_REFUSED @ http://localhost:5173/@vite/client:1034
[24644095ms] [ERROR] WebSocket connection to 'ws://localhost:5173/' failed: Error in connection establishment: net::ERR_CONNECTION_REFUSED @ http://localhost:5173/@vite/client:1034
[24647416ms] [ERROR] WebSocket connection to 'ws://localhost:5173/' failed: Error in connection establishment: net::ERR_CONNECTION_REFUSED @ http://localhost:5173/@vite/client:1034
[24651397ms] [ERROR] WebSocket connection to 'ws://localhost:5173/' failed: Error in connection establishment: net::ERR_CONNECTION_REFUSED @ http://localhost:5173/@vite/client:1034
[24654128ms] [ERROR] WebSocket connection to 'ws://localhost:5173/' failed: Error in connection establishment: net::ERR_CONNECTION_REFUSED @ http://localhost:5173/@vite/client:1034
[24658924ms] [ERROR] WebSocket connection to 'ws://localhost:5173/' failed: Error in connection establishment: net::ERR_CONNECTION_REFUSED @ http://localhost:5173/@vite/client:1034
[24664265ms] [ERROR] WebSocket connection to 'ws://localhost:5173/' failed: Error in connection establishment: net::ERR_CONNECTION_REFUSED @ http://localhost:5173/@vite/client:1034
[24668318ms] [ERROR] WebSocket connection to 'ws://localhost:5173/' failed: Error in connection establishment: net::ERR_CONNECTION_REFUSED @ http://localhost:5173/@vite/client:1034
[24672668ms] [ERROR] WebSocket connection to 'ws://localhost:5173/' failed: Error in connection establishment: net::ERR_CONNECTION_REFUSED @ http://localhost:5173/@vite/client:1034
[24677513ms] [ERROR] WebSocket connection to 'ws://localhost:5173/' failed: Error in connection establishment: net::ERR_CONNECTION_REFUSED @ http://localhost:5173/@vite/client:1034
[24680039ms] [ERROR] WebSocket connection to 'ws://localhost:5173/' failed: Error in connection establishment: net::ERR_CONNECTION_REFUSED @ http://localhost:5173/@vite/client:1034
[24685821ms] [ERROR] WebSocket connection to 'ws://localhost:5173/' failed: Error in connection establishment: net::ERR_CONNECTION_REFUSED @ http://localhost:5173/@vite/client:1034
[24688092ms] [ERROR] WebSocket connection to 'ws://localhost:5173/' failed: Error in connection establishment: net::ERR_CONNECTION_REFUSED @ http://localhost:5173/@vite/client:1034
[24694037ms] [ERROR] WebSocket connection to 'ws://localhost:5173/' failed: Error in connection establishment: net::ERR_CONNECTION_REFUSED @ http://localhost:5173/@vite/client:1034
[24699994ms] [ERROR] WebSocket connection to 'ws://localhost:5173/' failed: Error in connection establishment: net::ERR_CONNECTION_REFUSED @ http://localhost:5173/@vite/client:1034
[24704163ms] [ERROR] WebSocket connection to 'ws://localhost:5173/' failed: Error in connection establishment: net::ERR_CONNECTION_REFUSED @ http://localhost:5173/@vite/client:1034
[24709141ms] [ERROR] WebSocket connection to 'ws://localhost:5173/' failed: Error in connection establishment: net::ERR_CONNECTION_REFUSED @ http://localhost:5173/@vite/client:1034
[24714935ms] [ERROR] WebSocket connection to 'ws://localhost:5173/' failed: Error in connection establishment: net::ERR_CONNECTION_REFUSED @ http://localhost:5173/@vite/client:1034
[24717773ms] [ERROR] WebSocket connection to 'ws://localhost:5173/' failed: Error in connection establishment: net::ERR_CONNECTION_REFUSED @ http://localhost:5173/@vite/client:1034
[24723269ms] [ERROR] WebSocket connection to 'ws://localhost:5173/' failed: Error in connection establishment: net::ERR_CONNECTION_REFUSED @ http://localhost:5173/@vite/client:1034
[24727537ms] [ERROR] WebSocket connection to 'ws://localhost:5173/' failed: Error in connection establishment: net::ERR_CONNECTION_REFUSED @ http://localhost:5173/@vite/client:1034
[24730913ms] [ERROR] WebSocket connection to 'ws://localhost:5173/' failed: Error in connection establishment: net::ERR_CONNECTION_REFUSED @ http://localhost:5173/@vite/client:1034
[24736786ms] [ERROR] WebSocket connection to 'ws://localhost:5173/' failed: Error in connection establishment: net::ERR_CONNECTION_REFUSED @ http://localhost:5173/@vite/client:1034
[24739170ms] [ERROR] WebSocket connection to 'ws://localhost:5173/' failed: Error in connection establishment: net::ERR_CONNECTION_REFUSED @ http://localhost:5173/@vite/client:1034
[24743065ms] [ERROR] WebSocket connection to 'ws://localhost:5173/' failed: Error in connection establishment: net::ERR_CONNECTION_REFUSED @ http://localhost:5173/@vite/client:1034
[24748012ms] [ERROR] WebSocket connection to 'ws://localhost:5173/' failed: Error in connection establishment: net::ERR_CONNECTION_REFUSED @ http://localhost:5173/@vite/client:1034
[24753475ms] [ERROR] WebSocket connection to 'ws://localhost:5173/' failed: Error in connection establishment: net::ERR_CONNECTION_REFUSED @ http://localhost:5173/@vite/client:1034
[24758838ms] [ERROR] WebSocket connection to 'ws://localhost:5173/' failed: Error in connection establishment: net::ERR_CONNECTION_REFUSED @ http://localhost:5173/@vite/client:1034
[24763706ms] [ERROR] WebSocket connection to 'ws://localhost:5173/' failed: Error in connection establishment: net::ERR_CONNECTION_REFUSED @ http://localhost:5173/@vite/client:1034
[24767366ms] [ERROR] WebSocket connection to 'ws://localhost:5173/' failed: Error in connection establishment: net::ERR_CONNECTION_REFUSED @ http://localhost:5173/@vite/client:1034
[24769995ms] [ERROR] WebSocket connection to 'ws://localhost:5173/' failed: Error in connection establishment: net::ERR_CONNECTION_REFUSED @ http://localhost:5173/@vite/client:1034
[24775658ms] [ERROR] WebSocket connection to 'ws://localhost:5173/' failed: Error in connection establishment: net::ERR_CONNECTION_REFUSED @ http://localhost:5173/@vite/client:1034
[24780917ms] [ERROR] WebSocket connection to 'ws://localhost:5173/' failed: Error in connection establishment: net::ERR_CONNECTION_REFUSED @ http://localhost:5173/@vite/client:1034
[24786686ms] [ERROR] WebSocket connection to 'ws://localhost:5173/' failed: Error in connection establishment: net::ERR_CONNECTION_REFUSED @ http://localhost:5173/@vite/client:1034
[24790837ms] [ERROR] WebSocket connection to 'ws://localhost:5173/' failed: Error in connection establishment: net::ERR_CONNECTION_REFUSED @ http://localhost:5173/@vite/client:1034
[24795820ms] [ERROR] WebSocket connection to 'ws://localhost:5173/' failed: Error in connection establishment: net::ERR_CONNECTION_REFUSED @ http://localhost:5173/@vite/client:1034
[24801659ms] [ERROR] WebSocket connection to 'ws://localhost:5173/' failed: Error in connection establishment: net::ERR_CONNECTION_REFUSED @ http://localhost:5173/@vite/client:1034
[24804617ms] [ERROR] WebSocket connection to 'ws://localhost:5173/' failed: Error in connection establishment: net::ERR_CONNECTION_REFUSED @ http://localhost:5173/@vite/client:1034
[24810408ms] [ERROR] WebSocket connection to 'ws://localhost:5173/' failed: Error in connection establishment: net::ERR_CONNECTION_REFUSED @ http://localhost:5173/@vite/client:1034
[24816139ms] [ERROR] WebSocket connection to 'ws://localhost:5173/' failed: Error in connection establishment: net::ERR_CONNECTION_REFUSED @ http://localhost:5173/@vite/client:1034
[24820129ms] [ERROR] WebSocket connection to 'ws://localhost:5173/' failed: Error in connection establishment: net::ERR_CONNECTION_REFUSED @ http://localhost:5173/@vite/client:1034
[24823638ms] [ERROR] WebSocket connection to 'ws://localhost:5173/' failed: Error in connection establishment: net::ERR_CONNECTION_REFUSED @ http://localhost:5173/@vite/client:1034
[24827920ms] [ERROR] WebSocket connection to 'ws://localhost:5173/' failed: Error in connection establishment: net::ERR_CONNECTION_REFUSED @ http://localhost:5173/@vite/client:1034
[24831960ms] [ERROR] WebSocket connection to 'ws://localhost:5173/' failed: Error in connection establishment: net::ERR_CONNECTION_REFUSED @ http://localhost:5173/@vite/client:1034
[24836067ms] [ERROR] WebSocket connection to 'ws://localhost:5173/' failed: Error in connection establishment: net::ERR_CONNECTION_REFUSED @ http://localhost:5173/@vite/client:1034
[24839402ms] [ERROR] WebSocket connection to 'ws://localhost:5173/' failed: Error in connection establishment: net::ERR_CONNECTION_REFUSED @ http://localhost:5173/@vite/client:1034
[24842982ms] [ERROR] WebSocket connection to 'ws://localhost:5173/' failed: Error in connection establishment: net::ERR_CONNECTION_REFUSED @ http://localhost:5173/@vite/client:1034
[24847491ms] [ERROR] WebSocket connection to 'ws://localhost:5173/' failed: Error in connection establishment: net::ERR_CONNECTION_REFUSED @ http://localhost:5173/@vite/client:1034
[24851586ms] [ERROR] WebSocket connection to 'ws://localhost:5173/' failed: Error in connection establishment: net::ERR_CONNECTION_REFUSED @ http://localhost:5173/@vite/client:1034
[24856620ms] [ERROR] WebSocket connection to 'ws://localhost:5173/' failed: Error in connection establishment: net::ERR_CONNECTION_REFUSED @ http://localhost:5173/@vite/client:1034
[24861892ms] [ERROR] WebSocket connection to 'ws://localhost:5173/' failed: Error in connection establishment: net::ERR_CONNECTION_REFUSED @ http://localhost:5173/@vite/client:1034
[24867141ms] [ERROR] WebSocket connection to 'ws://localhost:5173/' failed: Error in connection establishment: net::ERR_CONNECTION_REFUSED @ http://localhost:5173/@vite/client:1034
[24871027ms] [ERROR] WebSocket connection to 'ws://localhost:5173/' failed: Error in connection establishment: net::ERR_CONNECTION_REFUSED @ http://localhost:5173/@vite/client:1034
[24874965ms] [ERROR] WebSocket connection to 'ws://localhost:5173/' failed: Error in connection establishment: net::ERR_CONNECTION_REFUSED @ http://localhost:5173/@vite/client:1034
[24879506ms] [ERROR] WebSocket connection to 'ws://localhost:5173/' failed: Error in connection establishment: net::ERR_CONNECTION_REFUSED @ http://localhost:5173/@vite/client:1034
[24882653ms] [ERROR] WebSocket connection to 'ws://localhost:5173/' failed: Error in connection establishment: net::ERR_CONNECTION_REFUSED @ http://localhost:5173/@vite/client:1034
[24883655ms] [ERROR] WebSocket connection to 'ws://localhost:5173/' failed: Error in connection establishment: net::ERR_CONNECTION_REFUSED @ http://localhost:5173/@vite/client:1034
[24884659ms] [ERROR] WebSocket connection to 'ws://localhost:5173/' failed: Error in connection establishment: net::ERR_CONNECTION_REFUSED @ http://localhost:5173/@vite/client:1034
[24885661ms] [ERROR] WebSocket connection to 'ws://localhost:5173/' failed: Error in connection establishment: net::ERR_CONNECTION_REFUSED @ http://localhost:5173/@vite/client:1034
[24886667ms] [ERROR] WebSocket connection to 'ws://localhost:5173/' failed: Error in connection establishment: net::ERR_CONNECTION_REFUSED @ http://localhost:5173/@vite/client:1034
[24887670ms] [ERROR] WebSocket connection to 'ws://localhost:5173/' failed: Error in connection establishment: net::ERR_CONNECTION_REFUSED @ http://localhost:5173/@vite/client:1034
[24888678ms] [ERROR] WebSocket connection to 'ws://localhost:5173/' failed: Error in connection establishment: net::ERR_CONNECTION_REFUSED @ http://localhost:5173/@vite/client:1034
[24889687ms] [ERROR] WebSocket connection to 'ws://localhost:5173/' failed: Error in connection establishment: net::ERR_CONNECTION_REFUSED @ http://localhost:5173/@vite/client:1034
[24890701ms] [ERROR] WebSocket connection to 'ws://localhost:5173/' failed: Error in connection establishment: net::ERR_CONNECTION_REFUSED @ http://localhost:5173/@vite/client:1034
[24891735ms] [ERROR] WebSocket connection to 'ws://localhost:5173/' failed: Error in connection establishment: net::ERR_CONNECTION_REFUSED @ http://localhost:5173/@vite/client:1034
[24892812ms] [ERROR] WebSocket connection to 'ws://localhost:5173/' failed: Error in connection establishment: net::ERR_CONNECTION_REFUSED @ http://localhost:5173/@vite/client:1034
[24893880ms] [ERROR] WebSocket connection to 'ws://localhost:5173/' failed: Error in connection establishment: net::ERR_CONNECTION_REFUSED @ http://localhost:5173/@vite/client:1034
[24895015ms] [ERROR] WebSocket connection to 'ws://localhost:5173/' failed: Error in connection establishment: net::ERR_CONNECTION_REFUSED @ http://localhost:5173/@vite/client:1034
[24896561ms] [ERROR] WebSocket connection to 'ws://localhost:5173/' failed: Error in connection establishment: net::ERR_CONNECTION_REFUSED @ http://localhost:5173/@vite/client:1034
[24898667ms] [ERROR] WebSocket connection to 'ws://localhost:5173/' failed: Error in connection establishment: net::ERR_CONNECTION_REFUSED @ http://localhost:5173/@vite/client:1034
[24901153ms] [ERROR] WebSocket connection to 'ws://localhost:5173/' failed: Error in connection establishment: net::ERR_CONNECTION_REFUSED @ http://localhost:5173/@vite/client:1034
[24906175ms] [ERROR] WebSocket connection to 'ws://localhost:5173/' failed: Error in connection establishment: net::ERR_CONNECTION_REFUSED @ http://localhost:5173/@vite/client:1034
[24910013ms] [ERROR] WebSocket connection to 'ws://localhost:5173/' failed: Error in connection establishment: net::ERR_CONNECTION_REFUSED @ http://localhost:5173/@vite/client:1034
[24914216ms] [ERROR] WebSocket connection to 'ws://localhost:5173/' failed: Error in connection establishment: net::ERR_CONNECTION_REFUSED @ http://localhost:5173/@vite/client:1034
[24916240ms] [ERROR] WebSocket connection to 'ws://localhost:5173/' failed: Error in connection establishment: net::ERR_CONNECTION_REFUSED @ http://localhost:5173/@vite/client:1034
[24920436ms] [ERROR] WebSocket connection to 'ws://localhost:5173/' failed: Error in connection establishment: net::ERR_CONNECTION_REFUSED @ http://localhost:5173/@vite/client:1034
[24926440ms] [ERROR] WebSocket connection to 'ws://localhost:5173/' failed: Error in connection establishment: net::ERR_CONNECTION_REFUSED @ http://localhost:5173/@vite/client:1034
[24928889ms] [ERROR] WebSocket connection to 'ws://localhost:5173/' failed: Error in connection establishment: net::ERR_CONNECTION_REFUSED @ http://localhost:5173/@vite/client:1034
[24934516ms] [ERROR] WebSocket connection to 'ws://localhost:5173/' failed: Error in connection establishment: net::ERR_CONNECTION_REFUSED @ http://localhost:5173/@vite/client:1034
[24937479ms] [ERROR] WebSocket connection to 'ws://localhost:5173/' failed: Error in connection establishment: net::ERR_CONNECTION_REFUSED @ http://localhost:5173/@vite/client:1034
[24940536ms] [ERROR] WebSocket connection to 'ws://localhost:5173/' failed: Error in connection establishment: net::ERR_CONNECTION_REFUSED @ http://localhost:5173/@vite/client:1034
[24945495ms] [ERROR] WebSocket connection to 'ws://localhost:5173/' failed: Error in connection establishment: net::ERR_CONNECTION_REFUSED @ http://localhost:5173/@vite/client:1034
[24951416ms] [ERROR] WebSocket connection to 'ws://localhost:5173/' failed: Error in connection establishment: net::ERR_CONNECTION_REFUSED @ http://localhost:5173/@vite/client:1034
[24956747ms] [ERROR] WebSocket connection to 'ws://localhost:5173/' failed: Error in connection establishment: net::ERR_CONNECTION_REFUSED @ http://localhost:5173/@vite/client:1034
[24962211ms] [ERROR] WebSocket connection to 'ws://localhost:5173/' failed: Error in connection establishment: net::ERR_CONNECTION_REFUSED @ http://localhost:5173/@vite/client:1034
[24966501ms] [ERROR] WebSocket connection to 'ws://localhost:5173/' failed: Error in connection establishment: net::ERR_CONNECTION_REFUSED @ http://localhost:5173/@vite/client:1034
[24968931ms] [ERROR] WebSocket connection to 'ws://localhost:5173/' failed: Error in connection establishment: net::ERR_CONNECTION_REFUSED @ http://localhost:5173/@vite/client:1034
[24971853ms] [ERROR] WebSocket connection to 'ws://localhost:5173/' failed: Error in connection establishment: net::ERR_CONNECTION_REFUSED @ http://localhost:5173/@vite/client:1034
[24975954ms] [ERROR] WebSocket connection to 'ws://localhost:5173/' failed: Error in connection establishment: net::ERR_CONNECTION_REFUSED @ http://localhost:5173/@vite/client:1034
[24978728ms] [ERROR] WebSocket connection to 'ws://localhost:5173/' failed: Error in connection establishment: net::ERR_CONNECTION_REFUSED @ http://localhost:5173/@vite/client:1034
[24984540ms] [ERROR] WebSocket connection to 'ws://localhost:5173/' failed: Error in connection establishment: net::ERR_CONNECTION_REFUSED @ http://localhost:5173/@vite/client:1034
[24987981ms] [ERROR] WebSocket connection to 'ws://localhost:5173/' failed: Error in connection establishment: net::ERR_CONNECTION_REFUSED @ http://localhost:5173/@vite/client:1034
[24992391ms] [ERROR] WebSocket connection to 'ws://localhost:5173/' failed: Error in connection establishment: net::ERR_CONNECTION_REFUSED @ http://localhost:5173/@vite/client:1034
[24997869ms] [ERROR] WebSocket connection to 'ws://localhost:5173/' failed: Error in connection establishment: net::ERR_CONNECTION_REFUSED @ http://localhost:5173/@vite/client:1034
[25003379ms] [ERROR] WebSocket connection to 'ws://localhost:5173/' failed: Error in connection establishment: net::ERR_CONNECTION_REFUSED @ http://localhost:5173/@vite/client:1034
[25004382ms] [ERROR] WebSocket connection to 'ws://localhost:5173/' failed: Error in connection establishment: net::ERR_CONNECTION_REFUSED @ http://localhost:5173/@vite/client:1034
[25005385ms] [ERROR] WebSocket connection to 'ws://localhost:5173/' failed: Error in connection establishment: net::ERR_CONNECTION_REFUSED @ http://localhost:5173/@vite/client:1034
[25006387ms] [ERROR] WebSocket connection to 'ws://localhost:5173/' failed: Error in connection establishment: net::ERR_CONNECTION_REFUSED @ http://localhost:5173/@vite/client:1034
[25007392ms] [ERROR] WebSocket connection to 'ws://localhost:5173/' failed: Error in connection establishment: net::ERR_CONNECTION_REFUSED @ http://localhost:5173/@vite/client:1034
[25008398ms] [ERROR] WebSocket connection to 'ws://localhost:5173/' failed: Error in connection establishment: net::ERR_CONNECTION_REFUSED @ http://localhost:5173/@vite/client:1034
[25009411ms] [ERROR] WebSocket connection to 'ws://localhost:5173/' failed: Error in connection establishment: net::ERR_CONNECTION_REFUSED @ http://localhost:5173/@vite/client:1034
[25010417ms] [ERROR] WebSocket connection to 'ws://localhost:5173/' failed: Error in connection establishment: net::ERR_CONNECTION_REFUSED @ http://localhost:5173/@vite/client:1034
[25011443ms] [ERROR] WebSocket connection to 'ws://localhost:5173/' failed: Error in connection establishment: net::ERR_CONNECTION_REFUSED @ http://localhost:5173/@vite/client:1034
[25012481ms] [ERROR] WebSocket connection to 'ws://localhost:5173/' failed: Error in connection establishment: net::ERR_CONNECTION_REFUSED @ http://localhost:5173/@vite/client:1034
[25013512ms] [ERROR] WebSocket connection to 'ws://localhost:5173/' failed: Error in connection establishment: net::ERR_CONNECTION_REFUSED @ http://localhost:5173/@vite/client:1034
[25014680ms] [ERROR] WebSocket connection to 'ws://localhost:5173/' failed: Error in connection establishment: net::ERR_CONNECTION_REFUSED @ http://localhost:5173/@vite/client:1034
[25015916ms] [ERROR] WebSocket connection to 'ws://localhost:5173/' failed: Error in connection establishment: net::ERR_CONNECTION_REFUSED @ http://localhost:5173/@vite/client:1034
[25017057ms] [ERROR] WebSocket connection to 'ws://localhost:5173/' failed: Error in connection establishment: net::ERR_CONNECTION_REFUSED @ http://localhost:5173/@vite/client:1034
[25018760ms] [ERROR] WebSocket connection to 'ws://localhost:5173/' failed: Error in connection establishment: net::ERR_CONNECTION_REFUSED @ http://localhost:5173/@vite/client:1034
[25022109ms] [ERROR] WebSocket connection to 'ws://localhost:5173/' failed: Error in connection establishment: net::ERR_CONNECTION_REFUSED @ http://localhost:5173/@vite/client:1034
[25024172ms] [ERROR] WebSocket connection to 'ws://localhost:5173/' failed: Error in connection establishment: net::ERR_CONNECTION_REFUSED @ http://localhost:5173/@vite/client:1034
[25027174ms] [ERROR] WebSocket connection to 'ws://localhost:5173/' failed: Error in connection establishment: net::ERR_CONNECTION_REFUSED @ http://localhost:5173/@vite/client:1034
[25033139ms] [ERROR] WebSocket connection to 'ws://localhost:5173/' failed: Error in connection establishment: net::ERR_CONNECTION_REFUSED @ http://localhost:5173/@vite/client:1034
[25038134ms] [ERROR] WebSocket connection to 'ws://localhost:5173/' failed: Error in connection establishment: net::ERR_CONNECTION_REFUSED @ http://localhost:5173/@vite/client:1034
[25040586ms] [ERROR] WebSocket connection to 'ws://localhost:5173/' failed: Error in connection establishment: net::ERR_CONNECTION_REFUSED @ http://localhost:5173/@vite/client:1034
[25044004ms] [ERROR] WebSocket connection to 'ws://localhost:5173/' failed: Error in connection establishment: net::ERR_CONNECTION_REFUSED @ http://localhost:5173/@vite/client:1034
[25047043ms] [ERROR] WebSocket connection to 'ws://localhost:5173/' failed: Error in connection establishment: net::ERR_CONNECTION_REFUSED @ http://localhost:5173/@vite/client:1034
[25049313ms] [ERROR] WebSocket connection to 'ws://localhost:5173/' failed: Error in connection establishment: net::ERR_CONNECTION_REFUSED @ http://localhost:5173/@vite/client:1034
[25051460ms] [ERROR] WebSocket connection to 'ws://localhost:5173/' failed: Error in connection establishment: net::ERR_CONNECTION_REFUSED @ http://localhost:5173/@vite/client:1034
[25056745ms] [ERROR] WebSocket connection to 'ws://localhost:5173/' failed: Error in connection establishment: net::ERR_CONNECTION_REFUSED @ http://localhost:5173/@vite/client:1034
[25061277ms] [ERROR] WebSocket connection to 'ws://localhost:5173/' failed: Error in connection establishment: net::ERR_CONNECTION_REFUSED @ http://localhost:5173/@vite/client:1034
[25064527ms] [ERROR] WebSocket connection to 'ws://localhost:5173/' failed: Error in connection establishment: net::ERR_CONNECTION_REFUSED @ http://localhost:5173/@vite/client:1034
[25068745ms] [ERROR] WebSocket connection to 'ws://localhost:5173/' failed: Error in connection establishment: net::ERR_CONNECTION_REFUSED @ http://localhost:5173/@vite/client:1034
[25107894ms] [ERROR] WebSocket connection to 'ws://localhost:5173/' failed: Error in connection establishment: net::ERR_CONNECTION_REFUSED @ http://localhost:5173/@vite/client:1034
[25110591ms] [ERROR] WebSocket connection to 'ws://localhost:5173/' failed: Error in connection establishment: net::ERR_CONNECTION_REFUSED @ http://localhost:5173/@vite/client:1034
[25115104ms] [ERROR] WebSocket connection to 'ws://localhost:5173/' failed: Error in connection establishment: net::ERR_CONNECTION_REFUSED @ http://localhost:5173/@vite/client:1034
[25117837ms] [ERROR] WebSocket connection to 'ws://localhost:5173/' failed: Error in connection establishment: net::ERR_CONNECTION_REFUSED @ http://localhost:5173/@vite/client:1034
[25121827ms] [ERROR] WebSocket connection to 'ws://localhost:5173/' failed: Error in connection establishment: net::ERR_CONNECTION_REFUSED @ http://localhost:5173/@vite/client:1034
[25124133ms] [ERROR] WebSocket connection to 'ws://localhost:5173/' failed: Error in connection establishment: net::ERR_CONNECTION_REFUSED @ http://localhost:5173/@vite/client:1034
[25143866ms] [ERROR] WebSocket connection to 'ws://localhost:5173/' failed: Error in connection establishment: net::ERR_CONNECTION_REFUSED @ http://localhost:5173/@vite/client:1034
[25148461ms] [ERROR] WebSocket connection to 'ws://localhost:5173/' failed: Error in connection establishment: net::ERR_CONNECTION_REFUSED @ http://localhost:5173/@vite/client:1034
[25154209ms] [ERROR] WebSocket connection to 'ws://localhost:5173/' failed: Error in connection establishment: net::ERR_CONNECTION_REFUSED @ http://localhost:5173/@vite/client:1034
[25159375ms] [ERROR] WebSocket connection to 'ws://localhost:5173/' failed: Error in connection establishment: net::ERR_CONNECTION_REFUSED @ http://localhost:5173/@vite/client:1034
[25168434ms] [ERROR] WebSocket connection to 'ws://localhost:5173/' failed: Error in connection establishment: net::ERR_CONNECTION_REFUSED @ http://localhost:5173/@vite/client:1034
[25173722ms] [ERROR] WebSocket connection to 'ws://localhost:5173/' failed: Error in connection establishment: net::ERR_CONNECTION_REFUSED @ http://localhost:5173/@vite/client:1034
[25176239ms] [ERROR] WebSocket connection to 'ws://localhost:5173/' failed: Error in connection establishment: net::ERR_CONNECTION_REFUSED @ http://localhost:5173/@vite/client:1034
[25179194ms] [ERROR] WebSocket connection to 'ws://localhost:5173/' failed: Error in connection establishment: net::ERR_CONNECTION_REFUSED @ http://localhost:5173/@vite/client:1034
[25180223ms] [ERROR] WebSocket connection to 'ws://localhost:5173/' failed: Error in connection establishment: net::ERR_CONNECTION_REFUSED @ http://localhost:5173/@vite/client:1034
[25181245ms] [ERROR] WebSocket connection to 'ws://localhost:5173/' failed: Error in connection establishment: net::ERR_CONNECTION_REFUSED @ http://localhost:5173/@vite/client:1034
[25182280ms] [ERROR] WebSocket connection to 'ws://localhost:5173/' failed: Error in connection establishment: net::ERR_CONNECTION_REFUSED @ http://localhost:5173/@vite/client:1034
[25183309ms] [ERROR] WebSocket connection to 'ws://localhost:5173/' failed: Error in connection establishment: net::ERR_CONNECTION_REFUSED @ http://localhost:5173/@vite/client:1034
[25184331ms] [ERROR] WebSocket connection to 'ws://localhost:5173/' failed: Error in connection establishment: net::ERR_CONNECTION_REFUSED @ http://localhost:5173/@vite/client:1034
[25185355ms] [ERROR] WebSocket connection to 'ws://localhost:5173/' failed: Error in connection establishment: net::ERR_CONNECTION_REFUSED @ http://localhost:5173/@vite/client:1034
[25186388ms] [ERROR] WebSocket connection to 'ws://localhost:5173/' failed: Error in connection establishment: net::ERR_CONNECTION_REFUSED @ http://localhost:5173/@vite/client:1034
[25187415ms] [ERROR] WebSocket connection to 'ws://localhost:5173/' failed: Error in connection establishment: net::ERR_CONNECTION_REFUSED @ http://localhost:5173/@vite/client:1034
[25188467ms] [ERROR] WebSocket connection to 'ws://localhost:5173/' failed: Error in connection establishment: net::ERR_CONNECTION_REFUSED @ http://localhost:5173/@vite/client:1034
[25189535ms] [ERROR] WebSocket connection to 'ws://localhost:5173/' failed: Error in connection establishment: net::ERR_CONNECTION_REFUSED @ http://localhost:5173/@vite/client:1034
[25190671ms] [ERROR] WebSocket connection to 'ws://localhost:5173/' failed: Error in connection establishment: net::ERR_CONNECTION_REFUSED @ http://localhost:5173/@vite/client:1034
[25191824ms] [ERROR] WebSocket connection to 'ws://localhost:5173/' failed: Error in connection establishment: net::ERR_CONNECTION_REFUSED @ http://localhost:5173/@vite/client:1034
[25193458ms] [ERROR] WebSocket connection to 'ws://localhost:5173/' failed: Error in connection establishment: net::ERR_CONNECTION_REFUSED @ http://localhost:5173/@vite/client:1034
[25194905ms] [ERROR] WebSocket connection to 'ws://localhost:5173/' failed: Error in connection establishment: net::ERR_CONNECTION_REFUSED @ http://localhost:5173/@vite/client:1034
[25197964ms] [ERROR] WebSocket connection to 'ws://localhost:5173/' failed: Error in connection establishment: net::ERR_CONNECTION_REFUSED @ http://localhost:5173/@vite/client:1034
[25200714ms] [ERROR] WebSocket connection to 'ws://localhost:5173/' failed: Error in connection establishment: net::ERR_CONNECTION_REFUSED @ http://localhost:5173/@vite/client:1034
[25203714ms] [ERROR] WebSocket connection to 'ws://localhost:5173/' failed: Error in connection establishment: net::ERR_CONNECTION_REFUSED @ http://localhost:5173/@vite/client:1034
[25208289ms] [ERROR] WebSocket connection to 'ws://localhost:5173/' failed: Error in connection establishment: net::ERR_CONNECTION_REFUSED @ http://localhost:5173/@vite/client:1034
[25213737ms] [ERROR] WebSocket connection to 'ws://localhost:5173/' failed: Error in connection establishment: net::ERR_CONNECTION_REFUSED @ http://localhost:5173/@vite/client:1034
[25219231ms] [ERROR] WebSocket connection to 'ws://localhost:5173/' failed: Error in connection establishment: net::ERR_CONNECTION_REFUSED @ http://localhost:5173/@vite/client:1034
[25222151ms] [ERROR] WebSocket connection to 'ws://localhost:5173/' failed: Error in connection establishment: net::ERR_CONNECTION_REFUSED @ http://localhost:5173/@vite/client:1034
[25224708ms] [ERROR] WebSocket connection to 'ws://localhost:5173/' failed: Error in connection establishment: net::ERR_CONNECTION_REFUSED @ http://localhost:5173/@vite/client:1034
[25229423ms] [ERROR] WebSocket connection to 'ws://localhost:5173/' failed: Error in connection establishment: net::ERR_CONNECTION_REFUSED @ http://localhost:5173/@vite/client:1034
[25331805ms] [ERROR] WebSocket connection to 'ws://localhost:5173/' failed: Error in connection establishment: net::ERR_CONNECTION_REFUSED @ http://localhost:5173/@vite/client:1034
[25336881ms] [ERROR] WebSocket connection to 'ws://localhost:5173/' failed: Error in connection establishment: net::ERR_CONNECTION_REFUSED @ http://localhost:5173/@vite/client:1034
[25339114ms] [ERROR] WebSocket connection to 'ws://localhost:5173/' failed: Error in connection establishment: net::ERR_CONNECTION_REFUSED @ http://localhost:5173/@vite/client:1034
[25341737ms] [ERROR] WebSocket connection to 'ws://localhost:5173/' failed: Error in connection establishment: net::ERR_CONNECTION_REFUSED @ http://localhost:5173/@vite/client:1034
[25345800ms] [ERROR] WebSocket connection to 'ws://localhost:5173/' failed: Error in connection establishment: net::ERR_CONNECTION_REFUSED @ http://localhost:5173/@vite/client:1034
[25348039ms] [ERROR] WebSocket connection to 'ws://localhost:5173/' failed: Error in connection establishment: net::ERR_CONNECTION_REFUSED @ http://localhost:5173/@vite/client:1034
[25350688ms] [ERROR] WebSocket connection to 'ws://localhost:5173/' failed: Error in connection establishment: net::ERR_CONNECTION_REFUSED @ http://localhost:5173/@vite/client:1034
[25354949ms] [ERROR] WebSocket connection to 'ws://localhost:5173/' failed: Error in connection establishment: net::ERR_CONNECTION_REFUSED @ http://localhost:5173/@vite/client:1034
[25360452ms] [ERROR] WebSocket connection to 'ws://localhost:5173/' failed: Error in connection establishment: net::ERR_CONNECTION_REFUSED @ http://localhost:5173/@vite/client:1034
[25365237ms] [ERROR] WebSocket connection to 'ws://localhost:5173/' failed: Error in connection establishment: net::ERR_CONNECTION_REFUSED @ http://localhost:5173/@vite/client:1034
[25369550ms] [ERROR] WebSocket connection to 'ws://localhost:5173/' failed: Error in connection establishment: net::ERR_CONNECTION_REFUSED @ http://localhost:5173/@vite/client:1034
[25373835ms] [ERROR] WebSocket connection to 'ws://localhost:5173/' failed: Error in connection establishment: net::ERR_CONNECTION_REFUSED @ http://localhost:5173/@vite/client:1034
[25377322ms] [ERROR] WebSocket connection to 'ws://localhost:5173/' failed: Error in connection establishment: net::ERR_CONNECTION_REFUSED @ http://localhost:5173/@vite/client:1034
[25381436ms] [ERROR] WebSocket connection to 'ws://localhost:5173/' failed: Error in connection establishment: net::ERR_CONNECTION_REFUSED @ http://localhost:5173/@vite/client:1034
[25387081ms] [ERROR] WebSocket connection to 'ws://localhost:5173/' failed: Error in connection establishment: net::ERR_CONNECTION_REFUSED @ http://localhost:5173/@vite/client:1034
[25520388ms] [ERROR] WebSocket connection to 'ws://localhost:5173/' failed: Error in connection establishment: net::ERR_CONNECTION_REFUSED @ http://localhost:5173/@vite/client:1034
[25523326ms] [ERROR] WebSocket connection to 'ws://localhost:5173/' failed: Error in connection establishment: net::ERR_CONNECTION_REFUSED @ http://localhost:5173/@vite/client:1034
[25525369ms] [ERROR] WebSocket connection to 'ws://localhost:5173/' failed: Error in connection establishment: net::ERR_CONNECTION_REFUSED @ http://localhost:5173/@vite/client:1034
[25529863ms] [ERROR] WebSocket connection to 'ws://localhost:5173/' failed: Error in connection establishment: net::ERR_CONNECTION_REFUSED @ http://localhost:5173/@vite/client:1034
[25534265ms] [ERROR] WebSocket connection to 'ws://localhost:5173/' failed: Error in connection establishment: net::ERR_CONNECTION_REFUSED @ http://localhost:5173/@vite/client:1034
[25537296ms] [ERROR] WebSocket connection to 'ws://localhost:5173/' failed: Error in connection establishment: net::ERR_CONNECTION_REFUSED @ http://localhost:5173/@vite/client:1034
[25558823ms] [ERROR] WebSocket connection to 'ws://localhost:5173/' failed: Error in connection establishment: net::ERR_CONNECTION_REFUSED @ http://localhost:5173/@vite/client:1034
[25562072ms] [ERROR] WebSocket connection to 'ws://localhost:5173/' failed: Error in connection establishment: net::ERR_CONNECTION_REFUSED @ http://localhost:5173/@vite/client:1034
[25565671ms] [ERROR] WebSocket connection to 'ws://localhost:5173/' failed: Error in connection establishment: net::ERR_CONNECTION_REFUSED @ http://localhost:5173/@vite/client:1034
[25569522ms] [ERROR] WebSocket connection to 'ws://localhost:5173/' failed: Error in connection establishment: net::ERR_CONNECTION_REFUSED @ http://localhost:5173/@vite/client:1034
[25574304ms] [ERROR] WebSocket connection to 'ws://localhost:5173/' failed: Error in connection establishment: net::ERR_CONNECTION_REFUSED @ http://localhost:5173/@vite/client:1034
[25576405ms] [ERROR] WebSocket connection to 'ws://localhost:5173/' failed: Error in connection establishment: net::ERR_CONNECTION_REFUSED @ http://localhost:5173/@vite/client:1034
[25582375ms] [ERROR] WebSocket connection to 'ws://localhost:5173/' failed: Error in connection establishment: net::ERR_CONNECTION_REFUSED @ http://localhost:5173/@vite/client:1034
[25585572ms] [ERROR] WebSocket connection to 'ws://localhost:5173/' failed: Error in connection establishment: net::ERR_CONNECTION_REFUSED @ http://localhost:5173/@vite/client:1034
[25589039ms] [ERROR] WebSocket connection to 'ws://localhost:5173/' failed: Error in connection establishment: net::ERR_CONNECTION_REFUSED @ http://localhost:5173/@vite/client:1034
[25592545ms] [ERROR] WebSocket connection to 'ws://localhost:5173/' failed: Error in connection establishment: net::ERR_CONNECTION_REFUSED @ http://localhost:5173/@vite/client:1034
[25594920ms] [ERROR] WebSocket connection to 'ws://localhost:5173/' failed: Error in connection establishment: net::ERR_CONNECTION_REFUSED @ http://localhost:5173/@vite/client:1034
[25597095ms] [ERROR] WebSocket connection to 'ws://localhost:5173/' failed: Error in connection establishment: net::ERR_CONNECTION_REFUSED @ http://localhost:5173/@vite/client:1034
[25600650ms] [ERROR] WebSocket connection to 'ws://localhost:5173/' failed: Error in connection establishment: net::ERR_CONNECTION_REFUSED @ http://localhost:5173/@vite/client:1034
[25605774ms] [ERROR] WebSocket connection to 'ws://localhost:5173/' failed: Error in connection establishment: net::ERR_CONNECTION_REFUSED @ http://localhost:5173/@vite/client:1034
[25608945ms] [ERROR] WebSocket connection to 'ws://localhost:5173/' failed: Error in connection establishment: net::ERR_CONNECTION_REFUSED @ http://localhost:5173/@vite/client:1034
[25736312ms] [ERROR] WebSocket connection to 'ws://localhost:5173/' failed: Error in connection establishment: net::ERR_CONNECTION_REFUSED @ http://localhost:5173/@vite/client:1034
[25742133ms] [ERROR] WebSocket connection to 'ws://localhost:5173/' failed: Error in connection establishment: net::ERR_CONNECTION_REFUSED @ http://localhost:5173/@vite/client:1034
[25744254ms] [ERROR] WebSocket connection to 'ws://localhost:5173/' failed: Error in connection establishment: net::ERR_CONNECTION_REFUSED @ http://localhost:5173/@vite/client:1034
[25747662ms] [ERROR] WebSocket connection to 'ws://localhost:5173/' failed: Error in connection establishment: net::ERR_CONNECTION_REFUSED @ http://localhost:5173/@vite/client:1034
[25750211ms] [ERROR] WebSocket connection to 'ws://localhost:5173/' failed: Error in connection establishment: net::ERR_CONNECTION_REFUSED @ http://localhost:5173/@vite/client:1034
[25753881ms] [ERROR] WebSocket connection to 'ws://localhost:5173/' failed: Error in connection establishment: net::ERR_CONNECTION_REFUSED @ http://localhost:5173/@vite/client:1034
[25757409ms] [ERROR] WebSocket connection to 'ws://localhost:5173/' failed: Error in connection establishment: net::ERR_CONNECTION_REFUSED @ http://localhost:5173/@vite/client:1034
[25797756ms] [ERROR] WebSocket connection to 'ws://localhost:5173/' failed: Error in connection establishment: net::ERR_CONNECTION_REFUSED @ http://localhost:5173/@vite/client:1034
[25800305ms] [ERROR] WebSocket connection to 'ws://localhost:5173/' failed: Error in connection establishment: net::ERR_CONNECTION_REFUSED @ http://localhost:5173/@vite/client:1034
[25804367ms] [ERROR] WebSocket connection to 'ws://localhost:5173/' failed: Error in connection establishment: net::ERR_CONNECTION_REFUSED @ http://localhost:5173/@vite/client:1034
[25808352ms] [ERROR] WebSocket connection to 'ws://localhost:5173/' failed: Error in connection establishment: net::ERR_CONNECTION_REFUSED @ http://localhost:5173/@vite/client:1034
[25813692ms] [ERROR] WebSocket connection to 'ws://localhost:5173/' failed: Error in connection establishment: net::ERR_CONNECTION_REFUSED @ http://localhost:5173/@vite/client:1034
[25833072ms] [ERROR] WebSocket connection to 'ws://localhost:5173/' failed: Error in connection establishment: net::ERR_CONNECTION_REFUSED @ http://localhost:5173/@vite/client:1034
[25835145ms] [ERROR] WebSocket connection to 'ws://localhost:5173/' failed: Error in connection establishment: net::ERR_CONNECTION_REFUSED @ http://localhost:5173/@vite/client:1034
[25839940ms] [ERROR] WebSocket connection to 'ws://localhost:5173/' failed: Error in connection establishment: net::ERR_CONNECTION_REFUSED @ http://localhost:5173/@vite/client:1034
[25845471ms] [ERROR] WebSocket connection to 'ws://localhost:5173/' failed: Error in connection establishment: net::ERR_CONNECTION_REFUSED @ http://localhost:5173/@vite/client:1034
[25850779ms] [ERROR] WebSocket connection to 'ws://localhost:5173/' failed: Error in connection establishment: net::ERR_CONNECTION_REFUSED @ http://localhost:5173/@vite/client:1034
[25856706ms] [ERROR] WebSocket connection to 'ws://localhost:5173/' failed: Error in connection establishment: net::ERR_CONNECTION_REFUSED @ http://localhost:5173/@vite/client:1034
[25861649ms] [ERROR] WebSocket connection to 'ws://localhost:5173/' failed: Error in connection establishment: net::ERR_CONNECTION_REFUSED @ http://localhost:5173/@vite/client:1034
[25875289ms] [ERROR] WebSocket connection to 'ws://localhost:5173/' failed: Error in connection establishment: net::ERR_CONNECTION_REFUSED @ http://localhost:5173/@vite/client:1034
[25878008ms] [ERROR] WebSocket connection to 'ws://localhost:5173/' failed: Error in connection establishment: net::ERR_CONNECTION_REFUSED @ http://localhost:5173/@vite/client:1034
[25882511ms] [ERROR] WebSocket connection to 'ws://localhost:5173/' failed: Error in connection establishment: net::ERR_CONNECTION_REFUSED @ http://localhost:5173/@vite/client:1034
[25887273ms] [ERROR] WebSocket connection to 'ws://localhost:5173/' failed: Error in connection establishment: net::ERR_CONNECTION_REFUSED @ http://localhost:5173/@vite/client:1034
[25889529ms] [ERROR] WebSocket connection to 'ws://localhost:5173/' failed: Error in connection establishment: net::ERR_CONNECTION_REFUSED @ http://localhost:5173/@vite/client:1034
[25893773ms] [ERROR] WebSocket connection to 'ws://localhost:5173/' failed: Error in connection establishment: net::ERR_CONNECTION_REFUSED @ http://localhost:5173/@vite/client:1034
[25896166ms] [ERROR] WebSocket connection to 'ws://localhost:5173/' failed: Error in connection establishment: net::ERR_CONNECTION_REFUSED @ http://localhost:5173/@vite/client:1034
[25901596ms] [ERROR] WebSocket connection to 'ws://localhost:5173/' failed: Error in connection establishment: net::ERR_CONNECTION_REFUSED @ http://localhost:5173/@vite/client:1034
[25906208ms] [ERROR] WebSocket connection to 'ws://localhost:5173/' failed: Error in connection establishment: net::ERR_CONNECTION_REFUSED @ http://localhost:5173/@vite/client:1034
[25910645ms] [ERROR] WebSocket connection to 'ws://localhost:5173/' failed: Error in connection establishment: net::ERR_CONNECTION_REFUSED @ http://localhost:5173/@vite/client:1034
[25916397ms] [ERROR] WebSocket connection to 'ws://localhost:5173/' failed: Error in connection establishment: net::ERR_CONNECTION_REFUSED @ http://localhost:5173/@vite/client:1034
[25920331ms] [ERROR] WebSocket connection to 'ws://localhost:5173/' failed: Error in connection establishment: net::ERR_CONNECTION_REFUSED @ http://localhost:5173/@vite/client:1034
[25924209ms] [ERROR] WebSocket connection to 'ws://localhost:5173/' failed: Error in connection establishment: net::ERR_CONNECTION_REFUSED @ http://localhost:5173/@vite/client:1034
[25926386ms] [ERROR] WebSocket connection to 'ws://localhost:5173/' failed: Error in connection establishment: net::ERR_CONNECTION_REFUSED @ http://localhost:5173/@vite/client:1034
[25928944ms] [ERROR] WebSocket connection to 'ws://localhost:5173/' failed: Error in connection establishment: net::ERR_CONNECTION_REFUSED @ http://localhost:5173/@vite/client:1034
[25934670ms] [ERROR] WebSocket connection to 'ws://localhost:5173/' failed: Error in connection establishment: net::ERR_CONNECTION_REFUSED @ http://localhost:5173/@vite/client:1034
[26055835ms] [ERROR] WebSocket connection to 'ws://localhost:5173/' failed: Error in connection establishment: net::ERR_CONNECTION_REFUSED @ http://localhost:5173/@vite/client:1034
[26058866ms] [ERROR] WebSocket connection to 'ws://localhost:5173/' failed: Error in connection establishment: net::ERR_CONNECTION_REFUSED @ http://localhost:5173/@vite/client:1034
[26063107ms] [ERROR] WebSocket connection to 'ws://localhost:5173/' failed: Error in connection establishment: net::ERR_CONNECTION_REFUSED @ http://localhost:5173/@vite/client:1034
[26066218ms] [ERROR] WebSocket connection to 'ws://localhost:5173/' failed: Error in connection establishment: net::ERR_CONNECTION_REFUSED @ http://localhost:5173/@vite/client:1034
[26068433ms] [ERROR] WebSocket connection to 'ws://localhost:5173/' failed: Error in connection establishment: net::ERR_CONNECTION_REFUSED @ http://localhost:5173/@vite/client:1034
[26092189ms] [ERROR] WebSocket connection to 'ws://localhost:5173/' failed: Error in connection establishment: net::ERR_CONNECTION_REFUSED @ http://localhost:5173/@vite/client:1034
[26097335ms] [ERROR] WebSocket connection to 'ws://localhost:5173/' failed: Error in connection establishment: net::ERR_CONNECTION_REFUSED @ http://localhost:5173/@vite/client:1034
[26103055ms] [ERROR] WebSocket connection to 'ws://localhost:5173/' failed: Error in connection establishment: net::ERR_CONNECTION_REFUSED @ http://localhost:5173/@vite/client:1034
[26107937ms] [ERROR] WebSocket connection to 'ws://localhost:5173/' failed: Error in connection establishment: net::ERR_CONNECTION_REFUSED @ http://localhost:5173/@vite/client:1034
[26112913ms] [ERROR] WebSocket connection to 'ws://localhost:5173/' failed: Error in connection establishment: net::ERR_CONNECTION_REFUSED @ http://localhost:5173/@vite/client:1034
[26118719ms] [ERROR] WebSocket connection to 'ws://localhost:5173/' failed: Error in connection establishment: net::ERR_CONNECTION_REFUSED @ http://localhost:5173/@vite/client:1034
[26121606ms] [ERROR] WebSocket connection to 'ws://localhost:5173/' failed: Error in connection establishment: net::ERR_CONNECTION_REFUSED @ http://localhost:5173/@vite/client:1034
[26125206ms] [ERROR] WebSocket connection to 'ws://localhost:5173/' failed: Error in connection establishment: net::ERR_CONNECTION_REFUSED @ http://localhost:5173/@vite/client:1034
[26127594ms] [ERROR] WebSocket connection to 'ws://localhost:5173/' failed: Error in connection establishment: net::ERR_CONNECTION_REFUSED @ http://localhost:5173/@vite/client:1034
[26130570ms] [ERROR] WebSocket connection to 'ws://localhost:5173/' failed: Error in connection establishment: net::ERR_CONNECTION_REFUSED @ http://localhost:5173/@vite/client:1034
[26135092ms] [ERROR] WebSocket connection to 'ws://localhost:5173/' failed: Error in connection establishment: net::ERR_CONNECTION_REFUSED @ http://localhost:5173/@vite/client:1034
[26140024ms] [ERROR] WebSocket connection to 'ws://localhost:5173/' failed: Error in connection establishment: net::ERR_CONNECTION_REFUSED @ http://localhost:5173/@vite/client:1034
[26142770ms] [ERROR] WebSocket connection to 'ws://localhost:5173/' failed: Error in connection establishment: net::ERR_CONNECTION_REFUSED @ http://localhost:5173/@vite/client:1034
[26148104ms] [ERROR] WebSocket connection to 'ws://localhost:5173/' failed: Error in connection establishment: net::ERR_CONNECTION_REFUSED @ http://localhost:5173/@vite/client:1034
[26151742ms] [ERROR] WebSocket connection to 'ws://localhost:5173/' failed: Error in connection establishment: net::ERR_CONNECTION_REFUSED @ http://localhost:5173/@vite/client:1034
[26155746ms] [ERROR] WebSocket connection to 'ws://localhost:5173/' failed: Error in connection establishment: net::ERR_CONNECTION_REFUSED @ http://localhost:5173/@vite/client:1034
[26159221ms] [ERROR] WebSocket connection to 'ws://localhost:5173/' failed: Error in connection establishment: net::ERR_CONNECTION_REFUSED @ http://localhost:5173/@vite/client:1034
[26164298ms] [ERROR] WebSocket connection to 'ws://localhost:5173/' failed: Error in connection establishment: net::ERR_CONNECTION_REFUSED @ http://localhost:5173/@vite/client:1034
[26169861ms] [ERROR] WebSocket connection to 'ws://localhost:5173/' failed: Error in connection establishment: net::ERR_CONNECTION_REFUSED @ http://localhost:5173/@vite/client:1034
[26172990ms] [ERROR] WebSocket connection to 'ws://localhost:5173/' failed: Error in connection establishment: net::ERR_CONNECTION_REFUSED @ http://localhost:5173/@vite/client:1034
[26175802ms] [ERROR] WebSocket connection to 'ws://localhost:5173/' failed: Error in connection establishment: net::ERR_CONNECTION_REFUSED @ http://localhost:5173/@vite/client:1034
[26181131ms] [ERROR] WebSocket connection to 'ws://localhost:5173/' failed: Error in connection establishment: net::ERR_CONNECTION_REFUSED @ http://localhost:5173/@vite/client:1034
[26186638ms] [ERROR] WebSocket connection to 'ws://localhost:5173/' failed: Error in connection establishment: net::ERR_CONNECTION_REFUSED @ http://localhost:5173/@vite/client:1034
[26190260ms] [ERROR] WebSocket connection to 'ws://localhost:5173/' failed: Error in connection establishment: net::ERR_CONNECTION_REFUSED @ http://localhost:5173/@vite/client:1034
[26194312ms] [ERROR] WebSocket connection to 'ws://localhost:5173/' failed: Error in connection establishment: net::ERR_CONNECTION_REFUSED @ http://localhost:5173/@vite/client:1034
[26199260ms] [ERROR] WebSocket connection to 'ws://localhost:5173/' failed: Error in connection establishment: net::ERR_CONNECTION_REFUSED @ http://localhost:5173/@vite/client:1034
[26201398ms] [ERROR] WebSocket connection to 'ws://localhost:5173/' failed: Error in connection establishment: net::ERR_CONNECTION_REFUSED @ http://localhost:5173/@vite/client:1034
[26204653ms] [ERROR] WebSocket connection to 'ws://localhost:5173/' failed: Error in connection establishment: net::ERR_CONNECTION_REFUSED @ http://localhost:5173/@vite/client:1034
[26208801ms] [ERROR] WebSocket connection to 'ws://localhost:5173/' failed: Error in connection establishment: net::ERR_CONNECTION_REFUSED @ http://localhost:5173/@vite/client:1034
[26212783ms] [ERROR] WebSocket connection to 'ws://localhost:5173/' failed: Error in connection establishment: net::ERR_CONNECTION_REFUSED @ http://localhost:5173/@vite/client:1034
[26216089ms] [ERROR] WebSocket connection to 'ws://localhost:5173/' failed: Error in connection establishment: net::ERR_CONNECTION_REFUSED @ http://localhost:5173/@vite/client:1034
[26217096ms] [ERROR] WebSocket connection to 'ws://localhost:5173/' failed: Error in connection establishment: net::ERR_CONNECTION_REFUSED @ http://localhost:5173/@vite/client:1034
[26218100ms] [ERROR] WebSocket connection to 'ws://localhost:5173/' failed: Error in connection establishment: net::ERR_CONNECTION_REFUSED @ http://localhost:5173/@vite/client:1034
[26219103ms] [ERROR] WebSocket connection to 'ws://localhost:5173/' failed: Error in connection establishment: net::ERR_CONNECTION_REFUSED @ http://localhost:5173/@vite/client:1034
[26220107ms] [ERROR] WebSocket connection to 'ws://localhost:5173/' failed: Error in connection establishment: net::ERR_CONNECTION_REFUSED @ http://localhost:5173/@vite/client:1034
[26221113ms] [ERROR] WebSocket connection to 'ws://localhost:5173/' failed: Error in connection establishment: net::ERR_CONNECTION_REFUSED @ http://localhost:5173/@vite/client:1034
[26222124ms] [ERROR] WebSocket connection to 'ws://localhost:5173/' failed: Error in connection establishment: net::ERR_CONNECTION_REFUSED @ http://localhost:5173/@vite/client:1034
[26223137ms] [ERROR] WebSocket connection to 'ws://localhost:5173/' failed: Error in connection establishment: net::ERR_CONNECTION_REFUSED @ http://localhost:5173/@vite/client:1034
[26224155ms] [ERROR] WebSocket connection to 'ws://localhost:5173/' failed: Error in connection establishment: net::ERR_CONNECTION_REFUSED @ http://localhost:5173/@vite/client:1034
[26225186ms] [ERROR] WebSocket connection to 'ws://localhost:5173/' failed: Error in connection establishment: net::ERR_CONNECTION_REFUSED @ http://localhost:5173/@vite/client:1034
[26226244ms] [ERROR] WebSocket connection to 'ws://localhost:5173/' failed: Error in connection establishment: net::ERR_CONNECTION_REFUSED @ http://localhost:5173/@vite/client:1034
[26227359ms] [ERROR] WebSocket connection to 'ws://localhost:5173/' failed: Error in connection establishment: net::ERR_CONNECTION_REFUSED @ http://localhost:5173/@vite/client:1034
[26228559ms] [ERROR] WebSocket connection to 'ws://localhost:5173/' failed: Error in connection establishment: net::ERR_CONNECTION_REFUSED @ http://localhost:5173/@vite/client:1034
[26229729ms] [ERROR] WebSocket connection to 'ws://localhost:5173/' failed: Error in connection establishment: net::ERR_CONNECTION_REFUSED @ http://localhost:5173/@vite/client:1034
[26231658ms] [ERROR] WebSocket connection to 'ws://localhost:5173/' failed: Error in connection establishment: net::ERR_CONNECTION_REFUSED @ http://localhost:5173/@vite/client:1034
[26233701ms] [ERROR] WebSocket connection to 'ws://localhost:5173/' failed: Error in connection establishment: net::ERR_CONNECTION_REFUSED @ http://localhost:5173/@vite/client:1034
[26237489ms] [ERROR] WebSocket connection to 'ws://localhost:5173/' failed: Error in connection establishment: net::ERR_CONNECTION_REFUSED @ http://localhost:5173/@vite/client:1034
[26242658ms] [ERROR] WebSocket connection to 'ws://localhost:5173/' failed: Error in connection establishment: net::ERR_CONNECTION_REFUSED @ http://localhost:5173/@vite/client:1034
[26245263ms] [ERROR] WebSocket connection to 'ws://localhost:5173/' failed: Error in connection establishment: net::ERR_CONNECTION_REFUSED @ http://localhost:5173/@vite/client:1034
[26249347ms] [ERROR] WebSocket connection to 'ws://localhost:5173/' failed: Error in connection establishment: net::ERR_CONNECTION_REFUSED @ http://localhost:5173/@vite/client:1034
[26251369ms] [ERROR] WebSocket connection to 'ws://localhost:5173/' failed: Error in connection establishment: net::ERR_CONNECTION_REFUSED @ http://localhost:5173/@vite/client:1034
[26257227ms] [ERROR] WebSocket connection to 'ws://localhost:5173/' failed: Error in connection establishment: net::ERR_CONNECTION_REFUSED @ http://localhost:5173/@vite/client:1034
[26260538ms] [ERROR] WebSocket connection to 'ws://localhost:5173/' failed: Error in connection establishment: net::ERR_CONNECTION_REFUSED @ http://localhost:5173/@vite/client:1034
[26263940ms] [ERROR] WebSocket connection to 'ws://localhost:5173/' failed: Error in connection establishment: net::ERR_CONNECTION_REFUSED @ http://localhost:5173/@vite/client:1034
[26270660ms] [ERROR] WebSocket connection to 'ws://localhost:5173/' failed: Error in connection establishment: net::ERR_CONNECTION_REFUSED @ http://localhost:5173/@vite/client:1034
[26274933ms] [ERROR] WebSocket connection to 'ws://localhost:5173/' failed: Error in connection establishment: net::ERR_CONNECTION_REFUSED @ http://localhost:5173/@vite/client:1034
[26280589ms] [ERROR] WebSocket connection to 'ws://localhost:5173/' failed: Error in connection establishment: net::ERR_CONNECTION_REFUSED @ http://localhost:5173/@vite/client:1034
[26282785ms] [ERROR] WebSocket connection to 'ws://localhost:5173/' failed: Error in connection establishment: net::ERR_CONNECTION_REFUSED @ http://localhost:5173/@vite/client:1034
[26285691ms] [ERROR] WebSocket connection to 'ws://localhost:5173/' failed: Error in connection establishment: net::ERR_CONNECTION_REFUSED @ http://localhost:5173/@vite/client:1034
[26287889ms] [ERROR] WebSocket connection to 'ws://localhost:5173/' failed: Error in connection establishment: net::ERR_CONNECTION_REFUSED @ http://localhost:5173/@vite/client:1034
[26293192ms] [ERROR] WebSocket connection to 'ws://localhost:5173/' failed: Error in connection establishment: net::ERR_CONNECTION_REFUSED @ http://localhost:5173/@vite/client:1034
[26297064ms] [ERROR] WebSocket connection to 'ws://localhost:5173/' failed: Error in connection establishment: net::ERR_CONNECTION_REFUSED @ http://localhost:5173/@vite/client:1034
[26301471ms] [ERROR] WebSocket connection to 'ws://localhost:5173/' failed: Error in connection establishment: net::ERR_CONNECTION_REFUSED @ http://localhost:5173/@vite/client:1034
[26307208ms] [ERROR] WebSocket connection to 'ws://localhost:5173/' failed: Error in connection establishment: net::ERR_CONNECTION_REFUSED @ http://localhost:5173/@vite/client:1034
[26312015ms] [ERROR] WebSocket connection to 'ws://localhost:5173/' failed: Error in connection establishment: net::ERR_CONNECTION_REFUSED @ http://localhost:5173/@vite/client:1034
[26316109ms] [ERROR] WebSocket connection to 'ws://localhost:5173/' failed: Error in connection establishment: net::ERR_CONNECTION_REFUSED @ http://localhost:5173/@vite/client:1034
[26322009ms] [ERROR] WebSocket connection to 'ws://localhost:5173/' failed: Error in connection establishment: net::ERR_CONNECTION_REFUSED @ http://localhost:5173/@vite/client:1034
[26326263ms] [ERROR] WebSocket connection to 'ws://localhost:5173/' failed: Error in connection establishment: net::ERR_CONNECTION_REFUSED @ http://localhost:5173/@vite/client:1034
[26328308ms] [ERROR] WebSocket connection to 'ws://localhost:5173/' failed: Error in connection establishment: net::ERR_CONNECTION_REFUSED @ http://localhost:5173/@vite/client:1034
[26330497ms] [ERROR] WebSocket connection to 'ws://localhost:5173/' failed: Error in connection establishment: net::ERR_CONNECTION_REFUSED @ http://localhost:5173/@vite/client:1034
[26397384ms] [ERROR] WebSocket connection to 'ws://localhost:5173/' failed: Error in connection establishment: net::ERR_CONNECTION_REFUSED @ http://localhost:5173/@vite/client:1034
[26401989ms] [ERROR] WebSocket connection to 'ws://localhost:5173/' failed: Error in connection establishment: net::ERR_CONNECTION_REFUSED @ http://localhost:5173/@vite/client:1034
[26405274ms] [ERROR] WebSocket connection to 'ws://localhost:5173/' failed: Error in connection establishment: net::ERR_CONNECTION_REFUSED @ http://localhost:5173/@vite/client:1034
[26407829ms] [ERROR] WebSocket connection to 'ws://localhost:5173/' failed: Error in connection establishment: net::ERR_CONNECTION_REFUSED @ http://localhost:5173/@vite/client:1034
[26411822ms] [ERROR] WebSocket connection to 'ws://localhost:5173/' failed: Error in connection establishment: net::ERR_CONNECTION_REFUSED @ http://localhost:5173/@vite/client:1034
[26414344ms] [ERROR] WebSocket connection to 'ws://localhost:5173/' failed: Error in connection establishment: net::ERR_CONNECTION_REFUSED @ http://localhost:5173/@vite/client:1034
[26486922ms] [ERROR] WebSocket connection to 'ws://localhost:5173/' failed: Error in connection establishment: net::ERR_CONNECTION_REFUSED @ http://localhost:5173/@vite/client:1034
[26489283ms] [ERROR] WebSocket connection to 'ws://localhost:5173/' failed: Error in connection establishment: net::ERR_CONNECTION_REFUSED @ http://localhost:5173/@vite/client:1034
[26493057ms] [ERROR] WebSocket connection to 'ws://localhost:5173/' failed: Error in connection establishment: net::ERR_CONNECTION_REFUSED @ http://localhost:5173/@vite/client:1034
[26495245ms] [ERROR] WebSocket connection to 'ws://localhost:5173/' failed: Error in connection establishment: net::ERR_CONNECTION_REFUSED @ http://localhost:5173/@vite/client:1034
[26499695ms] [ERROR] WebSocket connection to 'ws://localhost:5173/' failed: Error in connection establishment: net::ERR_CONNECTION_REFUSED @ http://localhost:5173/@vite/client:1034
[26587816ms] [ERROR] WebSocket connection to 'ws://localhost:5173/' failed: Error in connection establishment: net::ERR_CONNECTION_REFUSED @ http://localhost:5173/@vite/client:1034
[26590196ms] [ERROR] WebSocket connection to 'ws://localhost:5173/' failed: Error in connection establishment: net::ERR_CONNECTION_REFUSED @ http://localhost:5173/@vite/client:1034
[26592275ms] [ERROR] WebSocket connection to 'ws://localhost:5173/' failed: Error in connection establishment: net::ERR_CONNECTION_REFUSED @ http://localhost:5173/@vite/client:1034
[26597848ms] [ERROR] WebSocket connection to 'ws://localhost:5173/' failed: Error in connection establishment: net::ERR_CONNECTION_REFUSED @ http://localhost:5173/@vite/client:1034
[26600415ms] [ERROR] WebSocket connection to 'ws://localhost:5173/' failed: Error in connection establishment: net::ERR_CONNECTION_REFUSED @ http://localhost:5173/@vite/client:1034
[26605740ms] [ERROR] WebSocket connection to 'ws://localhost:5173/' failed: Error in connection establishment: net::ERR_CONNECTION_REFUSED @ http://localhost:5173/@vite/client:1034
[26709840ms] [ERROR] WebSocket connection to 'ws://localhost:5173/' failed: Error in connection establishment: net::ERR_CONNECTION_REFUSED @ http://localhost:5173/@vite/client:1034
[26713201ms] [ERROR] WebSocket connection to 'ws://localhost:5173/' failed: Error in connection establishment: net::ERR_CONNECTION_REFUSED @ http://localhost:5173/@vite/client:1034
[26715905ms] [ERROR] WebSocket connection to 'ws://localhost:5173/' failed: Error in connection establishment: net::ERR_CONNECTION_REFUSED @ http://localhost:5173/@vite/client:1034
[26720440ms] [ERROR] WebSocket connection to 'ws://localhost:5173/' failed: Error in connection establishment: net::ERR_CONNECTION_REFUSED @ http://localhost:5173/@vite/client:1034
[26723283ms] [ERROR] WebSocket connection to 'ws://localhost:5173/' failed: Error in connection establishment: net::ERR_CONNECTION_REFUSED @ http://localhost:5173/@vite/client:1034
[26796057ms] [ERROR] WebSocket connection to 'ws://localhost:5173/' failed: Error in connection establishment: net::ERR_CONNECTION_REFUSED @ http://localhost:5173/@vite/client:1034
[26800040ms] [ERROR] WebSocket connection to 'ws://localhost:5173/' failed: Error in connection establishment: net::ERR_CONNECTION_REFUSED @ http://localhost:5173/@vite/client:1034
[26805318ms] [ERROR] WebSocket connection to 'ws://localhost:5173/' failed: Error in connection establishment: net::ERR_CONNECTION_REFUSED @ http://localhost:5173/@vite/client:1034
[26809437ms] [ERROR] WebSocket connection to 'ws://localhost:5173/' failed: Error in connection establishment: net::ERR_CONNECTION_REFUSED @ http://localhost:5173/@vite/client:1034
[26814335ms] [ERROR] WebSocket connection to 'ws://localhost:5173/' failed: Error in connection establishment: net::ERR_CONNECTION_REFUSED @ http://localhost:5173/@vite/client:1034
[26818889ms] [ERROR] WebSocket connection to 'ws://localhost:5173/' failed: Error in connection establishment: net::ERR_CONNECTION_REFUSED @ http://localhost:5173/@vite/client:1034
[26824170ms] [ERROR] WebSocket connection to 'ws://localhost:5173/' failed: Error in connection establishment: net::ERR_CONNECTION_REFUSED @ http://localhost:5173/@vite/client:1034
[26828796ms] [ERROR] WebSocket connection to 'ws://localhost:5173/' failed: Error in connection establishment: net::ERR_CONNECTION_REFUSED @ http://localhost:5173/@vite/client:1034
[26834804ms] [ERROR] WebSocket connection to 'ws://localhost:5173/' failed: Error in connection establishment: net::ERR_CONNECTION_REFUSED @ http://localhost:5173/@vite/client:1034
[26839546ms] [ERROR] WebSocket connection to 'ws://localhost:5173/' failed: Error in connection establishment: net::ERR_CONNECTION_REFUSED @ http://localhost:5173/@vite/client:1034
[26842788ms] [ERROR] WebSocket connection to 'ws://localhost:5173/' failed: Error in connection establishment: net::ERR_CONNECTION_REFUSED @ http://localhost:5173/@vite/client:1034
[26848434ms] [ERROR] WebSocket connection to 'ws://localhost:5173/' failed: Error in connection establishment: net::ERR_CONNECTION_REFUSED @ http://localhost:5173/@vite/client:1034
[26853464ms] [ERROR] WebSocket connection to 'ws://localhost:5173/' failed: Error in connection establishment: net::ERR_CONNECTION_REFUSED @ http://localhost:5173/@vite/client:1034
[26897022ms] [ERROR] WebSocket connection to 'ws://localhost:5173/' failed: Error in connection establishment: net::ERR_CONNECTION_REFUSED @ http://localhost:5173/@vite/client:1034
[26900150ms] [ERROR] WebSocket connection to 'ws://localhost:5173/' failed: Error in connection establishment: net::ERR_CONNECTION_REFUSED @ http://localhost:5173/@vite/client:1034
[26903791ms] [ERROR] WebSocket connection to 'ws://localhost:5173/' failed: Error in connection establishment: net::ERR_CONNECTION_REFUSED @ http://localhost:5173/@vite/client:1034
[26906138ms] [ERROR] WebSocket connection to 'ws://localhost:5173/' failed: Error in connection establishment: net::ERR_CONNECTION_REFUSED @ http://localhost:5173/@vite/client:1034
[26911922ms] [ERROR] WebSocket connection to 'ws://localhost:5173/' failed: Error in connection establishment: net::ERR_CONNECTION_REFUSED @ http://localhost:5173/@vite/client:1034
[26930673ms] [ERROR] WebSocket connection to 'ws://localhost:5173/' failed: Error in connection establishment: net::ERR_CONNECTION_REFUSED @ http://localhost:5173/@vite/client:1034
[26935835ms] [ERROR] WebSocket connection to 'ws://localhost:5173/' failed: Error in connection establishment: net::ERR_CONNECTION_REFUSED @ http://localhost:5173/@vite/client:1034
[26941620ms] [ERROR] WebSocket connection to 'ws://localhost:5173/' failed: Error in connection establishment: net::ERR_CONNECTION_REFUSED @ http://localhost:5173/@vite/client:1034
[26944488ms] [ERROR] WebSocket connection to 'ws://localhost:5173/' failed: Error in connection establishment: net::ERR_CONNECTION_REFUSED @ http://localhost:5173/@vite/client:1034
[26947048ms] [ERROR] WebSocket connection to 'ws://localhost:5173/' failed: Error in connection establishment: net::ERR_CONNECTION_REFUSED @ http://localhost:5173/@vite/client:1034
[27148509ms] [ERROR] WebSocket connection to 'ws://localhost:5173/' failed: Error in connection establishment: net::ERR_CONNECTION_REFUSED @ http://localhost:5173/@vite/client:1034
[27153913ms] [ERROR] WebSocket connection to 'ws://localhost:5173/' failed: Error in connection establishment: net::ERR_CONNECTION_REFUSED @ http://localhost:5173/@vite/client:1034
[27156058ms] [ERROR] WebSocket connection to 'ws://localhost:5173/' failed: Error in connection establishment: net::ERR_CONNECTION_REFUSED @ http://localhost:5173/@vite/client:1034
[27158671ms] [ERROR] WebSocket connection to 'ws://localhost:5173/' failed: Error in connection establishment: net::ERR_CONNECTION_REFUSED @ http://localhost:5173/@vite/client:1034
[27163523ms] [ERROR] WebSocket connection to 'ws://localhost:5173/' failed: Error in connection establishment: net::ERR_CONNECTION_REFUSED @ http://localhost:5173/@vite/client:1034
[27165842ms] [ERROR] WebSocket connection to 'ws://localhost:5173/' failed: Error in connection establishment: net::ERR_CONNECTION_REFUSED @ http://localhost:5173/@vite/client:1034
[27168963ms] [ERROR] WebSocket connection to 'ws://localhost:5173/' failed: Error in connection establishment: net::ERR_CONNECTION_REFUSED @ http://localhost:5173/@vite/client:1034
[27172676ms] [ERROR] WebSocket connection to 'ws://localhost:5173/' failed: Error in connection establishment: net::ERR_CONNECTION_REFUSED @ http://localhost:5173/@vite/client:1034
[27176766ms] [ERROR] WebSocket connection to 'ws://localhost:5173/' failed: Error in connection establishment: net::ERR_CONNECTION_REFUSED @ http://localhost:5173/@vite/client:1034
[27179705ms] [ERROR] WebSocket connection to 'ws://localhost:5173/' failed: Error in connection establishment: net::ERR_CONNECTION_REFUSED @ http://localhost:5173/@vite/client:1034
[27185612ms] [ERROR] WebSocket connection to 'ws://localhost:5173/' failed: Error in connection establishment: net::ERR_CONNECTION_REFUSED @ http://localhost:5173/@vite/client:1034
[27188296ms] [ERROR] WebSocket connection to 'ws://localhost:5173/' failed: Error in connection establishment: net::ERR_CONNECTION_REFUSED @ http://localhost:5173/@vite/client:1034
[27191888ms] [ERROR] WebSocket connection to 'ws://localhost:5173/' failed: Error in connection establishment: net::ERR_CONNECTION_REFUSED @ http://localhost:5173/@vite/client:1034
[27195881ms] [ERROR] WebSocket connection to 'ws://localhost:5173/' failed: Error in connection establishment: net::ERR_CONNECTION_REFUSED @ http://localhost:5173/@vite/client:1034
[27198585ms] [ERROR] WebSocket connection to 'ws://localhost:5173/' failed: Error in connection establishment: net::ERR_CONNECTION_REFUSED @ http://localhost:5173/@vite/client:1034
[27202788ms] [ERROR] WebSocket connection to 'ws://localhost:5173/' failed: Error in connection establishment: net::ERR_CONNECTION_REFUSED @ http://localhost:5173/@vite/client:1034
[27205488ms] [ERROR] WebSocket connection to 'ws://localhost:5173/' failed: Error in connection establishment: net::ERR_CONNECTION_REFUSED @ http://localhost:5173/@vite/client:1034
[27207845ms] [ERROR] WebSocket connection to 'ws://localhost:5173/' failed: Error in connection establishment: net::ERR_CONNECTION_REFUSED @ http://localhost:5173/@vite/client:1034
[27211005ms] [ERROR] WebSocket connection to 'ws://localhost:5173/' failed: Error in connection establishment: net::ERR_CONNECTION_REFUSED @ http://localhost:5173/@vite/client:1034
[27213275ms] [ERROR] WebSocket connection to 'ws://localhost:5173/' failed: Error in connection establishment: net::ERR_CONNECTION_REFUSED @ http://localhost:5173/@vite/client:1034
[27216602ms] [ERROR] WebSocket connection to 'ws://localhost:5173/' failed: Error in connection establishment: net::ERR_CONNECTION_REFUSED @ http://localhost:5173/@vite/client:1034
[27362532ms] [ERROR] WebSocket connection to 'ws://localhost:5173/' failed: Error in connection establishment: net::ERR_CONNECTION_REFUSED @ http://localhost:5173/@vite/client:1034
[27364604ms] [ERROR] WebSocket connection to 'ws://localhost:5173/' failed: Error in connection establishment: net::ERR_CONNECTION_REFUSED @ http://localhost:5173/@vite/client:1034
[27367345ms] [ERROR] WebSocket connection to 'ws://localhost:5173/' failed: Error in connection establishment: net::ERR_CONNECTION_REFUSED @ http://localhost:5173/@vite/client:1034
[27370655ms] [ERROR] WebSocket connection to 'ws://localhost:5173/' failed: Error in connection establishment: net::ERR_CONNECTION_REFUSED @ http://localhost:5173/@vite/client:1034
[27372662ms] [ERROR] WebSocket connection to 'ws://localhost:5173/' failed: Error in connection establishment: net::ERR_CONNECTION_REFUSED @ http://localhost:5173/@vite/client:1034
[27376019ms] [ERROR] WebSocket connection to 'ws://localhost:5173/' failed: Error in connection establishment: net::ERR_CONNECTION_REFUSED @ http://localhost:5173/@vite/client:1034
[27378257ms] [ERROR] WebSocket connection to 'ws://localhost:5173/' failed: Error in connection establishment: net::ERR_CONNECTION_REFUSED @ http://localhost:5173/@vite/client:1034
[27382311ms] [ERROR] WebSocket connection to 'ws://localhost:5173/' failed: Error in connection establishment: net::ERR_CONNECTION_REFUSED @ http://localhost:5173/@vite/client:1034
[27385759ms] [ERROR] WebSocket connection to 'ws://localhost:5173/' failed: Error in connection establishment: net::ERR_CONNECTION_REFUSED @ http://localhost:5173/@vite/client:1034
[27389150ms] [ERROR] WebSocket connection to 'ws://localhost:5173/' failed: Error in connection establishment: net::ERR_CONNECTION_REFUSED @ http://localhost:5173/@vite/client:1034
[27391803ms] [ERROR] WebSocket connection to 'ws://localhost:5173/' failed: Error in connection establishment: net::ERR_CONNECTION_REFUSED @ http://localhost:5173/@vite/client:1034
[27396989ms] [ERROR] WebSocket connection to 'ws://localhost:5173/' failed: Error in connection establishment: net::ERR_CONNECTION_REFUSED @ http://localhost:5173/@vite/client:1034
[27400717ms] [ERROR] WebSocket connection to 'ws://localhost:5173/' failed: Error in connection establishment: net::ERR_CONNECTION_REFUSED @ http://localhost:5173/@vite/client:1034
[27404038ms] [ERROR] WebSocket connection to 'ws://localhost:5173/' failed: Error in connection establishment: net::ERR_CONNECTION_REFUSED @ http://localhost:5173/@vite/client:1034
[27408906ms] [ERROR] WebSocket connection to 'ws://localhost:5173/' failed: Error in connection establishment: net::ERR_CONNECTION_REFUSED @ http://localhost:5173/@vite/client:1034
[27438019ms] [ERROR] WebSocket connection to 'ws://localhost:5173/' failed: Error in connection establishment: net::ERR_CONNECTION_REFUSED @ http://localhost:5173/@vite/client:1034
[27441911ms] [ERROR] WebSocket connection to 'ws://localhost:5173/' failed: Error in connection establishment: net::ERR_CONNECTION_REFUSED @ http://localhost:5173/@vite/client:1034
[27446649ms] [ERROR] WebSocket connection to 'ws://localhost:5173/' failed: Error in connection establishment: net::ERR_CONNECTION_REFUSED @ http://localhost:5173/@vite/client:1034
[27451629ms] [ERROR] WebSocket connection to 'ws://localhost:5173/' failed: Error in connection establishment: net::ERR_CONNECTION_REFUSED @ http://localhost:5173/@vite/client:1034
[27455361ms] [ERROR] WebSocket connection to 'ws://localhost:5173/' failed: Error in connection establishment: net::ERR_CONNECTION_REFUSED @ http://localhost:5173/@vite/client:1034
[27459126ms] [ERROR] WebSocket connection to 'ws://localhost:5173/' failed: Error in connection establishment: net::ERR_CONNECTION_REFUSED @ http://localhost:5173/@vite/client:1034
[27461194ms] [ERROR] WebSocket connection to 'ws://localhost:5173/' failed: Error in connection establishment: net::ERR_CONNECTION_REFUSED @ http://localhost:5173/@vite/client:1034
[27546397ms] [ERROR] WebSocket connection to 'ws://localhost:5173/' failed: Error in connection establishment: net::ERR_CONNECTION_REFUSED @ http://localhost:5173/@vite/client:1034
[27550454ms] [ERROR] WebSocket connection to 'ws://localhost:5173/' failed: Error in connection establishment: net::ERR_CONNECTION_REFUSED @ http://localhost:5173/@vite/client:1034
[27553201ms] [ERROR] WebSocket connection to 'ws://localhost:5173/' failed: Error in connection establishment: net::ERR_CONNECTION_REFUSED @ http://localhost:5173/@vite/client:1034
[27555759ms] [ERROR] WebSocket connection to 'ws://localhost:5173/' failed: Error in connection establishment: net::ERR_CONNECTION_REFUSED @ http://localhost:5173/@vite/client:1034
[27559484ms] [ERROR] WebSocket connection to 'ws://localhost:5173/' failed: Error in connection establishment: net::ERR_CONNECTION_REFUSED @ http://localhost:5173/@vite/client:1034
[27562950ms] [ERROR] WebSocket connection to 'ws://localhost:5173/' failed: Error in connection establishment: net::ERR_CONNECTION_REFUSED @ http://localhost:5173/@vite/client:1034
[27566504ms] [ERROR] WebSocket connection to 'ws://localhost:5173/' failed: Error in connection establishment: net::ERR_CONNECTION_REFUSED @ http://localhost:5173/@vite/client:1034
[27571889ms] [ERROR] WebSocket connection to 'ws://localhost:5173/' failed: Error in connection establishment: net::ERR_CONNECTION_REFUSED @ http://localhost:5173/@vite/client:1034
[27572913ms] [ERROR] WebSocket connection to 'ws://localhost:5173/' failed: Error in connection establishment: net::ERR_CONNECTION_REFUSED @ http://localhost:5173/@vite/client:1034
[27573951ms] [ERROR] WebSocket connection to 'ws://localhost:5173/' failed: Error in connection establishment: net::ERR_CONNECTION_REFUSED @ http://localhost:5173/@vite/client:1034
[27574971ms] [ERROR] WebSocket connection to 'ws://localhost:5173/' failed: Error in connection establishment: net::ERR_CONNECTION_REFUSED @ http://localhost:5173/@vite/client:1034
[27575995ms] [ERROR] WebSocket connection to 'ws://localhost:5173/' failed: Error in connection establishment: net::ERR_CONNECTION_REFUSED @ http://localhost:5173/@vite/client:1034
[27577035ms] [ERROR] WebSocket connection to 'ws://localhost:5173/' failed: Error in connection establishment: net::ERR_CONNECTION_REFUSED @ http://localhost:5173/@vite/client:1034
[27578063ms] [ERROR] WebSocket connection to 'ws://localhost:5173/' failed: Error in connection establishment: net::ERR_CONNECTION_REFUSED @ http://localhost:5173/@vite/client:1034
[27579099ms] [ERROR] WebSocket connection to 'ws://localhost:5173/' failed: Error in connection establishment: net::ERR_CONNECTION_REFUSED @ http://localhost:5173/@vite/client:1034
[27580152ms] [ERROR] WebSocket connection to 'ws://localhost:5173/' failed: Error in connection establishment: net::ERR_CONNECTION_REFUSED @ http://localhost:5173/@vite/client:1034
[27581222ms] [ERROR] WebSocket connection to 'ws://localhost:5173/' failed: Error in connection establishment: net::ERR_CONNECTION_REFUSED @ http://localhost:5173/@vite/client:1034
[27582299ms] [ERROR] WebSocket connection to 'ws://localhost:5173/' failed: Error in connection establishment: net::ERR_CONNECTION_REFUSED @ http://localhost:5173/@vite/client:1034
[27583442ms] [ERROR] WebSocket connection to 'ws://localhost:5173/' failed: Error in connection establishment: net::ERR_CONNECTION_REFUSED @ http://localhost:5173/@vite/client:1034
[27584714ms] [ERROR] WebSocket connection to 'ws://localhost:5173/' failed: Error in connection establishment: net::ERR_CONNECTION_REFUSED @ http://localhost:5173/@vite/client:1034
[27585912ms] [ERROR] WebSocket connection to 'ws://localhost:5173/' failed: Error in connection establishment: net::ERR_CONNECTION_REFUSED @ http://localhost:5173/@vite/client:1034
[27588120ms] [ERROR] WebSocket connection to 'ws://localhost:5173/' failed: Error in connection establishment: net::ERR_CONNECTION_REFUSED @ http://localhost:5173/@vite/client:1034
[27591111ms] [ERROR] WebSocket connection to 'ws://localhost:5173/' failed: Error in connection establishment: net::ERR_CONNECTION_REFUSED @ http://localhost:5173/@vite/client:1034
[27596645ms] [ERROR] WebSocket connection to 'ws://localhost:5173/' failed: Error in connection establishment: net::ERR_CONNECTION_REFUSED @ http://localhost:5173/@vite/client:1034
[27600805ms] [ERROR] WebSocket connection to 'ws://localhost:5173/' failed: Error in connection establishment: net::ERR_CONNECTION_REFUSED @ http://localhost:5173/@vite/client:1034
[27603959ms] [ERROR] WebSocket connection to 'ws://localhost:5173/' failed: Error in connection establishment: net::ERR_CONNECTION_REFUSED @ http://localhost:5173/@vite/client:1034
[27607541ms] [ERROR] WebSocket connection to 'ws://localhost:5173/' failed: Error in connection establishment: net::ERR_CONNECTION_REFUSED @ http://localhost:5173/@vite/client:1034
[27763325ms] [ERROR] WebSocket connection to 'ws://localhost:5173/' failed: Error in connection establishment: net::ERR_CONNECTION_REFUSED @ http://localhost:5173/@vite/client:1034
[27767641ms] [ERROR] WebSocket connection to 'ws://localhost:5173/' failed: Error in connection establishment: net::ERR_CONNECTION_REFUSED @ http://localhost:5173/@vite/client:1034
[27772320ms] [ERROR] WebSocket connection to 'ws://localhost:5173/' failed: Error in connection establishment: net::ERR_CONNECTION_REFUSED @ http://localhost:5173/@vite/client:1034
[27776329ms] [ERROR] WebSocket connection to 'ws://localhost:5173/' failed: Error in connection establishment: net::ERR_CONNECTION_REFUSED @ http://localhost:5173/@vite/client:1034
[27779670ms] [ERROR] WebSocket connection to 'ws://localhost:5173/' failed: Error in connection establishment: net::ERR_CONNECTION_REFUSED @ http://localhost:5173/@vite/client:1034
[27785352ms] [ERROR] WebSocket connection to 'ws://localhost:5173/' failed: Error in connection establishment: net::ERR_CONNECTION_REFUSED @ http://localhost:5173/@vite/client:1034
[27830457ms] [ERROR] WebSocket connection to 'ws://localhost:5173/' failed: Error in connection establishment: net::ERR_CONNECTION_REFUSED @ http://localhost:5173/@vite/client:1034
[27835624ms] [ERROR] WebSocket connection to 'ws://localhost:5173/' failed: Error in connection establishment: net::ERR_CONNECTION_REFUSED @ http://localhost:5173/@vite/client:1034
[27839043ms] [ERROR] WebSocket connection to 'ws://localhost:5173/' failed: Error in connection establishment: net::ERR_CONNECTION_REFUSED @ http://localhost:5173/@vite/client:1034
[27841517ms] [ERROR] WebSocket connection to 'ws://localhost:5173/' failed: Error in connection establishment: net::ERR_CONNECTION_REFUSED @ http://localhost:5173/@vite/client:1034
[27845723ms] [ERROR] WebSocket connection to 'ws://localhost:5173/' failed: Error in connection establishment: net::ERR_CONNECTION_REFUSED @ http://localhost:5173/@vite/client:1034
[27886000ms] [ERROR] WebSocket connection to 'ws://localhost:5173/' failed: Error in connection establishment: net::ERR_CONNECTION_REFUSED @ http://localhost:5173/@vite/client:1034
[27889013ms] [ERROR] WebSocket connection to 'ws://localhost:5173/' failed: Error in connection establishment: net::ERR_CONNECTION_REFUSED @ http://localhost:5173/@vite/client:1034
[27892715ms] [ERROR] WebSocket connection to 'ws://localhost:5173/' failed: Error in connection establishment: net::ERR_CONNECTION_REFUSED @ http://localhost:5173/@vite/client:1034
[27896008ms] [ERROR] WebSocket connection to 'ws://localhost:5173/' failed: Error in connection establishment: net::ERR_CONNECTION_REFUSED @ http://localhost:5173/@vite/client:1034
[27899726ms] [ERROR] WebSocket connection to 'ws://localhost:5173/' failed: Error in connection establishment: net::ERR_CONNECTION_REFUSED @ http://localhost:5173/@vite/client:1034
[27997782ms] [ERROR] WebSocket connection to 'ws://localhost:5173/' failed: Error in connection establishment: net::ERR_CONNECTION_REFUSED @ http://localhost:5173/@vite/client:1034
[28001234ms] [ERROR] WebSocket connection to 'ws://localhost:5173/' failed: Error in connection establishment: net::ERR_CONNECTION_REFUSED @ http://localhost:5173/@vite/client:1034
[28006058ms] [ERROR] WebSocket connection to 'ws://localhost:5173/' failed: Error in connection establishment: net::ERR_CONNECTION_REFUSED @ http://localhost:5173/@vite/client:1034
[28010436ms] [ERROR] WebSocket connection to 'ws://localhost:5173/' failed: Error in connection establishment: net::ERR_CONNECTION_REFUSED @ http://localhost:5173/@vite/client:1034
[28011462ms] [ERROR] WebSocket connection to 'ws://localhost:5173/' failed: Error in connection establishment: net::ERR_CONNECTION_REFUSED @ http://localhost:5173/@vite/client:1034
[28012496ms] [ERROR] WebSocket connection to 'ws://localhost:5173/' failed: Error in connection establishment: net::ERR_CONNECTION_REFUSED @ http://localhost:5173/@vite/client:1034
[28013526ms] [ERROR] WebSocket connection to 'ws://localhost:5173/' failed: Error in connection establishment: net::ERR_CONNECTION_REFUSED @ http://localhost:5173/@vite/client:1034
[28014565ms] [ERROR] WebSocket connection to 'ws://localhost:5173/' failed: Error in connection establishment: net::ERR_CONNECTION_REFUSED @ http://localhost:5173/@vite/client:1034
[28015603ms] [ERROR] WebSocket connection to 'ws://localhost:5173/' failed: Error in connection establishment: net::ERR_CONNECTION_REFUSED @ http://localhost:5173/@vite/client:1034
[28016621ms] [ERROR] WebSocket connection to 'ws://localhost:5173/' failed: Error in connection establishment: net::ERR_CONNECTION_REFUSED @ http://localhost:5173/@vite/client:1034
[28017647ms] [ERROR] WebSocket connection to 'ws://localhost:5173/' failed: Error in connection establishment: net::ERR_CONNECTION_REFUSED @ http://localhost:5173/@vite/client:1034
[28018708ms] [ERROR] WebSocket connection to 'ws://localhost:5173/' failed: Error in connection establishment: net::ERR_CONNECTION_REFUSED @ http://localhost:5173/@vite/client:1034
[28019751ms] [ERROR] WebSocket connection to 'ws://localhost:5173/' failed: Error in connection establishment: net::ERR_CONNECTION_REFUSED @ http://localhost:5173/@vite/client:1034
[28020796ms] [ERROR] WebSocket connection to 'ws://localhost:5173/' failed: Error in connection establishment: net::ERR_CONNECTION_REFUSED @ http://localhost:5173/@vite/client:1034
[28021964ms] [ERROR] WebSocket connection to 'ws://localhost:5173/' failed: Error in connection establishment: net::ERR_CONNECTION_REFUSED @ http://localhost:5173/@vite/client:1034
[28023124ms] [ERROR] WebSocket connection to 'ws://localhost:5173/' failed: Error in connection establishment: net::ERR_CONNECTION_REFUSED @ http://localhost:5173/@vite/client:1034
[28024720ms] [ERROR] WebSocket connection to 'ws://localhost:5173/' failed: Error in connection establishment: net::ERR_CONNECTION_REFUSED @ http://localhost:5173/@vite/client:1034
[28026339ms] [ERROR] WebSocket connection to 'ws://localhost:5173/' failed: Error in connection establishment: net::ERR_CONNECTION_REFUSED @ http://localhost:5173/@vite/client:1034
[28029817ms] [ERROR] WebSocket connection to 'ws://localhost:5173/' failed: Error in connection establishment: net::ERR_CONNECTION_REFUSED @ http://localhost:5173/@vite/client:1034
[28033875ms] [ERROR] WebSocket connection to 'ws://localhost:5173/' failed: Error in connection establishment: net::ERR_CONNECTION_REFUSED @ http://localhost:5173/@vite/client:1034
[28037136ms] [ERROR] WebSocket connection to 'ws://localhost:5173/' failed: Error in connection establishment: net::ERR_CONNECTION_REFUSED @ http://localhost:5173/@vite/client:1034
[28039475ms] [ERROR] WebSocket connection to 'ws://localhost:5173/' failed: Error in connection establishment: net::ERR_CONNECTION_REFUSED @ http://localhost:5173/@vite/client:1034
[28044016ms] [ERROR] WebSocket connection to 'ws://localhost:5173/' failed: Error in connection establishment: net::ERR_CONNECTION_REFUSED @ http://localhost:5173/@vite/client:1034
[28046345ms] [ERROR] WebSocket connection to 'ws://localhost:5173/' failed: Error in connection establishment: net::ERR_CONNECTION_REFUSED @ http://localhost:5173/@vite/client:1034
[28050645ms] [ERROR] WebSocket connection to 'ws://localhost:5173/' failed: Error in connection establishment: net::ERR_CONNECTION_REFUSED @ http://localhost:5173/@vite/client:1034
[28140461ms] [ERROR] WebSocket connection to 'ws://localhost:5173/' failed: Error in connection establishment: net::ERR_CONNECTION_REFUSED @ http://localhost:5173/@vite/client:1034
[28143629ms] [ERROR] WebSocket connection to 'ws://localhost:5173/' failed: Error in connection establishment: net::ERR_CONNECTION_REFUSED @ http://localhost:5173/@vite/client:1034
[28148688ms] [ERROR] WebSocket connection to 'ws://localhost:5173/' failed: Error in connection establishment: net::ERR_CONNECTION_REFUSED @ http://localhost:5173/@vite/client:1034
[28150771ms] [ERROR] WebSocket connection to 'ws://localhost:5173/' failed: Error in connection establishment: net::ERR_CONNECTION_REFUSED @ http://localhost:5173/@vite/client:1034
[28156564ms] [ERROR] WebSocket connection to 'ws://localhost:5173/' failed: Error in connection establishment: net::ERR_CONNECTION_REFUSED @ http://localhost:5173/@vite/client:1034
[28265110ms] [ERROR] WebSocket connection to 'ws://localhost:5173/' failed: Error in connection establishment: net::ERR_CONNECTION_REFUSED @ http://localhost:5173/@vite/client:1034
[28269829ms] [ERROR] WebSocket connection to 'ws://localhost:5173/' failed: Error in connection establishment: net::ERR_CONNECTION_REFUSED @ http://localhost:5173/@vite/client:1034
[28273985ms] [ERROR] WebSocket connection to 'ws://localhost:5173/' failed: Error in connection establishment: net::ERR_CONNECTION_REFUSED @ http://localhost:5173/@vite/client:1034
[28279594ms] [ERROR] WebSocket connection to 'ws://localhost:5173/' failed: Error in connection establishment: net::ERR_CONNECTION_REFUSED @ http://localhost:5173/@vite/client:1034
[28282295ms] [ERROR] WebSocket connection to 'ws://localhost:5173/' failed: Error in connection establishment: net::ERR_CONNECTION_REFUSED @ http://localhost:5173/@vite/client:1034
[28348594ms] [ERROR] WebSocket connection to 'ws://localhost:5173/' failed: Error in connection establishment: net::ERR_CONNECTION_REFUSED @ http://localhost:5173/@vite/client:1034
[28351253ms] [ERROR] WebSocket connection to 'ws://localhost:5173/' failed: Error in connection establishment: net::ERR_CONNECTION_REFUSED @ http://localhost:5173/@vite/client:1034
[28355439ms] [ERROR] WebSocket connection to 'ws://localhost:5173/' failed: Error in connection establishment: net::ERR_CONNECTION_REFUSED @ http://localhost:5173/@vite/client:1034
[28360815ms] [ERROR] WebSocket connection to 'ws://localhost:5173/' failed: Error in connection establishment: net::ERR_CONNECTION_REFUSED @ http://localhost:5173/@vite/client:1034
[28364406ms] [ERROR] WebSocket connection to 'ws://localhost:5173/' failed: Error in connection establishment: net::ERR_CONNECTION_REFUSED @ http://localhost:5173/@vite/client:1034
[28368414ms] [ERROR] WebSocket connection to 'ws://localhost:5173/' failed: Error in connection establishment: net::ERR_CONNECTION_REFUSED @ http://localhost:5173/@vite/client:1034
[28372176ms] [ERROR] WebSocket connection to 'ws://localhost:5173/' failed: Error in connection establishment: net::ERR_CONNECTION_REFUSED @ http://localhost:5173/@vite/client:1034
[28376266ms] [ERROR] WebSocket connection to 'ws://localhost:5173/' failed: Error in connection establishment: net::ERR_CONNECTION_REFUSED @ http://localhost:5173/@vite/client:1034
[28381279ms] [ERROR] WebSocket connection to 'ws://localhost:5173/' failed: Error in connection establishment: net::ERR_CONNECTION_REFUSED @ http://localhost:5173/@vite/client:1034
[28384099ms] [ERROR] WebSocket connection to 'ws://localhost:5173/' failed: Error in connection establishment: net::ERR_CONNECTION_REFUSED @ http://localhost:5173/@vite/client:1034
[28389007ms] [ERROR] WebSocket connection to 'ws://localhost:5173/' failed: Error in connection establishment: net::ERR_CONNECTION_REFUSED @ http://localhost:5173/@vite/client:1034
[28391397ms] [ERROR] WebSocket connection to 'ws://localhost:5173/' failed: Error in connection establishment: net::ERR_CONNECTION_REFUSED @ http://localhost:5173/@vite/client:1034
[28394403ms] [ERROR] WebSocket connection to 'ws://localhost:5173/' failed: Error in connection establishment: net::ERR_CONNECTION_REFUSED @ http://localhost:5173/@vite/client:1034
[28398509ms] [ERROR] WebSocket connection to 'ws://localhost:5173/' failed: Error in connection establishment: net::ERR_CONNECTION_REFUSED @ http://localhost:5173/@vite/client:1034
[28402548ms] [ERROR] WebSocket connection to 'ws://localhost:5173/' failed: Error in connection establishment: net::ERR_CONNECTION_REFUSED @ http://localhost:5173/@vite/client:1034
[28405687ms] [ERROR] WebSocket connection to 'ws://localhost:5173/' failed: Error in connection establishment: net::ERR_CONNECTION_REFUSED @ http://localhost:5173/@vite/client:1034
[28410685ms] [ERROR] WebSocket connection to 'ws://localhost:5173/' failed: Error in connection establishment: net::ERR_CONNECTION_REFUSED @ http://localhost:5173/@vite/client:1034
[28519914ms] [ERROR] WebSocket connection to 'ws://localhost:5173/' failed: Error in connection establishment: net::ERR_CONNECTION_REFUSED @ http://localhost:5173/@vite/client:1034
[28525352ms] [ERROR] WebSocket connection to 'ws://localhost:5173/' failed: Error in connection establishment: net::ERR_CONNECTION_REFUSED @ http://localhost:5173/@vite/client:1034
[28530459ms] [ERROR] WebSocket connection to 'ws://localhost:5173/' failed: Error in connection establishment: net::ERR_CONNECTION_REFUSED @ http://localhost:5173/@vite/client:1034
[28533063ms] [ERROR] WebSocket connection to 'ws://localhost:5173/' failed: Error in connection establishment: net::ERR_CONNECTION_REFUSED @ http://localhost:5173/@vite/client:1034
[28598366ms] [ERROR] WebSocket connection to 'ws://localhost:5173/' failed: Error in connection establishment: net::ERR_CONNECTION_REFUSED @ http://localhost:5173/@vite/client:1034
[28604074ms] [ERROR] WebSocket connection to 'ws://localhost:5173/' failed: Error in connection establishment: net::ERR_CONNECTION_REFUSED @ http://localhost:5173/@vite/client:1034
[28609288ms] [ERROR] WebSocket connection to 'ws://localhost:5173/' failed: Error in connection establishment: net::ERR_CONNECTION_REFUSED @ http://localhost:5173/@vite/client:1034
[28614364ms] [ERROR] WebSocket connection to 'ws://localhost:5173/' failed: Error in connection establishment: net::ERR_CONNECTION_REFUSED @ http://localhost:5173/@vite/client:1034
[28619122ms] [ERROR] WebSocket connection to 'ws://localhost:5173/' failed: Error in connection establishment: net::ERR_CONNECTION_REFUSED @ http://localhost:5173/@vite/client:1034
[28623413ms] [ERROR] WebSocket connection to 'ws://localhost:5173/' failed: Error in connection establishment: net::ERR_CONNECTION_REFUSED @ http://localhost:5173/@vite/client:1034
[28626677ms] [ERROR] WebSocket connection to 'ws://localhost:5173/' failed: Error in connection establishment: net::ERR_CONNECTION_REFUSED @ http://localhost:5173/@vite/client:1034
[28631363ms] [ERROR] WebSocket connection to 'ws://localhost:5173/' failed: Error in connection establishment: net::ERR_CONNECTION_REFUSED @ http://localhost:5173/@vite/client:1034
[28634923ms] [ERROR] WebSocket connection to 'ws://localhost:5173/' failed: Error in connection establishment: net::ERR_CONNECTION_REFUSED @ http://localhost:5173/@vite/client:1034
[28639201ms] [ERROR] WebSocket connection to 'ws://localhost:5173/' failed: Error in connection establishment: net::ERR_CONNECTION_REFUSED @ http://localhost:5173/@vite/client:1034
[28641876ms] [ERROR] WebSocket connection to 'ws://localhost:5173/' failed: Error in connection establishment: net::ERR_CONNECTION_REFUSED @ http://localhost:5173/@vite/client:1034
[28646997ms] [ERROR] WebSocket connection to 'ws://localhost:5173/' failed: Error in connection establishment: net::ERR_CONNECTION_REFUSED @ http://localhost:5173/@vite/client:1034
[28650187ms] [ERROR] WebSocket connection to 'ws://localhost:5173/' failed: Error in connection establishment: net::ERR_CONNECTION_REFUSED @ http://localhost:5173/@vite/client:1034
[28746892ms] [ERROR] WebSocket connection to 'ws://localhost:5173/' failed: Error in connection establishment: net::ERR_CONNECTION_REFUSED @ http://localhost:5173/@vite/client:1034
[28752311ms] [ERROR] WebSocket connection to 'ws://localhost:5173/' failed: Error in connection establishment: net::ERR_CONNECTION_REFUSED @ http://localhost:5173/@vite/client:1034
[28755957ms] [ERROR] WebSocket connection to 'ws://localhost:5173/' failed: Error in connection establishment: net::ERR_CONNECTION_REFUSED @ http://localhost:5173/@vite/client:1034
[28758803ms] [ERROR] WebSocket connection to 'ws://localhost:5173/' failed: Error in connection establishment: net::ERR_CONNECTION_REFUSED @ http://localhost:5173/@vite/client:1034
[28764766ms] [ERROR] WebSocket connection to 'ws://localhost:5173/' failed: Error in connection establishment: net::ERR_CONNECTION_REFUSED @ http://localhost:5173/@vite/client:1034
[28785835ms] [ERROR] WebSocket connection to 'ws://localhost:5173/' failed: Error in connection establishment: net::ERR_CONNECTION_REFUSED @ http://localhost:5173/@vite/client:1034
[28790497ms] [ERROR] WebSocket connection to 'ws://localhost:5173/' failed: Error in connection establishment: net::ERR_CONNECTION_REFUSED @ http://localhost:5173/@vite/client:1034
[28794857ms] [ERROR] WebSocket connection to 'ws://localhost:5173/' failed: Error in connection establishment: net::ERR_CONNECTION_REFUSED @ http://localhost:5173/@vite/client:1034
[28799281ms] [ERROR] WebSocket connection to 'ws://localhost:5173/' failed: Error in connection establishment: net::ERR_CONNECTION_REFUSED @ http://localhost:5173/@vite/client:1034
[28801468ms] [ERROR] WebSocket connection to 'ws://localhost:5173/' failed: Error in connection establishment: net::ERR_CONNECTION_REFUSED @ http://localhost:5173/@vite/client:1034
[28923348ms] [ERROR] WebSocket connection to 'ws://localhost:5173/' failed: Error in connection establishment: net::ERR_CONNECTION_REFUSED @ http://localhost:5173/@vite/client:1034
[28927572ms] [ERROR] WebSocket connection to 'ws://localhost:5173/' failed: Error in connection establishment: net::ERR_CONNECTION_REFUSED @ http://localhost:5173/@vite/client:1034
[28933532ms] [ERROR] WebSocket connection to 'ws://localhost:5173/' failed: Error in connection establishment: net::ERR_CONNECTION_REFUSED @ http://localhost:5173/@vite/client:1034
[28939379ms] [ERROR] WebSocket connection to 'ws://localhost:5173/' failed: Error in connection establishment: net::ERR_CONNECTION_REFUSED @ http://localhost:5173/@vite/client:1034
[28942452ms] [ERROR] WebSocket connection to 'ws://localhost:5173/' failed: Error in connection establishment: net::ERR_CONNECTION_REFUSED @ http://localhost:5173/@vite/client:1034
[28947335ms] [ERROR] WebSocket connection to 'ws://localhost:5173/' failed: Error in connection establishment: net::ERR_CONNECTION_REFUSED @ http://localhost:5173/@vite/client:1034
[28952950ms] [ERROR] WebSocket connection to 'ws://localhost:5173/' failed: Error in connection establishment: net::ERR_CONNECTION_REFUSED @ http://localhost:5173/@vite/client:1034
[28958206ms] [ERROR] WebSocket connection to 'ws://localhost:5173/' failed: Error in connection establishment: net::ERR_CONNECTION_REFUSED @ http://localhost:5173/@vite/client:1034
[28963321ms] [ERROR] WebSocket connection to 'ws://localhost:5173/' failed: Error in connection establishment: net::ERR_CONNECTION_REFUSED @ http://localhost:5173/@vite/client:1034
[28969293ms] [ERROR] WebSocket connection to 'ws://localhost:5173/' failed: Error in connection establishment: net::ERR_CONNECTION_REFUSED @ http://localhost:5173/@vite/client:1034
[28972634ms] [ERROR] WebSocket connection to 'ws://localhost:5173/' failed: Error in connection establishment: net::ERR_CONNECTION_REFUSED @ http://localhost:5173/@vite/client:1034
[28977788ms] [ERROR] WebSocket connection to 'ws://localhost:5173/' failed: Error in connection establishment: net::ERR_CONNECTION_REFUSED @ http://localhost:5173/@vite/client:1034
[28982969ms] [ERROR] WebSocket connection to 'ws://localhost:5173/' failed: Error in connection establishment: net::ERR_CONNECTION_REFUSED @ http://localhost:5173/@vite/client:1034
[28999988ms] [ERROR] WebSocket connection to 'ws://localhost:5173/' failed: Error in connection establishment: net::ERR_CONNECTION_REFUSED @ http://localhost:5173/@vite/client:1034
[29002849ms] [ERROR] WebSocket connection to 'ws://localhost:5173/' failed: Error in connection establishment: net::ERR_CONNECTION_REFUSED @ http://localhost:5173/@vite/client:1034
[29005049ms] [ERROR] WebSocket connection to 'ws://localhost:5173/' failed: Error in connection establishment: net::ERR_CONNECTION_REFUSED @ http://localhost:5173/@vite/client:1034
[29008764ms] [ERROR] WebSocket connection to 'ws://localhost:5173/' failed: Error in connection establishment: net::ERR_CONNECTION_REFUSED @ http://localhost:5173/@vite/client:1034
[29014242ms] [ERROR] WebSocket connection to 'ws://localhost:5173/' failed: Error in connection establishment: net::ERR_CONNECTION_REFUSED @ http://localhost:5173/@vite/client:1034
[29018785ms] [ERROR] WebSocket connection to 'ws://localhost:5173/' failed: Error in connection establishment: net::ERR_CONNECTION_REFUSED @ http://localhost:5173/@vite/client:1034
[29022043ms] [ERROR] WebSocket connection to 'ws://localhost:5173/' failed: Error in connection establishment: net::ERR_CONNECTION_REFUSED @ http://localhost:5173/@vite/client:1034
[29025530ms] [ERROR] WebSocket connection to 'ws://localhost:5173/' failed: Error in connection establishment: net::ERR_CONNECTION_REFUSED @ http://localhost:5173/@vite/client:1034
[29031471ms] [ERROR] WebSocket connection to 'ws://localhost:5173/' failed: Error in connection establishment: net::ERR_CONNECTION_REFUSED @ http://localhost:5173/@vite/client:1034
[29036489ms] [ERROR] WebSocket connection to 'ws://localhost:5173/' failed: Error in connection establishment: net::ERR_CONNECTION_REFUSED @ http://localhost:5173/@vite/client:1034
[29038882ms] [ERROR] WebSocket connection to 'ws://localhost:5173/' failed: Error in connection establishment: net::ERR_CONNECTION_REFUSED @ http://localhost:5173/@vite/client:1034
[29041302ms] [ERROR] WebSocket connection to 'ws://localhost:5173/' failed: Error in connection establishment: net::ERR_CONNECTION_REFUSED @ http://localhost:5173/@vite/client:1034
[29045153ms] [ERROR] WebSocket connection to 'ws://localhost:5173/' failed: Error in connection establishment: net::ERR_CONNECTION_REFUSED @ http://localhost:5173/@vite/client:1034
[29047447ms] [ERROR] WebSocket connection to 'ws://localhost:5173/' failed: Error in connection establishment: net::ERR_CONNECTION_REFUSED @ http://localhost:5173/@vite/client:1034
[29089744ms] [ERROR] WebSocket connection to 'ws://localhost:5173/' failed: Error in connection establishment: net::ERR_CONNECTION_REFUSED @ http://localhost:5173/@vite/client:1034
[29093393ms] [ERROR] WebSocket connection to 'ws://localhost:5173/' failed: Error in connection establishment: net::ERR_CONNECTION_REFUSED @ http://localhost:5173/@vite/client:1034
[29096346ms] [ERROR] WebSocket connection to 'ws://localhost:5173/' failed: Error in connection establishment: net::ERR_CONNECTION_REFUSED @ http://localhost:5173/@vite/client:1034
[29100323ms] [ERROR] WebSocket connection to 'ws://localhost:5173/' failed: Error in connection establishment: net::ERR_CONNECTION_REFUSED @ http://localhost:5173/@vite/client:1034
[29102429ms] [ERROR] WebSocket connection to 'ws://localhost:5173/' failed: Error in connection establishment: net::ERR_CONNECTION_REFUSED @ http://localhost:5173/@vite/client:1034
[29173998ms] [ERROR] WebSocket connection to 'ws://localhost:5173/' failed: Error in connection establishment: net::ERR_CONNECTION_REFUSED @ http://localhost:5173/@vite/client:1034
[29179601ms] [ERROR] WebSocket connection to 'ws://localhost:5173/' failed: Error in connection establishment: net::ERR_CONNECTION_REFUSED @ http://localhost:5173/@vite/client:1034
[29183325ms] [ERROR] WebSocket connection to 'ws://localhost:5173/' failed: Error in connection establishment: net::ERR_CONNECTION_REFUSED @ http://localhost:5173/@vite/client:1034
[29187462ms] [ERROR] WebSocket connection to 'ws://localhost:5173/' failed: Error in connection establishment: net::ERR_CONNECTION_REFUSED @ http://localhost:5173/@vite/client:1034
[29190861ms] [ERROR] WebSocket connection to 'ws://localhost:5173/' failed: Error in connection establishment: net::ERR_CONNECTION_REFUSED @ http://localhost:5173/@vite/client:1034
[29198613ms] [ERROR] WebSocket connection to 'ws://localhost:5173/' failed: Error in connection establishment: net::ERR_CONNECTION_REFUSED @ http://localhost:5173/@vite/client:1034
[29204194ms] [ERROR] WebSocket connection to 'ws://localhost:5173/' failed: Error in connection establishment: net::ERR_CONNECTION_REFUSED @ http://localhost:5173/@vite/client:1034
[29208860ms] [ERROR] WebSocket connection to 'ws://localhost:5173/' failed: Error in connection establishment: net::ERR_CONNECTION_REFUSED @ http://localhost:5173/@vite/client:1034
[29213513ms] [ERROR] WebSocket connection to 'ws://localhost:5173/' failed: Error in connection establishment: net::ERR_CONNECTION_REFUSED @ http://localhost:5173/@vite/client:1034
[29217959ms] [ERROR] WebSocket connection to 'ws://localhost:5173/' failed: Error in connection establishment: net::ERR_CONNECTION_REFUSED @ http://localhost:5173/@vite/client:1034
[29222742ms] [ERROR] WebSocket connection to 'ws://localhost:5173/' failed: Error in connection establishment: net::ERR_CONNECTION_REFUSED @ http://localhost:5173/@vite/client:1034
[29228755ms] [ERROR] WebSocket connection to 'ws://localhost:5173/' failed: Error in connection establishment: net::ERR_CONNECTION_REFUSED @ http://localhost:5173/@vite/client:1034
[29233528ms] [ERROR] WebSocket connection to 'ws://localhost:5173/' failed: Error in connection establishment: net::ERR_CONNECTION_REFUSED @ http://localhost:5173/@vite/client:1034
[29236388ms] [ERROR] WebSocket connection to 'ws://localhost:5173/' failed: Error in connection establishment: net::ERR_CONNECTION_REFUSED @ http://localhost:5173/@vite/client:1034
[29239405ms] [ERROR] WebSocket connection to 'ws://localhost:5173/' failed: Error in connection establishment: net::ERR_CONNECTION_REFUSED @ http://localhost:5173/@vite/client:1034
[29243411ms] [ERROR] WebSocket connection to 'ws://localhost:5173/' failed: Error in connection establishment: net::ERR_CONNECTION_REFUSED @ http://localhost:5173/@vite/client:1034
[29245863ms] [ERROR] WebSocket connection to 'ws://localhost:5173/' failed: Error in connection establishment: net::ERR_CONNECTION_REFUSED @ http://localhost:5173/@vite/client:1034
[29249065ms] [ERROR] WebSocket connection to 'ws://localhost:5173/' failed: Error in connection establishment: net::ERR_CONNECTION_REFUSED @ http://localhost:5173/@vite/client:1034
[29251844ms] [ERROR] WebSocket connection to 'ws://localhost:5173/' failed: Error in connection establishment: net::ERR_CONNECTION_REFUSED @ http://localhost:5173/@vite/client:1034
[29346522ms] [ERROR] WebSocket connection to 'ws://localhost:5173/' failed: Error in connection establishment: net::ERR_CONNECTION_REFUSED @ http://localhost:5173/@vite/client:1034
[29349296ms] [ERROR] WebSocket connection to 'ws://localhost:5173/' failed: Error in connection establishment: net::ERR_CONNECTION_REFUSED @ http://localhost:5173/@vite/client:1034
[29354243ms] [ERROR] WebSocket connection to 'ws://localhost:5173/' failed: Error in connection establishment: net::ERR_CONNECTION_REFUSED @ http://localhost:5173/@vite/client:1034
[29360166ms] [ERROR] WebSocket connection to 'ws://localhost:5173/' failed: Error in connection establishment: net::ERR_CONNECTION_REFUSED @ http://localhost:5173/@vite/client:1034
[29365558ms] [ERROR] WebSocket connection to 'ws://localhost:5173/' failed: Error in connection establishment: net::ERR_CONNECTION_REFUSED @ http://localhost:5173/@vite/client:1034
[29579043ms] [ERROR] WebSocket connection to 'ws://localhost:5173/' failed: Error in connection establishment: net::ERR_CONNECTION_REFUSED @ http://localhost:5173/@vite/client:1034
[29582095ms] [ERROR] WebSocket connection to 'ws://localhost:5173/' failed: Error in connection establishment: net::ERR_CONNECTION_REFUSED @ http://localhost:5173/@vite/client:1034
[29587334ms] [ERROR] WebSocket connection to 'ws://localhost:5173/' failed: Error in connection establishment: net::ERR_CONNECTION_REFUSED @ http://localhost:5173/@vite/client:1034
[29589491ms] [ERROR] WebSocket connection to 'ws://localhost:5173/' failed: Error in connection establishment: net::ERR_CONNECTION_REFUSED @ http://localhost:5173/@vite/client:1034
[29593488ms] [ERROR] WebSocket connection to 'ws://localhost:5173/' failed: Error in connection establishment: net::ERR_CONNECTION_REFUSED @ http://localhost:5173/@vite/client:1034
[29597498ms] [ERROR] WebSocket connection to 'ws://localhost:5173/' failed: Error in connection establishment: net::ERR_CONNECTION_REFUSED @ http://localhost:5173/@vite/client:1034
[29603584ms] [ERROR] WebSocket connection to 'ws://localhost:5173/' failed: Error in connection establishment: net::ERR_CONNECTION_REFUSED @ http://localhost:5173/@vite/client:1034
[29607048ms] [ERROR] WebSocket connection to 'ws://localhost:5173/' failed: Error in connection establishment: net::ERR_CONNECTION_REFUSED @ http://localhost:5173/@vite/client:1034
[29610551ms] [ERROR] WebSocket connection to 'ws://localhost:5173/' failed: Error in connection establishment: net::ERR_CONNECTION_REFUSED @ http://localhost:5173/@vite/client:1034
[29616340ms] [ERROR] WebSocket connection to 'ws://localhost:5173/' failed: Error in connection establishment: net::ERR_CONNECTION_REFUSED @ http://localhost:5173/@vite/client:1034
[29622096ms] [ERROR] WebSocket connection to 'ws://localhost:5173/' failed: Error in connection establishment: net::ERR_CONNECTION_REFUSED @ http://localhost:5173/@vite/client:1034
[29638844ms] [ERROR] WebSocket connection to 'ws://localhost:5173/' failed: Error in connection establishment: net::ERR_CONNECTION_REFUSED @ http://localhost:5173/@vite/client:1034
[29642780ms] [ERROR] WebSocket connection to 'ws://localhost:5173/' failed: Error in connection establishment: net::ERR_CONNECTION_REFUSED @ http://localhost:5173/@vite/client:1034
[29648259ms] [ERROR] WebSocket connection to 'ws://localhost:5173/' failed: Error in connection establishment: net::ERR_CONNECTION_REFUSED @ http://localhost:5173/@vite/client:1034
[29652160ms] [ERROR] WebSocket connection to 'ws://localhost:5173/' failed: Error in connection establishment: net::ERR_CONNECTION_REFUSED @ http://localhost:5173/@vite/client:1034
[29654711ms] [ERROR] WebSocket connection to 'ws://localhost:5173/' failed: Error in connection establishment: net::ERR_CONNECTION_REFUSED @ http://localhost:5173/@vite/client:1034
[29656825ms] [ERROR] WebSocket connection to 'ws://localhost:5173/' failed: Error in connection establishment: net::ERR_CONNECTION_REFUSED @ http://localhost:5173/@vite/client:1034
[29662287ms] [ERROR] WebSocket connection to 'ws://localhost:5173/' failed: Error in connection establishment: net::ERR_CONNECTION_REFUSED @ http://localhost:5173/@vite/client:1034
[29665176ms] [ERROR] WebSocket connection to 'ws://localhost:5173/' failed: Error in connection establishment: net::ERR_CONNECTION_REFUSED @ http://localhost:5173/@vite/client:1034
[29669766ms] [ERROR] WebSocket connection to 'ws://localhost:5173/' failed: Error in connection establishment: net::ERR_CONNECTION_REFUSED @ http://localhost:5173/@vite/client:1034
[29675761ms] [ERROR] WebSocket connection to 'ws://localhost:5173/' failed: Error in connection establishment: net::ERR_CONNECTION_REFUSED @ http://localhost:5173/@vite/client:1034
[29677823ms] [ERROR] WebSocket connection to 'ws://localhost:5173/' failed: Error in connection establishment: net::ERR_CONNECTION_REFUSED @ http://localhost:5173/@vite/client:1034
[29681789ms] [ERROR] WebSocket connection to 'ws://localhost:5173/' failed: Error in connection establishment: net::ERR_CONNECTION_REFUSED @ http://localhost:5173/@vite/client:1034
[29687121ms] [ERROR] WebSocket connection to 'ws://localhost:5173/' failed: Error in connection establishment: net::ERR_CONNECTION_REFUSED @ http://localhost:5173/@vite/client:1034
[29724738ms] [ERROR] WebSocket connection to 'ws://localhost:5173/' failed: Error in connection establishment: net::ERR_CONNECTION_REFUSED @ http://localhost:5173/@vite/client:1034
[29726985ms] [ERROR] WebSocket connection to 'ws://localhost:5173/' failed: Error in connection establishment: net::ERR_CONNECTION_REFUSED @ http://localhost:5173/@vite/client:1034
[29730011ms] [ERROR] WebSocket connection to 'ws://localhost:5173/' failed: Error in connection establishment: net::ERR_CONNECTION_REFUSED @ http://localhost:5173/@vite/client:1034
[29732850ms] [ERROR] WebSocket connection to 'ws://localhost:5173/' failed: Error in connection establishment: net::ERR_CONNECTION_REFUSED @ http://localhost:5173/@vite/client:1034
[29738448ms] [ERROR] WebSocket connection to 'ws://localhost:5173/' failed: Error in connection establishment: net::ERR_CONNECTION_REFUSED @ http://localhost:5173/@vite/client:1034
[29757805ms] [ERROR] WebSocket connection to 'ws://localhost:5173/' failed: Error in connection establishment: net::ERR_CONNECTION_REFUSED @ http://localhost:5173/@vite/client:1034
[29762517ms] [ERROR] WebSocket connection to 'ws://localhost:5173/' failed: Error in connection establishment: net::ERR_CONNECTION_REFUSED @ http://localhost:5173/@vite/client:1034
[29766223ms] [ERROR] WebSocket connection to 'ws://localhost:5173/' failed: Error in connection establishment: net::ERR_CONNECTION_REFUSED @ http://localhost:5173/@vite/client:1034
[29772182ms] [ERROR] WebSocket connection to 'ws://localhost:5173/' failed: Error in connection establishment: net::ERR_CONNECTION_REFUSED @ http://localhost:5173/@vite/client:1034
[29777144ms] [ERROR] WebSocket connection to 'ws://localhost:5173/' failed: Error in connection establishment: net::ERR_CONNECTION_REFUSED @ http://localhost:5173/@vite/client:1034
[29802423ms] [ERROR] WebSocket connection to 'ws://localhost:5173/' failed: Error in connection establishment: net::ERR_CONNECTION_REFUSED @ http://localhost:5173/@vite/client:1034
[29805162ms] [ERROR] WebSocket connection to 'ws://localhost:5173/' failed: Error in connection establishment: net::ERR_CONNECTION_REFUSED @ http://localhost:5173/@vite/client:1034
[29808476ms] [ERROR] WebSocket connection to 'ws://localhost:5173/' failed: Error in connection establishment: net::ERR_CONNECTION_REFUSED @ http://localhost:5173/@vite/client:1034
[29814062ms] [ERROR] WebSocket connection to 'ws://localhost:5173/' failed: Error in connection establishment: net::ERR_CONNECTION_REFUSED @ http://localhost:5173/@vite/client:1034
[29818825ms] [ERROR] WebSocket connection to 'ws://localhost:5173/' failed: Error in connection establishment: net::ERR_CONNECTION_REFUSED @ http://localhost:5173/@vite/client:1034
[29823852ms] [ERROR] WebSocket connection to 'ws://localhost:5173/' failed: Error in connection establishment: net::ERR_CONNECTION_REFUSED @ http://localhost:5173/@vite/client:1034
[29827062ms] [ERROR] WebSocket connection to 'ws://localhost:5173/' failed: Error in connection establishment: net::ERR_CONNECTION_REFUSED @ http://localhost:5173/@vite/client:1034
[29831805ms] [ERROR] WebSocket connection to 'ws://localhost:5173/' failed: Error in connection establishment: net::ERR_CONNECTION_REFUSED @ http://localhost:5173/@vite/client:1034
[29836222ms] [ERROR] WebSocket connection to 'ws://localhost:5173/' failed: Error in connection establishment: net::ERR_CONNECTION_REFUSED @ http://localhost:5173/@vite/client:1034
[29840792ms] [ERROR] WebSocket connection to 'ws://localhost:5173/' failed: Error in connection establishment: net::ERR_CONNECTION_REFUSED @ http://localhost:5173/@vite/client:1034
[29844038ms] [ERROR] WebSocket connection to 'ws://localhost:5173/' failed: Error in connection establishment: net::ERR_CONNECTION_REFUSED @ http://localhost:5173/@vite/client:1034
[29847055ms] [ERROR] WebSocket connection to 'ws://localhost:5173/' failed: Error in connection establishment: net::ERR_CONNECTION_REFUSED @ http://localhost:5173/@vite/client:1034
[29850714ms] [ERROR] WebSocket connection to 'ws://localhost:5173/' failed: Error in connection establishment: net::ERR_CONNECTION_REFUSED @ http://localhost:5173/@vite/client:1034
[29854287ms] [ERROR] WebSocket connection to 'ws://localhost:5173/' failed: Error in connection establishment: net::ERR_CONNECTION_REFUSED @ http://localhost:5173/@vite/client:1034
[29859591ms] [ERROR] WebSocket connection to 'ws://localhost:5173/' failed: Error in connection establishment: net::ERR_CONNECTION_REFUSED @ http://localhost:5173/@vite/client:1034
[29899959ms] [ERROR] WebSocket connection to 'ws://localhost:5173/' failed: Error in connection establishment: net::ERR_CONNECTION_REFUSED @ http://localhost:5173/@vite/client:1034
[29903702ms] [ERROR] WebSocket connection to 'ws://localhost:5173/' failed: Error in connection establishment: net::ERR_CONNECTION_REFUSED @ http://localhost:5173/@vite/client:1034
[29905864ms] [ERROR] WebSocket connection to 'ws://localhost:5173/' failed: Error in connection establishment: net::ERR_CONNECTION_REFUSED @ http://localhost:5173/@vite/client:1034
[29908403ms] [ERROR] WebSocket connection to 'ws://localhost:5173/' failed: Error in connection establishment: net::ERR_CONNECTION_REFUSED @ http://localhost:5173/@vite/client:1034
[29912185ms] [ERROR] WebSocket connection to 'ws://localhost:5173/' failed: Error in connection establishment: net::ERR_CONNECTION_REFUSED @ http://localhost:5173/@vite/client:1034
[29913210ms] [ERROR] WebSocket connection to 'ws://localhost:5173/' failed: Error in connection establishment: net::ERR_CONNECTION_REFUSED @ http://localhost:5173/@vite/client:1034
[29914241ms] [ERROR] WebSocket connection to 'ws://localhost:5173/' failed: Error in connection establishment: net::ERR_CONNECTION_REFUSED @ http://localhost:5173/@vite/client:1034
[29915260ms] [ERROR] WebSocket connection to 'ws://localhost:5173/' failed: Error in connection establishment: net::ERR_CONNECTION_REFUSED @ http://localhost:5173/@vite/client:1034
[29916277ms] [ERROR] WebSocket connection to 'ws://localhost:5173/' failed: Error in connection establishment: net::ERR_CONNECTION_REFUSED @ http://localhost:5173/@vite/client:1034
[29917304ms] [ERROR] WebSocket connection to 'ws://localhost:5173/' failed: Error in connection establishment: net::ERR_CONNECTION_REFUSED @ http://localhost:5173/@vite/client:1034
[29918324ms] [ERROR] WebSocket connection to 'ws://localhost:5173/' failed: Error in connection establishment: net::ERR_CONNECTION_REFUSED @ http://localhost:5173/@vite/client:1034
[29919365ms] [ERROR] WebSocket connection to 'ws://localhost:5173/' failed: Error in connection establishment: net::ERR_CONNECTION_REFUSED @ http://localhost:5173/@vite/client:1034
[29920430ms] [ERROR] WebSocket connection to 'ws://localhost:5173/' failed: Error in connection establishment: net::ERR_CONNECTION_REFUSED @ http://localhost:5173/@vite/client:1034
[29921487ms] [ERROR] WebSocket connection to 'ws://localhost:5173/' failed: Error in connection establishment: net::ERR_CONNECTION_REFUSED @ http://localhost:5173/@vite/client:1034
[29922529ms] [ERROR] WebSocket connection to 'ws://localhost:5173/' failed: Error in connection establishment: net::ERR_CONNECTION_REFUSED @ http://localhost:5173/@vite/client:1034
[29923726ms] [ERROR] WebSocket connection to 'ws://localhost:5173/' failed: Error in connection establishment: net::ERR_CONNECTION_REFUSED @ http://localhost:5173/@vite/client:1034
[29925000ms] [ERROR] WebSocket connection to 'ws://localhost:5173/' failed: Error in connection establishment: net::ERR_CONNECTION_REFUSED @ http://localhost:5173/@vite/client:1034
[29926611ms] [ERROR] WebSocket connection to 'ws://localhost:5173/' failed: Error in connection establishment: net::ERR_CONNECTION_REFUSED @ http://localhost:5173/@vite/client:1034
[29928352ms] [ERROR] WebSocket connection to 'ws://localhost:5173/' failed: Error in connection establishment: net::ERR_CONNECTION_REFUSED @ http://localhost:5173/@vite/client:1034
[29929982ms] [ERROR] WebSocket connection to 'ws://localhost:5173/' failed: Error in connection establishment: net::ERR_CONNECTION_REFUSED @ http://localhost:5173/@vite/client:1034
[29935421ms] [ERROR] WebSocket connection to 'ws://localhost:5173/' failed: Error in connection establishment: net::ERR_CONNECTION_REFUSED @ http://localhost:5173/@vite/client:1034
[29939802ms] [ERROR] WebSocket connection to 'ws://localhost:5173/' failed: Error in connection establishment: net::ERR_CONNECTION_REFUSED @ http://localhost:5173/@vite/client:1034
[29943364ms] [ERROR] WebSocket connection to 'ws://localhost:5173/' failed: Error in connection establishment: net::ERR_CONNECTION_REFUSED @ http://localhost:5173/@vite/client:1034
[29947759ms] [ERROR] WebSocket connection to 'ws://localhost:5173/' failed: Error in connection establishment: net::ERR_CONNECTION_REFUSED @ http://localhost:5173/@vite/client:1034
[29952471ms] [ERROR] WebSocket connection to 'ws://localhost:5173/' failed: Error in connection establishment: net::ERR_CONNECTION_REFUSED @ http://localhost:5173/@vite/client:1034
[29965727ms] [ERROR] WebSocket connection to 'ws://localhost:5173/' failed: Error in connection establishment: net::ERR_CONNECTION_REFUSED @ http://localhost:5173/@vite/client:1034
[29969196ms] [ERROR] WebSocket connection to 'ws://localhost:5173/' failed: Error in connection establishment: net::ERR_CONNECTION_REFUSED @ http://localhost:5173/@vite/client:1034
[29973683ms] [ERROR] WebSocket connection to 'ws://localhost:5173/' failed: Error in connection establishment: net::ERR_CONNECTION_REFUSED @ http://localhost:5173/@vite/client:1034
[29975892ms] [ERROR] WebSocket connection to 'ws://localhost:5173/' failed: Error in connection establishment: net::ERR_CONNECTION_REFUSED @ http://localhost:5173/@vite/client:1034
[29980845ms] [ERROR] WebSocket connection to 'ws://localhost:5173/' failed: Error in connection establishment: net::ERR_CONNECTION_REFUSED @ http://localhost:5173/@vite/client:1034
[29984331ms] [ERROR] WebSocket connection to 'ws://localhost:5173/' failed: Error in connection establishment: net::ERR_CONNECTION_REFUSED @ http://localhost:5173/@vite/client:1034
[29987150ms] [ERROR] WebSocket connection to 'ws://localhost:5173/' failed: Error in connection establishment: net::ERR_CONNECTION_REFUSED @ http://localhost:5173/@vite/client:1034
[29990725ms] [ERROR] WebSocket connection to 'ws://localhost:5173/' failed: Error in connection establishment: net::ERR_CONNECTION_REFUSED @ http://localhost:5173/@vite/client:1034
[29993173ms] [ERROR] WebSocket connection to 'ws://localhost:5173/' failed: Error in connection establishment: net::ERR_CONNECTION_REFUSED @ http://localhost:5173/@vite/client:1034
[29996597ms] [ERROR] WebSocket connection to 'ws://localhost:5173/' failed: Error in connection establishment: net::ERR_CONNECTION_REFUSED @ http://localhost:5173/@vite/client:1034
[30001370ms] [ERROR] WebSocket connection to 'ws://localhost:5173/' failed: Error in connection establishment: net::ERR_CONNECTION_REFUSED @ http://localhost:5173/@vite/client:1034
[30004984ms] [ERROR] WebSocket connection to 'ws://localhost:5173/' failed: Error in connection establishment: net::ERR_CONNECTION_REFUSED @ http://localhost:5173/@vite/client:1034
[30007924ms] [ERROR] WebSocket connection to 'ws://localhost:5173/' failed: Error in connection establishment: net::ERR_CONNECTION_REFUSED @ http://localhost:5173/@vite/client:1034
[30010700ms] [ERROR] WebSocket connection to 'ws://localhost:5173/' failed: Error in connection establishment: net::ERR_CONNECTION_REFUSED @ http://localhost:5173/@vite/client:1034
[30012762ms] [ERROR] WebSocket connection to 'ws://localhost:5173/' failed: Error in connection establishment: net::ERR_CONNECTION_REFUSED @ http://localhost:5173/@vite/client:1034
[30018636ms] [ERROR] WebSocket connection to 'ws://localhost:5173/' failed: Error in connection establishment: net::ERR_CONNECTION_REFUSED @ http://localhost:5173/@vite/client:1034
[30024295ms] [ERROR] WebSocket connection to 'ws://localhost:5173/' failed: Error in connection establishment: net::ERR_CONNECTION_REFUSED @ http://localhost:5173/@vite/client:1034
[30029752ms] [ERROR] WebSocket connection to 'ws://localhost:5173/' failed: Error in connection establishment: net::ERR_CONNECTION_REFUSED @ http://localhost:5173/@vite/client:1034
[30034932ms] [ERROR] WebSocket connection to 'ws://localhost:5173/' failed: Error in connection establishment: net::ERR_CONNECTION_REFUSED @ http://localhost:5173/@vite/client:1034
[30038724ms] [ERROR] WebSocket connection to 'ws://localhost:5173/' failed: Error in connection establishment: net::ERR_CONNECTION_REFUSED @ http://localhost:5173/@vite/client:1034
[30044546ms] [ERROR] WebSocket connection to 'ws://localhost:5173/' failed: Error in connection establishment: net::ERR_CONNECTION_REFUSED @ http://localhost:5173/@vite/client:1034
[30047093ms] [ERROR] WebSocket connection to 'ws://localhost:5173/' failed: Error in connection establishment: net::ERR_CONNECTION_REFUSED @ http://localhost:5173/@vite/client:1034
[30052029ms] [ERROR] WebSocket connection to 'ws://localhost:5173/' failed: Error in connection establishment: net::ERR_CONNECTION_REFUSED @ http://localhost:5173/@vite/client:1034
[30056014ms] [ERROR] WebSocket connection to 'ws://localhost:5173/' failed: Error in connection establishment: net::ERR_CONNECTION_REFUSED @ http://localhost:5173/@vite/client:1034
[30058807ms] [ERROR] WebSocket connection to 'ws://localhost:5173/' failed: Error in connection establishment: net::ERR_CONNECTION_REFUSED @ http://localhost:5173/@vite/client:1034
[30064119ms] [ERROR] WebSocket connection to 'ws://localhost:5173/' failed: Error in connection establishment: net::ERR_CONNECTION_REFUSED @ http://localhost:5173/@vite/client:1034
[30067506ms] [ERROR] WebSocket connection to 'ws://localhost:5173/' failed: Error in connection establishment: net::ERR_CONNECTION_REFUSED @ http://localhost:5173/@vite/client:1034
[30073437ms] [ERROR] WebSocket connection to 'ws://localhost:5173/' failed: Error in connection establishment: net::ERR_CONNECTION_REFUSED @ http://localhost:5173/@vite/client:1034
[30078898ms] [ERROR] WebSocket connection to 'ws://localhost:5173/' failed: Error in connection establishment: net::ERR_CONNECTION_REFUSED @ http://localhost:5173/@vite/client:1034
[30081173ms] [ERROR] WebSocket connection to 'ws://localhost:5173/' failed: Error in connection establishment: net::ERR_CONNECTION_REFUSED @ http://localhost:5173/@vite/client:1034
[30149425ms] [ERROR] WebSocket connection to 'ws://localhost:5173/' failed: Error in connection establishment: net::ERR_CONNECTION_REFUSED @ http://localhost:5173/@vite/client:1034
[30153577ms] [ERROR] WebSocket connection to 'ws://localhost:5173/' failed: Error in connection establishment: net::ERR_CONNECTION_REFUSED @ http://localhost:5173/@vite/client:1034
[30159571ms] [ERROR] WebSocket connection to 'ws://localhost:5173/' failed: Error in connection establishment: net::ERR_CONNECTION_REFUSED @ http://localhost:5173/@vite/client:1034
[30162568ms] [ERROR] WebSocket connection to 'ws://localhost:5173/' failed: Error in connection establishment: net::ERR_CONNECTION_REFUSED @ http://localhost:5173/@vite/client:1034
[30165123ms] [ERROR] WebSocket connection to 'ws://localhost:5173/' failed: Error in connection establishment: net::ERR_CONNECTION_REFUSED @ http://localhost:5173/@vite/client:1034
[30168655ms] [ERROR] WebSocket connection to 'ws://localhost:5173/' failed: Error in connection establishment: net::ERR_CONNECTION_REFUSED @ http://localhost:5173/@vite/client:1034
[30174267ms] [ERROR] WebSocket connection to 'ws://localhost:5173/' failed: Error in connection establishment: net::ERR_CONNECTION_REFUSED @ http://localhost:5173/@vite/client:1034
[30177429ms] [ERROR] WebSocket connection to 'ws://localhost:5173/' failed: Error in connection establishment: net::ERR_CONNECTION_REFUSED @ http://localhost:5173/@vite/client:1034
[30182497ms] [ERROR] WebSocket connection to 'ws://localhost:5173/' failed: Error in connection establishment: net::ERR_CONNECTION_REFUSED @ http://localhost:5173/@vite/client:1034
[30184610ms] [ERROR] WebSocket connection to 'ws://localhost:5173/' failed: Error in connection establishment: net::ERR_CONNECTION_REFUSED @ http://localhost:5173/@vite/client:1034
[30186655ms] [ERROR] WebSocket connection to 'ws://localhost:5173/' failed: Error in connection establishment: net::ERR_CONNECTION_REFUSED @ http://localhost:5173/@vite/client:1034
[30189369ms] [ERROR] WebSocket connection to 'ws://localhost:5173/' failed: Error in connection establishment: net::ERR_CONNECTION_REFUSED @ http://localhost:5173/@vite/client:1034
[30193187ms] [ERROR] WebSocket connection to 'ws://localhost:5173/' failed: Error in connection establishment: net::ERR_CONNECTION_REFUSED @ http://localhost:5173/@vite/client:1034
[30197099ms] [ERROR] WebSocket connection to 'ws://localhost:5173/' failed: Error in connection establishment: net::ERR_CONNECTION_REFUSED @ http://localhost:5173/@vite/client:1034
[30268198ms] [ERROR] WebSocket connection to 'ws://localhost:5173/' failed: Error in connection establishment: net::ERR_CONNECTION_REFUSED @ http://localhost:5173/@vite/client:1034
[30270404ms] [ERROR] WebSocket connection to 'ws://localhost:5173/' failed: Error in connection establishment: net::ERR_CONNECTION_REFUSED @ http://localhost:5173/@vite/client:1034
[30274733ms] [ERROR] WebSocket connection to 'ws://localhost:5173/' failed: Error in connection establishment: net::ERR_CONNECTION_REFUSED @ http://localhost:5173/@vite/client:1034
[30278647ms] [ERROR] WebSocket connection to 'ws://localhost:5173/' failed: Error in connection establishment: net::ERR_CONNECTION_REFUSED @ http://localhost:5173/@vite/client:1034
[30281644ms] [ERROR] WebSocket connection to 'ws://localhost:5173/' failed: Error in connection establishment: net::ERR_CONNECTION_REFUSED @ http://localhost:5173/@vite/client:1034
[30285660ms] [ERROR] WebSocket connection to 'ws://localhost:5173/' failed: Error in connection establishment: net::ERR_CONNECTION_REFUSED @ http://localhost:5173/@vite/client:1034
[30369154ms] [ERROR] WebSocket connection to 'ws://localhost:5173/' failed: Error in connection establishment: net::ERR_CONNECTION_REFUSED @ http://localhost:5173/@vite/client:1034
[30372919ms] [ERROR] WebSocket connection to 'ws://localhost:5173/' failed: Error in connection establishment: net::ERR_CONNECTION_REFUSED @ http://localhost:5173/@vite/client:1034
[30376191ms] [ERROR] WebSocket connection to 'ws://localhost:5173/' failed: Error in connection establishment: net::ERR_CONNECTION_REFUSED @ http://localhost:5173/@vite/client:1034
[30379074ms] [ERROR] WebSocket connection to 'ws://localhost:5173/' failed: Error in connection establishment: net::ERR_CONNECTION_REFUSED @ http://localhost:5173/@vite/client:1034
[30384793ms] [ERROR] WebSocket connection to 'ws://localhost:5173/' failed: Error in connection establishment: net::ERR_CONNECTION_REFUSED @ http://localhost:5173/@vite/client:1034
[30399693ms] [ERROR] WebSocket connection to 'ws://localhost:5173/' failed: Error in connection establishment: net::ERR_CONNECTION_REFUSED @ http://localhost:5173/@vite/client:1034
[30402941ms] [ERROR] WebSocket connection to 'ws://localhost:5173/' failed: Error in connection establishment: net::ERR_CONNECTION_REFUSED @ http://localhost:5173/@vite/client:1034
[30407306ms] [ERROR] WebSocket connection to 'ws://localhost:5173/' failed: Error in connection establishment: net::ERR_CONNECTION_REFUSED @ http://localhost:5173/@vite/client:1034
[30409665ms] [ERROR] WebSocket connection to 'ws://localhost:5173/' failed: Error in connection establishment: net::ERR_CONNECTION_REFUSED @ http://localhost:5173/@vite/client:1034
[30413968ms] [ERROR] WebSocket connection to 'ws://localhost:5173/' failed: Error in connection establishment: net::ERR_CONNECTION_REFUSED @ http://localhost:5173/@vite/client:1034
[30419090ms] [ERROR] WebSocket connection to 'ws://localhost:5173/' failed: Error in connection establishment: net::ERR_CONNECTION_REFUSED @ http://localhost:5173/@vite/client:1034
[30423122ms] [ERROR] WebSocket connection to 'ws://localhost:5173/' failed: Error in connection establishment: net::ERR_CONNECTION_REFUSED @ http://localhost:5173/@vite/client:1034
[30426670ms] [ERROR] WebSocket connection to 'ws://localhost:5173/' failed: Error in connection establishment: net::ERR_CONNECTION_REFUSED @ http://localhost:5173/@vite/client:1034
[30432350ms] [ERROR] WebSocket connection to 'ws://localhost:5173/' failed: Error in connection establishment: net::ERR_CONNECTION_REFUSED @ http://localhost:5173/@vite/client:1034
[30435150ms] [ERROR] WebSocket connection to 'ws://localhost:5173/' failed: Error in connection establishment: net::ERR_CONNECTION_REFUSED @ http://localhost:5173/@vite/client:1034
[30440354ms] [ERROR] WebSocket connection to 'ws://localhost:5173/' failed: Error in connection establishment: net::ERR_CONNECTION_REFUSED @ http://localhost:5173/@vite/client:1034
[30445120ms] [ERROR] WebSocket connection to 'ws://localhost:5173/' failed: Error in connection establishment: net::ERR_CONNECTION_REFUSED @ http://localhost:5173/@vite/client:1034
[30448908ms] [ERROR] WebSocket connection to 'ws://localhost:5173/' failed: Error in connection establishment: net::ERR_CONNECTION_REFUSED @ http://localhost:5173/@vite/client:1034
[30453083ms] [ERROR] WebSocket connection to 'ws://localhost:5173/' failed: Error in connection establishment: net::ERR_CONNECTION_REFUSED @ http://localhost:5173/@vite/client:1034
[30884763ms] [ERROR] WebSocket connection to 'ws://localhost:5173/' failed: Error in connection establishment: net::ERR_CONNECTION_REFUSED @ http://localhost:5173/@vite/client:1034
[30887469ms] [ERROR] WebSocket connection to 'ws://localhost:5173/' failed: Error in connection establishment: net::ERR_CONNECTION_REFUSED @ http://localhost:5173/@vite/client:1034
[30890780ms] [ERROR] WebSocket connection to 'ws://localhost:5173/' failed: Error in connection establishment: net::ERR_CONNECTION_REFUSED @ http://localhost:5173/@vite/client:1034
[30896114ms] [ERROR] WebSocket connection to 'ws://localhost:5173/' failed: Error in connection establishment: net::ERR_CONNECTION_REFUSED @ http://localhost:5173/@vite/client:1034
[30899529ms] [ERROR] WebSocket connection to 'ws://localhost:5173/' failed: Error in connection establishment: net::ERR_CONNECTION_REFUSED @ http://localhost:5173/@vite/client:1034
[31000997ms] [ERROR] WebSocket connection to 'ws://localhost:5173/' failed: Error in connection establishment: net::ERR_CONNECTION_REFUSED @ http://localhost:5173/@vite/client:1034
[31003846ms] [ERROR] WebSocket connection to 'ws://localhost:5173/' failed: Error in connection establishment: net::ERR_CONNECTION_REFUSED @ http://localhost:5173/@vite/client:1034
[31009165ms] [ERROR] WebSocket connection to 'ws://localhost:5173/' failed: Error in connection establishment: net::ERR_CONNECTION_REFUSED @ http://localhost:5173/@vite/client:1034
[31012517ms] [ERROR] WebSocket connection to 'ws://localhost:5173/' failed: Error in connection establishment: net::ERR_CONNECTION_REFUSED @ http://localhost:5173/@vite/client:1034
[31017223ms] [ERROR] WebSocket connection to 'ws://localhost:5173/' failed: Error in connection establishment: net::ERR_CONNECTION_REFUSED @ http://localhost:5173/@vite/client:1034
[31021165ms] [ERROR] WebSocket connection to 'ws://localhost:5173/' failed: Error in connection establishment: net::ERR_CONNECTION_REFUSED @ http://localhost:5173/@vite/client:1034
[31026099ms] [ERROR] WebSocket connection to 'ws://localhost:5173/' failed: Error in connection establishment: net::ERR_CONNECTION_REFUSED @ http://localhost:5173/@vite/client:1034
[31027124ms] [ERROR] WebSocket connection to 'ws://localhost:5173/' failed: Error in connection establishment: net::ERR_CONNECTION_REFUSED @ http://localhost:5173/@vite/client:1034
[31028144ms] [ERROR] WebSocket connection to 'ws://localhost:5173/' failed: Error in connection establishment: net::ERR_CONNECTION_REFUSED @ http://localhost:5173/@vite/client:1034
[31029166ms] [ERROR] WebSocket connection to 'ws://localhost:5173/' failed: Error in connection establishment: net::ERR_CONNECTION_REFUSED @ http://localhost:5173/@vite/client:1034
[31030202ms] [ERROR] WebSocket connection to 'ws://localhost:5173/' failed: Error in connection establishment: net::ERR_CONNECTION_REFUSED @ http://localhost:5173/@vite/client:1034
[31031218ms] [ERROR] WebSocket connection to 'ws://localhost:5173/' failed: Error in connection establishment: net::ERR_CONNECTION_REFUSED @ http://localhost:5173/@vite/client:1034
[31032241ms] [ERROR] WebSocket connection to 'ws://localhost:5173/' failed: Error in connection establishment: net::ERR_CONNECTION_REFUSED @ http://localhost:5173/@vite/client:1034
[31033273ms] [ERROR] WebSocket connection to 'ws://localhost:5173/' failed: Error in connection establishment: net::ERR_CONNECTION_REFUSED @ http://localhost:5173/@vite/client:1034
[31034304ms] [ERROR] WebSocket connection to 'ws://localhost:5173/' failed: Error in connection establishment: net::ERR_CONNECTION_REFUSED @ http://localhost:5173/@vite/client:1034
[31035354ms] [ERROR] WebSocket connection to 'ws://localhost:5173/' failed: Error in connection establishment: net::ERR_CONNECTION_REFUSED @ http://localhost:5173/@vite/client:1034
[31036420ms] [ERROR] WebSocket connection to 'ws://localhost:5173/' failed: Error in connection establishment: net::ERR_CONNECTION_REFUSED @ http://localhost:5173/@vite/client:1034
[31037534ms] [ERROR] WebSocket connection to 'ws://localhost:5173/' failed: Error in connection establishment: net::ERR_CONNECTION_REFUSED @ http://localhost:5173/@vite/client:1034
[31038675ms] [ERROR] WebSocket connection to 'ws://localhost:5173/' failed: Error in connection establishment: net::ERR_CONNECTION_REFUSED @ http://localhost:5173/@vite/client:1034
[31039989ms] [ERROR] WebSocket connection to 'ws://localhost:5173/' failed: Error in connection establishment: net::ERR_CONNECTION_REFUSED @ http://localhost:5173/@vite/client:1034
[31041741ms] [ERROR] WebSocket connection to 'ws://localhost:5173/' failed: Error in connection establishment: net::ERR_CONNECTION_REFUSED @ http://localhost:5173/@vite/client:1034
[31044214ms] [ERROR] WebSocket connection to 'ws://localhost:5173/' failed: Error in connection establishment: net::ERR_CONNECTION_REFUSED @ http://localhost:5173/@vite/client:1034
[31047476ms] [ERROR] WebSocket connection to 'ws://localhost:5173/' failed: Error in connection establishment: net::ERR_CONNECTION_REFUSED @ http://localhost:5173/@vite/client:1034
[31102433ms] [ERROR] WebSocket connection to 'ws://localhost:5173/' failed: Error in connection establishment: net::ERR_CONNECTION_REFUSED @ http://localhost:5173/@vite/client:1034
[31106282ms] [ERROR] WebSocket connection to 'ws://localhost:5173/' failed: Error in connection establishment: net::ERR_CONNECTION_REFUSED @ http://localhost:5173/@vite/client:1034
[31111594ms] [ERROR] WebSocket connection to 'ws://localhost:5173/' failed: Error in connection establishment: net::ERR_CONNECTION_REFUSED @ http://localhost:5173/@vite/client:1034
[31116608ms] [ERROR] WebSocket connection to 'ws://localhost:5173/' failed: Error in connection establishment: net::ERR_CONNECTION_REFUSED @ http://localhost:5173/@vite/client:1034
[31193945ms] [ERROR] WebSocket connection to 'ws://localhost:5173/' failed: Error in connection establishment: net::ERR_CONNECTION_REFUSED @ http://localhost:5173/@vite/client:1034
[31196868ms] [ERROR] WebSocket connection to 'ws://localhost:5173/' failed: Error in connection establishment: net::ERR_CONNECTION_REFUSED @ http://localhost:5173/@vite/client:1034
[31201988ms] [ERROR] WebSocket connection to 'ws://localhost:5173/' failed: Error in connection establishment: net::ERR_CONNECTION_REFUSED @ http://localhost:5173/@vite/client:1034
[31205922ms] [ERROR] WebSocket connection to 'ws://localhost:5173/' failed: Error in connection establishment: net::ERR_CONNECTION_REFUSED @ http://localhost:5173/@vite/client:1034
[31318927ms] [ERROR] WebSocket connection to 'ws://localhost:5173/' failed: Error in connection establishment: net::ERR_CONNECTION_REFUSED @ http://localhost:5173/@vite/client:1034
[31321903ms] [ERROR] WebSocket connection to 'ws://localhost:5173/' failed: Error in connection establishment: net::ERR_CONNECTION_REFUSED @ http://localhost:5173/@vite/client:1034
[31324322ms] [ERROR] WebSocket connection to 'ws://localhost:5173/' failed: Error in connection establishment: net::ERR_CONNECTION_REFUSED @ http://localhost:5173/@vite/client:1034
[31326821ms] [ERROR] WebSocket connection to 'ws://localhost:5173/' failed: Error in connection establishment: net::ERR_CONNECTION_REFUSED @ http://localhost:5173/@vite/client:1034
[31332440ms] [ERROR] WebSocket connection to 'ws://localhost:5173/' failed: Error in connection establishment: net::ERR_CONNECTION_REFUSED @ http://localhost:5173/@vite/client:1034
[31336404ms] [ERROR] WebSocket connection to 'ws://localhost:5173/' failed: Error in connection establishment: net::ERR_CONNECTION_REFUSED @ http://localhost:5173/@vite/client:1034
[31460171ms] [ERROR] WebSocket connection to 'ws://localhost:5173/' failed: Error in connection establishment: net::ERR_CONNECTION_REFUSED @ http://localhost:5173/@vite/client:1034
[31465451ms] [ERROR] WebSocket connection to 'ws://localhost:5173/' failed: Error in connection establishment: net::ERR_CONNECTION_REFUSED @ http://localhost:5173/@vite/client:1034
[31468867ms] [ERROR] WebSocket connection to 'ws://localhost:5173/' failed: Error in connection establishment: net::ERR_CONNECTION_REFUSED @ http://localhost:5173/@vite/client:1034
[31472310ms] [ERROR] WebSocket connection to 'ws://localhost:5173/' failed: Error in connection establishment: net::ERR_CONNECTION_REFUSED @ http://localhost:5173/@vite/client:1034
[31475755ms] [ERROR] WebSocket connection to 'ws://localhost:5173/' failed: Error in connection establishment: net::ERR_CONNECTION_REFUSED @ http://localhost:5173/@vite/client:1034
[31598792ms] [ERROR] WebSocket connection to 'ws://localhost:5173/' failed: Error in connection establishment: net::ERR_CONNECTION_REFUSED @ http://localhost:5173/@vite/client:1034
[31602111ms] [ERROR] WebSocket connection to 'ws://localhost:5173/' failed: Error in connection establishment: net::ERR_CONNECTION_REFUSED @ http://localhost:5173/@vite/client:1034
[31604468ms] [ERROR] WebSocket connection to 'ws://localhost:5173/' failed: Error in connection establishment: net::ERR_CONNECTION_REFUSED @ http://localhost:5173/@vite/client:1034
[31607316ms] [ERROR] WebSocket connection to 'ws://localhost:5173/' failed: Error in connection establishment: net::ERR_CONNECTION_REFUSED @ http://localhost:5173/@vite/client:1034
[31609920ms] [ERROR] WebSocket connection to 'ws://localhost:5173/' failed: Error in connection establishment: net::ERR_CONNECTION_REFUSED @ http://localhost:5173/@vite/client:1034
[31614512ms] [ERROR] WebSocket connection to 'ws://localhost:5173/' failed: Error in connection establishment: net::ERR_CONNECTION_REFUSED @ http://localhost:5173/@vite/client:1034
[31617142ms] [ERROR] WebSocket connection to 'ws://localhost:5173/' failed: Error in connection establishment: net::ERR_CONNECTION_REFUSED @ http://localhost:5173/@vite/client:1034
[31620834ms] [ERROR] WebSocket connection to 'ws://localhost:5173/' failed: Error in connection establishment: net::ERR_CONNECTION_REFUSED @ http://localhost:5173/@vite/client:1034
[31626756ms] [ERROR] WebSocket connection to 'ws://localhost:5173/' failed: Error in connection establishment: net::ERR_CONNECTION_REFUSED @ http://localhost:5173/@vite/client:1034
[31631746ms] [ERROR] WebSocket connection to 'ws://localhost:5173/' failed: Error in connection establishment: net::ERR_CONNECTION_REFUSED @ http://localhost:5173/@vite/client:1034
[31636108ms] [ERROR] WebSocket connection to 'ws://localhost:5173/' failed: Error in connection establishment: net::ERR_CONNECTION_REFUSED @ http://localhost:5173/@vite/client:1034
[31638199ms] [ERROR] WebSocket connection to 'ws://localhost:5173/' failed: Error in connection establishment: net::ERR_CONNECTION_REFUSED @ http://localhost:5173/@vite/client:1034
[31641260ms] [ERROR] WebSocket connection to 'ws://localhost:5173/' failed: Error in connection establishment: net::ERR_CONNECTION_REFUSED @ http://localhost:5173/@vite/client:1034
[31645813ms] [ERROR] WebSocket connection to 'ws://localhost:5173/' failed: Error in connection establishment: net::ERR_CONNECTION_REFUSED @ http://localhost:5173/@vite/client:1034
[31648751ms] [ERROR] WebSocket connection to 'ws://localhost:5173/' failed: Error in connection establishment: net::ERR_CONNECTION_REFUSED @ http://localhost:5173/@vite/client:1034
[31891396ms] [ERROR] WebSocket connection to 'ws://localhost:5173/' failed: Error in connection establishment: net::ERR_CONNECTION_REFUSED @ http://localhost:5173/@vite/client:1034
[31895773ms] [ERROR] WebSocket connection to 'ws://localhost:5173/' failed: Error in connection establishment: net::ERR_CONNECTION_REFUSED @ http://localhost:5173/@vite/client:1034
[31899719ms] [ERROR] WebSocket connection to 'ws://localhost:5173/' failed: Error in connection establishment: net::ERR_CONNECTION_REFUSED @ http://localhost:5173/@vite/client:1034
[31903111ms] [ERROR] WebSocket connection to 'ws://localhost:5173/' failed: Error in connection establishment: net::ERR_CONNECTION_REFUSED @ http://localhost:5173/@vite/client:1034
[31916785ms] [ERROR] WebSocket connection to 'ws://localhost:5173/' failed: Error in connection establishment: net::ERR_CONNECTION_REFUSED @ http://localhost:5173/@vite/client:1034
[31921310ms] [ERROR] WebSocket connection to 'ws://localhost:5173/' failed: Error in connection establishment: net::ERR_CONNECTION_REFUSED @ http://localhost:5173/@vite/client:1034
[31927177ms] [ERROR] WebSocket connection to 'ws://localhost:5173/' failed: Error in connection establishment: net::ERR_CONNECTION_REFUSED @ http://localhost:5173/@vite/client:1034
[31931973ms] [ERROR] WebSocket connection to 'ws://localhost:5173/' failed: Error in connection establishment: net::ERR_CONNECTION_REFUSED @ http://localhost:5173/@vite/client:1034
[31996254ms] [ERROR] WebSocket connection to 'ws://localhost:5173/' failed: Error in connection establishment: net::ERR_CONNECTION_REFUSED @ http://localhost:5173/@vite/client:1034
[32002197ms] [ERROR] WebSocket connection to 'ws://localhost:5173/' failed: Error in connection establishment: net::ERR_CONNECTION_REFUSED @ http://localhost:5173/@vite/client:1034
[32006928ms] [ERROR] WebSocket connection to 'ws://localhost:5173/' failed: Error in connection establishment: net::ERR_CONNECTION_REFUSED @ http://localhost:5173/@vite/client:1034
[32009264ms] [ERROR] WebSocket connection to 'ws://localhost:5173/' failed: Error in connection establishment: net::ERR_CONNECTION_REFUSED @ http://localhost:5173/@vite/client:1034
[32011515ms] [ERROR] WebSocket connection to 'ws://localhost:5173/' failed: Error in connection establishment: net::ERR_CONNECTION_REFUSED @ http://localhost:5173/@vite/client:1034
[32014837ms] [ERROR] WebSocket connection to 'ws://localhost:5173/' failed: Error in connection establishment: net::ERR_CONNECTION_REFUSED @ http://localhost:5173/@vite/client:1034
[32168509ms] [ERROR] WebSocket connection to 'ws://localhost:5173/' failed: Error in connection establishment: net::ERR_CONNECTION_REFUSED @ http://localhost:5173/@vite/client:1034
[32172940ms] [ERROR] WebSocket connection to 'ws://localhost:5173/' failed: Error in connection establishment: net::ERR_CONNECTION_REFUSED @ http://localhost:5173/@vite/client:1034
[32175994ms] [ERROR] WebSocket connection to 'ws://localhost:5173/' failed: Error in connection establishment: net::ERR_CONNECTION_REFUSED @ http://localhost:5173/@vite/client:1034
[32180636ms] [ERROR] WebSocket connection to 'ws://localhost:5173/' failed: Error in connection establishment: net::ERR_CONNECTION_REFUSED @ http://localhost:5173/@vite/client:1034
[32201362ms] [ERROR] WebSocket connection to 'ws://localhost:5173/' failed: Error in connection establishment: net::ERR_CONNECTION_REFUSED @ http://localhost:5173/@vite/client:1034
[32206671ms] [ERROR] WebSocket connection to 'ws://localhost:5173/' failed: Error in connection establishment: net::ERR_CONNECTION_REFUSED @ http://localhost:5173/@vite/client:1034
[32211070ms] [ERROR] WebSocket connection to 'ws://localhost:5173/' failed: Error in connection establishment: net::ERR_CONNECTION_REFUSED @ http://localhost:5173/@vite/client:1034
[32215618ms] [ERROR] WebSocket connection to 'ws://localhost:5173/' failed: Error in connection establishment: net::ERR_CONNECTION_REFUSED @ http://localhost:5173/@vite/client:1034
[32218433ms] [ERROR] WebSocket connection to 'ws://localhost:5173/' failed: Error in connection establishment: net::ERR_CONNECTION_REFUSED @ http://localhost:5173/@vite/client:1034
[32220653ms] [ERROR] WebSocket connection to 'ws://localhost:5173/' failed: Error in connection establishment: net::ERR_CONNECTION_REFUSED @ http://localhost:5173/@vite/client:1034
[32226658ms] [ERROR] WebSocket connection to 'ws://localhost:5173/' failed: Error in connection establishment: net::ERR_CONNECTION_REFUSED @ http://localhost:5173/@vite/client:1034
[32229534ms] [ERROR] WebSocket connection to 'ws://localhost:5173/' failed: Error in connection establishment: net::ERR_CONNECTION_REFUSED @ http://localhost:5173/@vite/client:1034
[32234777ms] [ERROR] WebSocket connection to 'ws://localhost:5173/' failed: Error in connection establishment: net::ERR_CONNECTION_REFUSED @ http://localhost:5173/@vite/client:1034
[32239689ms] [ERROR] WebSocket connection to 'ws://localhost:5173/' failed: Error in connection establishment: net::ERR_CONNECTION_REFUSED @ http://localhost:5173/@vite/client:1034
[32243308ms] [ERROR] WebSocket connection to 'ws://localhost:5173/' failed: Error in connection establishment: net::ERR_CONNECTION_REFUSED @ http://localhost:5173/@vite/client:1034
[32248447ms] [ERROR] WebSocket connection to 'ws://localhost:5173/' failed: Error in connection establishment: net::ERR_CONNECTION_REFUSED @ http://localhost:5173/@vite/client:1034
[32252168ms] [ERROR] WebSocket connection to 'ws://localhost:5173/' failed: Error in connection establishment: net::ERR_CONNECTION_REFUSED @ http://localhost:5173/@vite/client:1034
[32390673ms] [ERROR] WebSocket connection to 'ws://localhost:5173/' failed: Error in connection establishment: net::ERR_CONNECTION_REFUSED @ http://localhost:5173/@vite/client:1034
[32395104ms] [ERROR] WebSocket connection to 'ws://localhost:5173/' failed: Error in connection establishment: net::ERR_CONNECTION_REFUSED @ http://localhost:5173/@vite/client:1034
[32401059ms] [ERROR] WebSocket connection to 'ws://localhost:5173/' failed: Error in connection establishment: net::ERR_CONNECTION_REFUSED @ http://localhost:5173/@vite/client:1034
[32406058ms] [ERROR] WebSocket connection to 'ws://localhost:5173/' failed: Error in connection establishment: net::ERR_CONNECTION_REFUSED @ http://localhost:5173/@vite/client:1034
[32428032ms] [ERROR] WebSocket connection to 'ws://localhost:5173/' failed: Error in connection establishment: net::ERR_CONNECTION_REFUSED @ http://localhost:5173/@vite/client:1034
[32433608ms] [ERROR] WebSocket connection to 'ws://localhost:5173/' failed: Error in connection establishment: net::ERR_CONNECTION_REFUSED @ http://localhost:5173/@vite/client:1034
[32438962ms] [ERROR] WebSocket connection to 'ws://localhost:5173/' failed: Error in connection establishment: net::ERR_CONNECTION_REFUSED @ http://localhost:5173/@vite/client:1034
[32443458ms] [ERROR] WebSocket connection to 'ws://localhost:5173/' failed: Error in connection establishment: net::ERR_CONNECTION_REFUSED @ http://localhost:5173/@vite/client:1034
[32447116ms] [ERROR] WebSocket connection to 'ws://localhost:5173/' failed: Error in connection establishment: net::ERR_CONNECTION_REFUSED @ http://localhost:5173/@vite/client:1034
[32450586ms] [ERROR] WebSocket connection to 'ws://localhost:5173/' failed: Error in connection establishment: net::ERR_CONNECTION_REFUSED @ http://localhost:5173/@vite/client:1034
[32454037ms] [ERROR] WebSocket connection to 'ws://localhost:5173/' failed: Error in connection establishment: net::ERR_CONNECTION_REFUSED @ http://localhost:5173/@vite/client:1034
[32459972ms] [ERROR] WebSocket connection to 'ws://localhost:5173/' failed: Error in connection establishment: net::ERR_CONNECTION_REFUSED @ http://localhost:5173/@vite/client:1034
[32463312ms] [ERROR] WebSocket connection to 'ws://localhost:5173/' failed: Error in connection establishment: net::ERR_CONNECTION_REFUSED @ http://localhost:5173/@vite/client:1034
[32466344ms] [ERROR] WebSocket connection to 'ws://localhost:5173/' failed: Error in connection establishment: net::ERR_CONNECTION_REFUSED @ http://localhost:5173/@vite/client:1034
[32469358ms] [ERROR] WebSocket connection to 'ws://localhost:5173/' failed: Error in connection establishment: net::ERR_CONNECTION_REFUSED @ http://localhost:5173/@vite/client:1034
[32473999ms] [ERROR] WebSocket connection to 'ws://localhost:5173/' failed: Error in connection establishment: net::ERR_CONNECTION_REFUSED @ http://localhost:5173/@vite/client:1034
[32476200ms] [ERROR] WebSocket connection to 'ws://localhost:5173/' failed: Error in connection establishment: net::ERR_CONNECTION_REFUSED @ http://localhost:5173/@vite/client:1034
[32481171ms] [ERROR] WebSocket connection to 'ws://localhost:5173/' failed: Error in connection establishment: net::ERR_CONNECTION_REFUSED @ http://localhost:5173/@vite/client:1034
[32483501ms] [ERROR] WebSocket connection to 'ws://localhost:5173/' failed: Error in connection establishment: net::ERR_CONNECTION_REFUSED @ http://localhost:5173/@vite/client:1034
[32489197ms] [ERROR] WebSocket connection to 'ws://localhost:5173/' failed: Error in connection establishment: net::ERR_CONNECTION_REFUSED @ http://localhost:5173/@vite/client:1034
[32494480ms] [ERROR] WebSocket connection to 'ws://localhost:5173/' failed: Error in connection establishment: net::ERR_CONNECTION_REFUSED @ http://localhost:5173/@vite/client:1034
[32499145ms] [ERROR] WebSocket connection to 'ws://localhost:5173/' failed: Error in connection establishment: net::ERR_CONNECTION_REFUSED @ http://localhost:5173/@vite/client:1034
[32504362ms] [ERROR] WebSocket connection to 'ws://localhost:5173/' failed: Error in connection establishment: net::ERR_CONNECTION_REFUSED @ http://localhost:5173/@vite/client:1034
[32519005ms] [ERROR] WebSocket connection to 'ws://localhost:5173/' failed: Error in connection establishment: net::ERR_CONNECTION_REFUSED @ http://localhost:5173/@vite/client:1034
[32521570ms] [ERROR] WebSocket connection to 'ws://localhost:5173/' failed: Error in connection establishment: net::ERR_CONNECTION_REFUSED @ http://localhost:5173/@vite/client:1034
[32527063ms] [ERROR] WebSocket connection to 'ws://localhost:5173/' failed: Error in connection establishment: net::ERR_CONNECTION_REFUSED @ http://localhost:5173/@vite/client:1034
[32530022ms] [ERROR] WebSocket connection to 'ws://localhost:5173/' failed: Error in connection establishment: net::ERR_CONNECTION_REFUSED @ http://localhost:5173/@vite/client:1034
[32534074ms] [ERROR] WebSocket connection to 'ws://localhost:5173/' failed: Error in connection establishment: net::ERR_CONNECTION_REFUSED @ http://localhost:5173/@vite/client:1034
[32538182ms] [ERROR] WebSocket connection to 'ws://localhost:5173/' failed: Error in connection establishment: net::ERR_CONNECTION_REFUSED @ http://localhost:5173/@vite/client:1034
[32544176ms] [ERROR] WebSocket connection to 'ws://localhost:5173/' failed: Error in connection establishment: net::ERR_CONNECTION_REFUSED @ http://localhost:5173/@vite/client:1034
[32548124ms] [ERROR] WebSocket connection to 'ws://localhost:5173/' failed: Error in connection establishment: net::ERR_CONNECTION_REFUSED @ http://localhost:5173/@vite/client:1034
[32551345ms] [ERROR] WebSocket connection to 'ws://localhost:5173/' failed: Error in connection establishment: net::ERR_CONNECTION_REFUSED @ http://localhost:5173/@vite/client:1034
[32554610ms] [ERROR] WebSocket connection to 'ws://localhost:5173/' failed: Error in connection establishment: net::ERR_CONNECTION_REFUSED @ http://localhost:5173/@vite/client:1034
[32558172ms] [ERROR] WebSocket connection to 'ws://localhost:5173/' failed: Error in connection establishment: net::ERR_CONNECTION_REFUSED @ http://localhost:5173/@vite/client:1034
[32564194ms] [ERROR] WebSocket connection to 'ws://localhost:5173/' failed: Error in connection establishment: net::ERR_CONNECTION_REFUSED @ http://localhost:5173/@vite/client:1034
[32569334ms] [ERROR] WebSocket connection to 'ws://localhost:5173/' failed: Error in connection establishment: net::ERR_CONNECTION_REFUSED @ http://localhost:5173/@vite/client:1034
[32574565ms] [ERROR] WebSocket connection to 'ws://localhost:5173/' failed: Error in connection establishment: net::ERR_CONNECTION_REFUSED @ http://localhost:5173/@vite/client:1034
[32577052ms] [ERROR] WebSocket connection to 'ws://localhost:5173/' failed: Error in connection establishment: net::ERR_CONNECTION_REFUSED @ http://localhost:5173/@vite/client:1034
[32598186ms] [ERROR] WebSocket connection to 'ws://localhost:5173/' failed: Error in connection establishment: net::ERR_CONNECTION_REFUSED @ http://localhost:5173/@vite/client:1034
[32602378ms] [ERROR] WebSocket connection to 'ws://localhost:5173/' failed: Error in connection establishment: net::ERR_CONNECTION_REFUSED @ http://localhost:5173/@vite/client:1034
[32606397ms] [ERROR] WebSocket connection to 'ws://localhost:5173/' failed: Error in connection establishment: net::ERR_CONNECTION_REFUSED @ http://localhost:5173/@vite/client:1034
[32609682ms] [ERROR] WebSocket connection to 'ws://localhost:5173/' failed: Error in connection establishment: net::ERR_CONNECTION_REFUSED @ http://localhost:5173/@vite/client:1034
[32613272ms] [ERROR] WebSocket connection to 'ws://localhost:5173/' failed: Error in connection establishment: net::ERR_CONNECTION_REFUSED @ http://localhost:5173/@vite/client:1034
[32616941ms] [ERROR] WebSocket connection to 'ws://localhost:5173/' failed: Error in connection establishment: net::ERR_CONNECTION_REFUSED @ http://localhost:5173/@vite/client:1034
[32621054ms] [ERROR] WebSocket connection to 'ws://localhost:5173/' failed: Error in connection establishment: net::ERR_CONNECTION_REFUSED @ http://localhost:5173/@vite/client:1034
[32624824ms] [ERROR] WebSocket connection to 'ws://localhost:5173/' failed: Error in connection establishment: net::ERR_CONNECTION_REFUSED @ http://localhost:5173/@vite/client:1034
[32627472ms] [ERROR] WebSocket connection to 'ws://localhost:5173/' failed: Error in connection establishment: net::ERR_CONNECTION_REFUSED @ http://localhost:5173/@vite/client:1034
[32631748ms] [ERROR] WebSocket connection to 'ws://localhost:5173/' failed: Error in connection establishment: net::ERR_CONNECTION_REFUSED @ http://localhost:5173/@vite/client:1034
[32636354ms] [ERROR] WebSocket connection to 'ws://localhost:5173/' failed: Error in connection establishment: net::ERR_CONNECTION_REFUSED @ http://localhost:5173/@vite/client:1034
[32640963ms] [ERROR] WebSocket connection to 'ws://localhost:5173/' failed: Error in connection establishment: net::ERR_CONNECTION_REFUSED @ http://localhost:5173/@vite/client:1034
[32646794ms] [ERROR] WebSocket connection to 'ws://localhost:5173/' failed: Error in connection establishment: net::ERR_CONNECTION_REFUSED @ http://localhost:5173/@vite/client:1034
[32651397ms] [ERROR] WebSocket connection to 'ws://localhost:5173/' failed: Error in connection establishment: net::ERR_CONNECTION_REFUSED @ http://localhost:5173/@vite/client:1034
[32653956ms] [ERROR] WebSocket connection to 'ws://localhost:5173/' failed: Error in connection establishment: net::ERR_CONNECTION_REFUSED @ http://localhost:5173/@vite/client:1034
[32656263ms] [ERROR] WebSocket connection to 'ws://localhost:5173/' failed: Error in connection establishment: net::ERR_CONNECTION_REFUSED @ http://localhost:5173/@vite/client:1034
[32661845ms] [ERROR] WebSocket connection to 'ws://localhost:5173/' failed: Error in connection establishment: net::ERR_CONNECTION_REFUSED @ http://localhost:5173/@vite/client:1034
[32664123ms] [ERROR] WebSocket connection to 'ws://localhost:5173/' failed: Error in connection establishment: net::ERR_CONNECTION_REFUSED @ http://localhost:5173/@vite/client:1034
[32668453ms] [ERROR] WebSocket connection to 'ws://localhost:5173/' failed: Error in connection establishment: net::ERR_CONNECTION_REFUSED @ http://localhost:5173/@vite/client:1034
[32673364ms] [ERROR] WebSocket connection to 'ws://localhost:5173/' failed: Error in connection establishment: net::ERR_CONNECTION_REFUSED @ http://localhost:5173/@vite/client:1034
[32677674ms] [ERROR] WebSocket connection to 'ws://localhost:5173/' failed: Error in connection establishment: net::ERR_CONNECTION_REFUSED @ http://localhost:5173/@vite/client:1034
[32682746ms] [ERROR] WebSocket connection to 'ws://localhost:5173/' failed: Error in connection establishment: net::ERR_CONNECTION_REFUSED @ http://localhost:5173/@vite/client:1034
[32687762ms] [ERROR] WebSocket connection to 'ws://localhost:5173/' failed: Error in connection establishment: net::ERR_CONNECTION_REFUSED @ http://localhost:5173/@vite/client:1034
[32692285ms] [ERROR] WebSocket connection to 'ws://localhost:5173/' failed: Error in connection establishment: net::ERR_CONNECTION_REFUSED @ http://localhost:5173/@vite/client:1034
[32695561ms] [ERROR] WebSocket connection to 'ws://localhost:5173/' failed: Error in connection establishment: net::ERR_CONNECTION_REFUSED @ http://localhost:5173/@vite/client:1034
[32698519ms] [ERROR] WebSocket connection to 'ws://localhost:5173/' failed: Error in connection establishment: net::ERR_CONNECTION_REFUSED @ http://localhost:5173/@vite/client:1034
[32702704ms] [ERROR] WebSocket connection to 'ws://localhost:5173/' failed: Error in connection establishment: net::ERR_CONNECTION_REFUSED @ http://localhost:5173/@vite/client:1034
[32707597ms] [ERROR] WebSocket connection to 'ws://localhost:5173/' failed: Error in connection establishment: net::ERR_CONNECTION_REFUSED @ http://localhost:5173/@vite/client:1034
[32711750ms] [ERROR] WebSocket connection to 'ws://localhost:5173/' failed: Error in connection establishment: net::ERR_CONNECTION_REFUSED @ http://localhost:5173/@vite/client:1034
[32716354ms] [ERROR] WebSocket connection to 'ws://localhost:5173/' failed: Error in connection establishment: net::ERR_CONNECTION_REFUSED @ http://localhost:5173/@vite/client:1034
[32739895ms] [ERROR] WebSocket connection to 'ws://localhost:5173/' failed: Error in connection establishment: net::ERR_CONNECTION_REFUSED @ http://localhost:5173/@vite/client:1034
[32744877ms] [ERROR] WebSocket connection to 'ws://localhost:5173/' failed: Error in connection establishment: net::ERR_CONNECTION_REFUSED @ http://localhost:5173/@vite/client:1034
[32748573ms] [ERROR] WebSocket connection to 'ws://localhost:5173/' failed: Error in connection establishment: net::ERR_CONNECTION_REFUSED @ http://localhost:5173/@vite/client:1034
[32752624ms] [ERROR] WebSocket connection to 'ws://localhost:5173/' failed: Error in connection establishment: net::ERR_CONNECTION_REFUSED @ http://localhost:5173/@vite/client:1034
[32757708ms] [ERROR] WebSocket connection to 'ws://localhost:5173/' failed: Error in connection establishment: net::ERR_CONNECTION_REFUSED @ http://localhost:5173/@vite/client:1034
[32758714ms] [ERROR] WebSocket connection to 'ws://localhost:5173/' failed: Error in connection establishment: net::ERR_CONNECTION_REFUSED @ http://localhost:5173/@vite/client:1034
[32773559ms] [ERROR] WebSocket connection to 'ws://localhost:5173/' failed: Error in connection establishment: net::ERR_CONNECTION_REFUSED @ http://localhost:5173/@vite/client:1034
[32774561ms] [ERROR] WebSocket connection to 'ws://localhost:5173/' failed: Error in connection establishment: net::ERR_CONNECTION_REFUSED @ http://localhost:5173/@vite/client:1034
[32775567ms] [ERROR] WebSocket connection to 'ws://localhost:5173/' failed: Error in connection establishment: net::ERR_CONNECTION_REFUSED @ http://localhost:5173/@vite/client:1034
[32776572ms] [ERROR] WebSocket connection to 'ws://localhost:5173/' failed: Error in connection establishment: net::ERR_CONNECTION_REFUSED @ http://localhost:5173/@vite/client:1034
[32777579ms] [ERROR] WebSocket connection to 'ws://localhost:5173/' failed: Error in connection establishment: net::ERR_CONNECTION_REFUSED @ http://localhost:5173/@vite/client:1034
[32778593ms] [ERROR] WebSocket connection to 'ws://localhost:5173/' failed: Error in connection establishment: net::ERR_CONNECTION_REFUSED @ http://localhost:5173/@vite/client:1034
[32779608ms] [ERROR] WebSocket connection to 'ws://localhost:5173/' failed: Error in connection establishment: net::ERR_CONNECTION_REFUSED @ http://localhost:5173/@vite/client:1034
[32780636ms] [ERROR] WebSocket connection to 'ws://localhost:5173/' failed: Error in connection establishment: net::ERR_CONNECTION_REFUSED @ http://localhost:5173/@vite/client:1034
[32781718ms] [ERROR] WebSocket connection to 'ws://localhost:5173/' failed: Error in connection establishment: net::ERR_CONNECTION_REFUSED @ http://localhost:5173/@vite/client:1034
[32782883ms] [ERROR] WebSocket connection to 'ws://localhost:5173/' failed: Error in connection establishment: net::ERR_CONNECTION_REFUSED @ http://localhost:5173/@vite/client:1034
[32784102ms] [ERROR] WebSocket connection to 'ws://localhost:5173/' failed: Error in connection establishment: net::ERR_CONNECTION_REFUSED @ http://localhost:5173/@vite/client:1034
[32785677ms] [ERROR] WebSocket connection to 'ws://localhost:5173/' failed: Error in connection establishment: net::ERR_CONNECTION_REFUSED @ http://localhost:5173/@vite/client:1034
[32787101ms] [ERROR] WebSocket connection to 'ws://localhost:5173/' failed: Error in connection establishment: net::ERR_CONNECTION_REFUSED @ http://localhost:5173/@vite/client:1034
[32789159ms] [ERROR] WebSocket connection to 'ws://localhost:5173/' failed: Error in connection establishment: net::ERR_CONNECTION_REFUSED @ http://localhost:5173/@vite/client:1034
[32792183ms] [ERROR] WebSocket connection to 'ws://localhost:5173/' failed: Error in connection establishment: net::ERR_CONNECTION_REFUSED @ http://localhost:5173/@vite/client:1034
[32796867ms] [ERROR] WebSocket connection to 'ws://localhost:5173/' failed: Error in connection establishment: net::ERR_CONNECTION_REFUSED @ http://localhost:5173/@vite/client:1034
[32802175ms] [ERROR] WebSocket connection to 'ws://localhost:5173/' failed: Error in connection establishment: net::ERR_CONNECTION_REFUSED @ http://localhost:5173/@vite/client:1034
[32804328ms] [ERROR] WebSocket connection to 'ws://localhost:5173/' failed: Error in connection establishment: net::ERR_CONNECTION_REFUSED @ http://localhost:5173/@vite/client:1034
[32807707ms] [ERROR] WebSocket connection to 'ws://localhost:5173/' failed: Error in connection establishment: net::ERR_CONNECTION_REFUSED @ http://localhost:5173/@vite/client:1034
[32812871ms] [ERROR] WebSocket connection to 'ws://localhost:5173/' failed: Error in connection establishment: net::ERR_CONNECTION_REFUSED @ http://localhost:5173/@vite/client:1034
[32815723ms] [ERROR] WebSocket connection to 'ws://localhost:5173/' failed: Error in connection establishment: net::ERR_CONNECTION_REFUSED @ http://localhost:5173/@vite/client:1034
[32818770ms] [ERROR] WebSocket connection to 'ws://localhost:5173/' failed: Error in connection establishment: net::ERR_CONNECTION_REFUSED @ http://localhost:5173/@vite/client:1034
[32820932ms] [ERROR] WebSocket connection to 'ws://localhost:5173/' failed: Error in connection establishment: net::ERR_CONNECTION_REFUSED @ http://localhost:5173/@vite/client:1034
[32826722ms] [ERROR] WebSocket connection to 'ws://localhost:5173/' failed: Error in connection establishment: net::ERR_CONNECTION_REFUSED @ http://localhost:5173/@vite/client:1034
[33193529ms] [ERROR] WebSocket connection to 'ws://localhost:5173/' failed: Error in connection establishment: net::ERR_CONNECTION_REFUSED @ http://localhost:5173/@vite/client:1034
[33199413ms] [ERROR] WebSocket connection to 'ws://localhost:5173/' failed: Error in connection establishment: net::ERR_CONNECTION_REFUSED @ http://localhost:5173/@vite/client:1034
[33203557ms] [ERROR] WebSocket connection to 'ws://localhost:5173/' failed: Error in connection establishment: net::ERR_CONNECTION_REFUSED @ http://localhost:5173/@vite/client:1034
[33205607ms] [ERROR] WebSocket connection to 'ws://localhost:5173/' failed: Error in connection establishment: net::ERR_CONNECTION_REFUSED @ http://localhost:5173/@vite/client:1034
[33209675ms] [ERROR] WebSocket connection to 'ws://localhost:5173/' failed: Error in connection establishment: net::ERR_CONNECTION_REFUSED @ http://localhost:5173/@vite/client:1034
[33213990ms] [ERROR] WebSocket connection to 'ws://localhost:5173/' failed: Error in connection establishment: net::ERR_CONNECTION_REFUSED @ http://localhost:5173/@vite/client:1034
[33219900ms] [ERROR] WebSocket connection to 'ws://localhost:5173/' failed: Error in connection establishment: net::ERR_CONNECTION_REFUSED @ http://localhost:5173/@vite/client:1034
[33224850ms] [ERROR] WebSocket connection to 'ws://localhost:5173/' failed: Error in connection establishment: net::ERR_CONNECTION_REFUSED @ http://localhost:5173/@vite/client:1034
[33228294ms] [ERROR] WebSocket connection to 'ws://localhost:5173/' failed: Error in connection establishment: net::ERR_CONNECTION_REFUSED @ http://localhost:5173/@vite/client:1034
[33232774ms] [ERROR] WebSocket connection to 'ws://localhost:5173/' failed: Error in connection establishment: net::ERR_CONNECTION_REFUSED @ http://localhost:5173/@vite/client:1034
[33237166ms] [ERROR] WebSocket connection to 'ws://localhost:5173/' failed: Error in connection establishment: net::ERR_CONNECTION_REFUSED @ http://localhost:5173/@vite/client:1034
[33240698ms] [ERROR] WebSocket connection to 'ws://localhost:5173/' failed: Error in connection establishment: net::ERR_CONNECTION_REFUSED @ http://localhost:5173/@vite/client:1034
[33242839ms] [ERROR] WebSocket connection to 'ws://localhost:5173/' failed: Error in connection establishment: net::ERR_CONNECTION_REFUSED @ http://localhost:5173/@vite/client:1034
[33295461ms] [ERROR] WebSocket connection to 'ws://localhost:5173/' failed: Error in connection establishment: net::ERR_CONNECTION_REFUSED @ http://localhost:5173/@vite/client:1034
[33299450ms] [ERROR] WebSocket connection to 'ws://localhost:5173/' failed: Error in connection establishment: net::ERR_CONNECTION_REFUSED @ http://localhost:5173/@vite/client:1034
[33304774ms] [ERROR] WebSocket connection to 'ws://localhost:5173/' failed: Error in connection establishment: net::ERR_CONNECTION_REFUSED @ http://localhost:5173/@vite/client:1034
[33307071ms] [ERROR] WebSocket connection to 'ws://localhost:5173/' failed: Error in connection establishment: net::ERR_CONNECTION_REFUSED @ http://localhost:5173/@vite/client:1034
[33313100ms] [ERROR] WebSocket connection to 'ws://localhost:5173/' failed: Error in connection establishment: net::ERR_CONNECTION_REFUSED @ http://localhost:5173/@vite/client:1034
[33318291ms] [ERROR] WebSocket connection to 'ws://localhost:5173/' failed: Error in connection establishment: net::ERR_CONNECTION_REFUSED @ http://localhost:5173/@vite/client:1034
[33320733ms] [ERROR] WebSocket connection to 'ws://localhost:5173/' failed: Error in connection establishment: net::ERR_CONNECTION_REFUSED @ http://localhost:5173/@vite/client:1034
[33325662ms] [ERROR] WebSocket connection to 'ws://localhost:5173/' failed: Error in connection establishment: net::ERR_CONNECTION_REFUSED @ http://localhost:5173/@vite/client:1034
[33328796ms] [ERROR] WebSocket connection to 'ws://localhost:5173/' failed: Error in connection establishment: net::ERR_CONNECTION_REFUSED @ http://localhost:5173/@vite/client:1034
[33331857ms] [ERROR] WebSocket connection to 'ws://localhost:5173/' failed: Error in connection establishment: net::ERR_CONNECTION_REFUSED @ http://localhost:5173/@vite/client:1034
[33336858ms] [ERROR] WebSocket connection to 'ws://localhost:5173/' failed: Error in connection establishment: net::ERR_CONNECTION_REFUSED @ http://localhost:5173/@vite/client:1034
[33342682ms] [ERROR] WebSocket connection to 'ws://localhost:5173/' failed: Error in connection establishment: net::ERR_CONNECTION_REFUSED @ http://localhost:5173/@vite/client:1034
[33345304ms] [ERROR] WebSocket connection to 'ws://localhost:5173/' failed: Error in connection establishment: net::ERR_CONNECTION_REFUSED @ http://localhost:5173/@vite/client:1034
[33350153ms] [ERROR] WebSocket connection to 'ws://localhost:5173/' failed: Error in connection establishment: net::ERR_CONNECTION_REFUSED @ http://localhost:5173/@vite/client:1034
[33359244ms] [ERROR] WebSocket connection to 'ws://localhost:5173/' failed: Error in connection establishment: net::ERR_CONNECTION_REFUSED @ http://localhost:5173/@vite/client:1034
[33364204ms] [ERROR] WebSocket connection to 'ws://localhost:5173/' failed: Error in connection establishment: net::ERR_CONNECTION_REFUSED @ http://localhost:5173/@vite/client:1034
[33368079ms] [ERROR] WebSocket connection to 'ws://localhost:5173/' failed: Error in connection establishment: net::ERR_CONNECTION_REFUSED @ http://localhost:5173/@vite/client:1034
[33371432ms] [ERROR] WebSocket connection to 'ws://localhost:5173/' failed: Error in connection establishment: net::ERR_CONNECTION_REFUSED @ http://localhost:5173/@vite/client:1034
[33374486ms] [ERROR] WebSocket connection to 'ws://localhost:5173/' failed: Error in connection establishment: net::ERR_CONNECTION_REFUSED @ http://localhost:5173/@vite/client:1034
[33378879ms] [ERROR] WebSocket connection to 'ws://localhost:5173/' failed: Error in connection establishment: net::ERR_CONNECTION_REFUSED @ http://localhost:5173/@vite/client:1034
[33384126ms] [ERROR] WebSocket connection to 'ws://localhost:5173/' failed: Error in connection establishment: net::ERR_CONNECTION_REFUSED @ http://localhost:5173/@vite/client:1034
[33389455ms] [ERROR] WebSocket connection to 'ws://localhost:5173/' failed: Error in connection establishment: net::ERR_CONNECTION_REFUSED @ http://localhost:5173/@vite/client:1034
[33393960ms] [ERROR] WebSocket connection to 'ws://localhost:5173/' failed: Error in connection establishment: net::ERR_CONNECTION_REFUSED @ http://localhost:5173/@vite/client:1034
[33399219ms] [ERROR] WebSocket connection to 'ws://localhost:5173/' failed: Error in connection establishment: net::ERR_CONNECTION_REFUSED @ http://localhost:5173/@vite/client:1034
[33403843ms] [ERROR] WebSocket connection to 'ws://localhost:5173/' failed: Error in connection establishment: net::ERR_CONNECTION_REFUSED @ http://localhost:5173/@vite/client:1034
[33408692ms] [ERROR] WebSocket connection to 'ws://localhost:5173/' failed: Error in connection establishment: net::ERR_CONNECTION_REFUSED @ http://localhost:5173/@vite/client:1034
[33424857ms] [ERROR] WebSocket connection to 'ws://localhost:5173/' failed: Error in connection establishment: net::ERR_CONNECTION_REFUSED @ http://localhost:5173/@vite/client:1034
[33429600ms] [ERROR] WebSocket connection to 'ws://localhost:5173/' failed: Error in connection establishment: net::ERR_CONNECTION_REFUSED @ http://localhost:5173/@vite/client:1034
[33432331ms] [ERROR] WebSocket connection to 'ws://localhost:5173/' failed: Error in connection establishment: net::ERR_CONNECTION_REFUSED @ http://localhost:5173/@vite/client:1034
[33435605ms] [ERROR] WebSocket connection to 'ws://localhost:5173/' failed: Error in connection establishment: net::ERR_CONNECTION_REFUSED @ http://localhost:5173/@vite/client:1034
[33438302ms] [ERROR] WebSocket connection to 'ws://localhost:5173/' failed: Error in connection establishment: net::ERR_CONNECTION_REFUSED @ http://localhost:5173/@vite/client:1034
[33441449ms] [ERROR] WebSocket connection to 'ws://localhost:5173/' failed: Error in connection establishment: net::ERR_CONNECTION_REFUSED @ http://localhost:5173/@vite/client:1034
[33445387ms] [ERROR] WebSocket connection to 'ws://localhost:5173/' failed: Error in connection establishment: net::ERR_CONNECTION_REFUSED @ http://localhost:5173/@vite/client:1034
[33447617ms] [ERROR] WebSocket connection to 'ws://localhost:5173/' failed: Error in connection establishment: net::ERR_CONNECTION_REFUSED @ http://localhost:5173/@vite/client:1034
[33451313ms] [ERROR] WebSocket connection to 'ws://localhost:5173/' failed: Error in connection establishment: net::ERR_CONNECTION_REFUSED @ http://localhost:5173/@vite/client:1034
[33456766ms] [ERROR] WebSocket connection to 'ws://localhost:5173/' failed: Error in connection establishment: net::ERR_CONNECTION_REFUSED @ http://localhost:5173/@vite/client:1034
[33459242ms] [ERROR] WebSocket connection to 'ws://localhost:5173/' failed: Error in connection establishment: net::ERR_CONNECTION_REFUSED @ http://localhost:5173/@vite/client:1034
[33463011ms] [ERROR] WebSocket connection to 'ws://localhost:5173/' failed: Error in connection establishment: net::ERR_CONNECTION_REFUSED @ http://localhost:5173/@vite/client:1034
[33467846ms] [ERROR] WebSocket connection to 'ws://localhost:5173/' failed: Error in connection establishment: net::ERR_CONNECTION_REFUSED @ http://localhost:5173/@vite/client:1034
[33473836ms] [ERROR] WebSocket connection to 'ws://localhost:5173/' failed: Error in connection establishment: net::ERR_CONNECTION_REFUSED @ http://localhost:5173/@vite/client:1034
[33485803ms] [ERROR] WebSocket connection to 'ws://localhost:5173/' failed: Error in connection establishment: net::ERR_CONNECTION_REFUSED @ http://localhost:5173/@vite/client:1034
[33489767ms] [ERROR] WebSocket connection to 'ws://localhost:5173/' failed: Error in connection establishment: net::ERR_CONNECTION_REFUSED @ http://localhost:5173/@vite/client:1034
[33492314ms] [ERROR] WebSocket connection to 'ws://localhost:5173/' failed: Error in connection establishment: net::ERR_CONNECTION_REFUSED @ http://localhost:5173/@vite/client:1034
[33496690ms] [ERROR] WebSocket connection to 'ws://localhost:5173/' failed: Error in connection establishment: net::ERR_CONNECTION_REFUSED @ http://localhost:5173/@vite/client:1034
[33498944ms] [ERROR] WebSocket connection to 'ws://localhost:5173/' failed: Error in connection establishment: net::ERR_CONNECTION_REFUSED @ http://localhost:5173/@vite/client:1034
[33525660ms] [ERROR] WebSocket connection to 'ws://localhost:5173/' failed: Error in connection establishment: net::ERR_CONNECTION_REFUSED @ http://localhost:5173/@vite/client:1034
[33529171ms] [ERROR] WebSocket connection to 'ws://localhost:5173/' failed: Error in connection establishment: net::ERR_CONNECTION_REFUSED @ http://localhost:5173/@vite/client:1034
[33532068ms] [ERROR] WebSocket connection to 'ws://localhost:5173/' failed: Error in connection establishment: net::ERR_CONNECTION_REFUSED @ http://localhost:5173/@vite/client:1034
[33537658ms] [ERROR] WebSocket connection to 'ws://localhost:5173/' failed: Error in connection establishment: net::ERR_CONNECTION_REFUSED @ http://localhost:5173/@vite/client:1034
[33543520ms] [ERROR] WebSocket connection to 'ws://localhost:5173/' failed: Error in connection establishment: net::ERR_CONNECTION_REFUSED @ http://localhost:5173/@vite/client:1034
[33548424ms] [ERROR] WebSocket connection to 'ws://localhost:5173/' failed: Error in connection establishment: net::ERR_CONNECTION_REFUSED @ http://localhost:5173/@vite/client:1034
[33554063ms] [ERROR] WebSocket connection to 'ws://localhost:5173/' failed: Error in connection establishment: net::ERR_CONNECTION_REFUSED @ http://localhost:5173/@vite/client:1034
[33557981ms] [ERROR] WebSocket connection to 'ws://localhost:5173/' failed: Error in connection establishment: net::ERR_CONNECTION_REFUSED @ http://localhost:5173/@vite/client:1034
[33561892ms] [ERROR] WebSocket connection to 'ws://localhost:5173/' failed: Error in connection establishment: net::ERR_CONNECTION_REFUSED @ http://localhost:5173/@vite/client:1034
[33566837ms] [ERROR] WebSocket connection to 'ws://localhost:5173/' failed: Error in connection establishment: net::ERR_CONNECTION_REFUSED @ http://localhost:5173/@vite/client:1034
[33569865ms] [ERROR] WebSocket connection to 'ws://localhost:5173/' failed: Error in connection establishment: net::ERR_CONNECTION_REFUSED @ http://localhost:5173/@vite/client:1034
[33574098ms] [ERROR] WebSocket connection to 'ws://localhost:5173/' failed: Error in connection establishment: net::ERR_CONNECTION_REFUSED @ http://localhost:5173/@vite/client:1034
[33589622ms] [ERROR] WebSocket connection to 'ws://localhost:5173/' failed: Error in connection establishment: net::ERR_CONNECTION_REFUSED @ http://localhost:5173/@vite/client:1034
[33595216ms] [ERROR] WebSocket connection to 'ws://localhost:5173/' failed: Error in connection establishment: net::ERR_CONNECTION_REFUSED @ http://localhost:5173/@vite/client:1034
[33599698ms] [ERROR] WebSocket connection to 'ws://localhost:5173/' failed: Error in connection establishment: net::ERR_CONNECTION_REFUSED @ http://localhost:5173/@vite/client:1034
[33605339ms] [ERROR] WebSocket connection to 'ws://localhost:5173/' failed: Error in connection establishment: net::ERR_CONNECTION_REFUSED @ http://localhost:5173/@vite/client:1034
[33646651ms] [ERROR] WebSocket connection to 'ws://localhost:5173/' failed: Error in connection establishment: net::ERR_CONNECTION_REFUSED @ http://localhost:5173/@vite/client:1034
[33651670ms] [ERROR] WebSocket connection to 'ws://localhost:5173/' failed: Error in connection establishment: net::ERR_CONNECTION_REFUSED @ http://localhost:5173/@vite/client:1034
[33653849ms] [ERROR] WebSocket connection to 'ws://localhost:5173/' failed: Error in connection establishment: net::ERR_CONNECTION_REFUSED @ http://localhost:5173/@vite/client:1034
[33655888ms] [ERROR] WebSocket connection to 'ws://localhost:5173/' failed: Error in connection establishment: net::ERR_CONNECTION_REFUSED @ http://localhost:5173/@vite/client:1034
[33660370ms] [ERROR] WebSocket connection to 'ws://localhost:5173/' failed: Error in connection establishment: net::ERR_CONNECTION_REFUSED @ http://localhost:5173/@vite/client:1034
[33664807ms] [ERROR] WebSocket connection to 'ws://localhost:5173/' failed: Error in connection establishment: net::ERR_CONNECTION_REFUSED @ http://localhost:5173/@vite/client:1034
[33715031ms] [ERROR] WebSocket connection to 'ws://localhost:5173/' failed: Error in connection establishment: net::ERR_CONNECTION_REFUSED @ http://localhost:5173/@vite/client:1034
[33719930ms] [ERROR] WebSocket connection to 'ws://localhost:5173/' failed: Error in connection establishment: net::ERR_CONNECTION_REFUSED @ http://localhost:5173/@vite/client:1034
[33724431ms] [ERROR] WebSocket connection to 'ws://localhost:5173/' failed: Error in connection establishment: net::ERR_CONNECTION_REFUSED @ http://localhost:5173/@vite/client:1034
[33727680ms] [ERROR] WebSocket connection to 'ws://localhost:5173/' failed: Error in connection establishment: net::ERR_CONNECTION_REFUSED @ http://localhost:5173/@vite/client:1034
[33814892ms] [ERROR] WebSocket connection to 'ws://localhost:5173/' failed: Error in connection establishment: net::ERR_CONNECTION_REFUSED @ http://localhost:5173/@vite/client:1034
[33817748ms] [ERROR] WebSocket connection to 'ws://localhost:5173/' failed: Error in connection establishment: net::ERR_CONNECTION_REFUSED @ http://localhost:5173/@vite/client:1034
[33820847ms] [ERROR] WebSocket connection to 'ws://localhost:5173/' failed: Error in connection establishment: net::ERR_CONNECTION_REFUSED @ http://localhost:5173/@vite/client:1034
[33826222ms] [ERROR] WebSocket connection to 'ws://localhost:5173/' failed: Error in connection establishment: net::ERR_CONNECTION_REFUSED @ http://localhost:5173/@vite/client:1034
[33935864ms] [ERROR] WebSocket connection to 'ws://localhost:5173/' failed: Error in connection establishment: net::ERR_CONNECTION_REFUSED @ http://localhost:5173/@vite/client:1034
[33940749ms] [ERROR] WebSocket connection to 'ws://localhost:5173/' failed: Error in connection establishment: net::ERR_CONNECTION_REFUSED @ http://localhost:5173/@vite/client:1034
[33943985ms] [ERROR] WebSocket connection to 'ws://localhost:5173/' failed: Error in connection establishment: net::ERR_CONNECTION_REFUSED @ http://localhost:5173/@vite/client:1034
[33949319ms] [ERROR] WebSocket connection to 'ws://localhost:5173/' failed: Error in connection establishment: net::ERR_CONNECTION_REFUSED @ http://localhost:5173/@vite/client:1034
[34003569ms] [ERROR] WebSocket connection to 'ws://localhost:5173/' failed: Error in connection establishment: net::ERR_CONNECTION_REFUSED @ http://localhost:5173/@vite/client:1034
[34008349ms] [ERROR] WebSocket connection to 'ws://localhost:5173/' failed: Error in connection establishment: net::ERR_CONNECTION_REFUSED @ http://localhost:5173/@vite/client:1034
[34010904ms] [ERROR] WebSocket connection to 'ws://localhost:5173/' failed: Error in connection establishment: net::ERR_CONNECTION_REFUSED @ http://localhost:5173/@vite/client:1034
[34015593ms] [ERROR] WebSocket connection to 'ws://localhost:5173/' failed: Error in connection establishment: net::ERR_CONNECTION_REFUSED @ http://localhost:5173/@vite/client:1034
[34021189ms] [ERROR] WebSocket connection to 'ws://localhost:5173/' failed: Error in connection establishment: net::ERR_CONNECTION_REFUSED @ http://localhost:5173/@vite/client:1034
[34026083ms] [ERROR] WebSocket connection to 'ws://localhost:5173/' failed: Error in connection establishment: net::ERR_CONNECTION_REFUSED @ http://localhost:5173/@vite/client:1034
[34028964ms] [ERROR] WebSocket connection to 'ws://localhost:5173/' failed: Error in connection establishment: net::ERR_CONNECTION_REFUSED @ http://localhost:5173/@vite/client:1034
[34032639ms] [ERROR] WebSocket connection to 'ws://localhost:5173/' failed: Error in connection establishment: net::ERR_CONNECTION_REFUSED @ http://localhost:5173/@vite/client:1034
[34033665ms] [ERROR] WebSocket connection to 'ws://localhost:5173/' failed: Error in connection establishment: net::ERR_CONNECTION_REFUSED @ http://localhost:5173/@vite/client:1034
[34034694ms] [ERROR] WebSocket connection to 'ws://localhost:5173/' failed: Error in connection establishment: net::ERR_CONNECTION_REFUSED @ http://localhost:5173/@vite/client:1034
[34035720ms] [ERROR] WebSocket connection to 'ws://localhost:5173/' failed: Error in connection establishment: net::ERR_CONNECTION_REFUSED @ http://localhost:5173/@vite/client:1034
[34036746ms] [ERROR] WebSocket connection to 'ws://localhost:5173/' failed: Error in connection establishment: net::ERR_CONNECTION_REFUSED @ http://localhost:5173/@vite/client:1034
[34037773ms] [ERROR] WebSocket connection to 'ws://localhost:5173/' failed: Error in connection establishment: net::ERR_CONNECTION_REFUSED @ http://localhost:5173/@vite/client:1034
[34038794ms] [ERROR] WebSocket connection to 'ws://localhost:5173/' failed: Error in connection establishment: net::ERR_CONNECTION_REFUSED @ http://localhost:5173/@vite/client:1034
[34039833ms] [ERROR] WebSocket connection to 'ws://localhost:5173/' failed: Error in connection establishment: net::ERR_CONNECTION_REFUSED @ http://localhost:5173/@vite/client:1034
[34040883ms] [ERROR] WebSocket connection to 'ws://localhost:5173/' failed: Error in connection establishment: net::ERR_CONNECTION_REFUSED @ http://localhost:5173/@vite/client:1034
[34041944ms] [ERROR] WebSocket connection to 'ws://localhost:5173/' failed: Error in connection establishment: net::ERR_CONNECTION_REFUSED @ http://localhost:5173/@vite/client:1034
[34043022ms] [ERROR] WebSocket connection to 'ws://localhost:5173/' failed: Error in connection establishment: net::ERR_CONNECTION_REFUSED @ http://localhost:5173/@vite/client:1034
[34044138ms] [ERROR] WebSocket connection to 'ws://localhost:5173/' failed: Error in connection establishment: net::ERR_CONNECTION_REFUSED @ http://localhost:5173/@vite/client:1034
[34045356ms] [ERROR] WebSocket connection to 'ws://localhost:5173/' failed: Error in connection establishment: net::ERR_CONNECTION_REFUSED @ http://localhost:5173/@vite/client:1034
[34046762ms] [ERROR] WebSocket connection to 'ws://localhost:5173/' failed: Error in connection establishment: net::ERR_CONNECTION_REFUSED @ http://localhost:5173/@vite/client:1034
[34048922ms] [ERROR] WebSocket connection to 'ws://localhost:5173/' failed: Error in connection establishment: net::ERR_CONNECTION_REFUSED @ http://localhost:5173/@vite/client:1034
[34050608ms] [ERROR] WebSocket connection to 'ws://localhost:5173/' failed: Error in connection establishment: net::ERR_CONNECTION_REFUSED @ http://localhost:5173/@vite/client:1034
[34055862ms] [ERROR] WebSocket connection to 'ws://localhost:5173/' failed: Error in connection establishment: net::ERR_CONNECTION_REFUSED @ http://localhost:5173/@vite/client:1034
[34060278ms] [ERROR] WebSocket connection to 'ws://localhost:5173/' failed: Error in connection establishment: net::ERR_CONNECTION_REFUSED @ http://localhost:5173/@vite/client:1034
[34064525ms] [ERROR] WebSocket connection to 'ws://localhost:5173/' failed: Error in connection establishment: net::ERR_CONNECTION_REFUSED @ http://localhost:5173/@vite/client:1034
[34128089ms] [ERROR] WebSocket connection to 'ws://localhost:5173/' failed: Error in connection establishment: net::ERR_CONNECTION_REFUSED @ http://localhost:5173/@vite/client:1034
[34132870ms] [ERROR] WebSocket connection to 'ws://localhost:5173/' failed: Error in connection establishment: net::ERR_CONNECTION_REFUSED @ http://localhost:5173/@vite/client:1034
[34136697ms] [ERROR] WebSocket connection to 'ws://localhost:5173/' failed: Error in connection establishment: net::ERR_CONNECTION_REFUSED @ http://localhost:5173/@vite/client:1034
[34142139ms] [ERROR] WebSocket connection to 'ws://localhost:5173/' failed: Error in connection establishment: net::ERR_CONNECTION_REFUSED @ http://localhost:5173/@vite/client:1034
[34144765ms] [ERROR] WebSocket connection to 'ws://localhost:5173/' failed: Error in connection establishment: net::ERR_CONNECTION_REFUSED @ http://localhost:5173/@vite/client:1034
[34147551ms] [ERROR] WebSocket connection to 'ws://localhost:5173/' failed: Error in connection establishment: net::ERR_CONNECTION_REFUSED @ http://localhost:5173/@vite/client:1034
[34151792ms] [ERROR] WebSocket connection to 'ws://localhost:5173/' failed: Error in connection establishment: net::ERR_CONNECTION_REFUSED @ http://localhost:5173/@vite/client:1034
[34155084ms] [ERROR] WebSocket connection to 'ws://localhost:5173/' failed: Error in connection establishment: net::ERR_CONNECTION_REFUSED @ http://localhost:5173/@vite/client:1034
[34158711ms] [ERROR] WebSocket connection to 'ws://localhost:5173/' failed: Error in connection establishment: net::ERR_CONNECTION_REFUSED @ http://localhost:5173/@vite/client:1034
[34164415ms] [ERROR] WebSocket connection to 'ws://localhost:5173/' failed: Error in connection establishment: net::ERR_CONNECTION_REFUSED @ http://localhost:5173/@vite/client:1034
[34169074ms] [ERROR] WebSocket connection to 'ws://localhost:5173/' failed: Error in connection establishment: net::ERR_CONNECTION_REFUSED @ http://localhost:5173/@vite/client:1034
[34171442ms] [ERROR] WebSocket connection to 'ws://localhost:5173/' failed: Error in connection establishment: net::ERR_CONNECTION_REFUSED @ http://localhost:5173/@vite/client:1034
[34173902ms] [ERROR] WebSocket connection to 'ws://localhost:5173/' failed: Error in connection establishment: net::ERR_CONNECTION_REFUSED @ http://localhost:5173/@vite/client:1034
[34185042ms] [ERROR] WebSocket connection to 'ws://localhost:5173/' failed: Error in connection establishment: net::ERR_CONNECTION_REFUSED @ http://localhost:5173/@vite/client:1034
[34187205ms] [ERROR] WebSocket connection to 'ws://localhost:5173/' failed: Error in connection establishment: net::ERR_CONNECTION_REFUSED @ http://localhost:5173/@vite/client:1034
[34192888ms] [ERROR] WebSocket connection to 'ws://localhost:5173/' failed: Error in connection establishment: net::ERR_CONNECTION_REFUSED @ http://localhost:5173/@vite/client:1034
[34198812ms] [ERROR] WebSocket connection to 'ws://localhost:5173/' failed: Error in connection establishment: net::ERR_CONNECTION_REFUSED @ http://localhost:5173/@vite/client:1034
[34203756ms] [ERROR] WebSocket connection to 'ws://localhost:5173/' failed: Error in connection establishment: net::ERR_CONNECTION_REFUSED @ http://localhost:5173/@vite/client:1034
[34208959ms] [ERROR] WebSocket connection to 'ws://localhost:5173/' failed: Error in connection establishment: net::ERR_CONNECTION_REFUSED @ http://localhost:5173/@vite/client:1034
[34211657ms] [ERROR] WebSocket connection to 'ws://localhost:5173/' failed: Error in connection establishment: net::ERR_CONNECTION_REFUSED @ http://localhost:5173/@vite/client:1034
[34217509ms] [ERROR] WebSocket connection to 'ws://localhost:5173/' failed: Error in connection establishment: net::ERR_CONNECTION_REFUSED @ http://localhost:5173/@vite/client:1034
[34218525ms] [ERROR] WebSocket connection to 'ws://localhost:5173/' failed: Error in connection establishment: net::ERR_CONNECTION_REFUSED @ http://localhost:5173/@vite/client:1034
[34219555ms] [ERROR] WebSocket connection to 'ws://localhost:5173/' failed: Error in connection establishment: net::ERR_CONNECTION_REFUSED @ http://localhost:5173/@vite/client:1034
[34220573ms] [ERROR] WebSocket connection to 'ws://localhost:5173/' failed: Error in connection establishment: net::ERR_CONNECTION_REFUSED @ http://localhost:5173/@vite/client:1034
[34221604ms] [ERROR] WebSocket connection to 'ws://localhost:5173/' failed: Error in connection establishment: net::ERR_CONNECTION_REFUSED @ http://localhost:5173/@vite/client:1034
[34222628ms] [ERROR] WebSocket connection to 'ws://localhost:5173/' failed: Error in connection establishment: net::ERR_CONNECTION_REFUSED @ http://localhost:5173/@vite/client:1034
[34223650ms] [ERROR] WebSocket connection to 'ws://localhost:5173/' failed: Error in connection establishment: net::ERR_CONNECTION_REFUSED @ http://localhost:5173/@vite/client:1034
[34224685ms] [ERROR] WebSocket connection to 'ws://localhost:5173/' failed: Error in connection establishment: net::ERR_CONNECTION_REFUSED @ http://localhost:5173/@vite/client:1034
[34225724ms] [ERROR] WebSocket connection to 'ws://localhost:5173/' failed: Error in connection establishment: net::ERR_CONNECTION_REFUSED @ http://localhost:5173/@vite/client:1034
[34226798ms] [ERROR] WebSocket connection to 'ws://localhost:5173/' failed: Error in connection establishment: net::ERR_CONNECTION_REFUSED @ http://localhost:5173/@vite/client:1034
[34227897ms] [ERROR] WebSocket connection to 'ws://localhost:5173/' failed: Error in connection establishment: net::ERR_CONNECTION_REFUSED @ http://localhost:5173/@vite/client:1034
[34229090ms] [ERROR] WebSocket connection to 'ws://localhost:5173/' failed: Error in connection establishment: net::ERR_CONNECTION_REFUSED @ http://localhost:5173/@vite/client:1034
[34230395ms] [ERROR] WebSocket connection to 'ws://localhost:5173/' failed: Error in connection establishment: net::ERR_CONNECTION_REFUSED @ http://localhost:5173/@vite/client:1034
[34231820ms] [ERROR] WebSocket connection to 'ws://localhost:5173/' failed: Error in connection establishment: net::ERR_CONNECTION_REFUSED @ http://localhost:5173/@vite/client:1034
[34490840ms] [ERROR] WebSocket connection to 'ws://localhost:5173/' failed: Error in connection establishment: net::ERR_CONNECTION_REFUSED @ http://localhost:5173/@vite/client:1034
[34493966ms] [ERROR] WebSocket connection to 'ws://localhost:5173/' failed: Error in connection establishment: net::ERR_CONNECTION_REFUSED @ http://localhost:5173/@vite/client:1034
[34498651ms] [ERROR] WebSocket connection to 'ws://localhost:5173/' failed: Error in connection establishment: net::ERR_CONNECTION_REFUSED @ http://localhost:5173/@vite/client:1034
[34504206ms] [ERROR] WebSocket connection to 'ws://localhost:5173/' failed: Error in connection establishment: net::ERR_CONNECTION_REFUSED @ http://localhost:5173/@vite/client:1034
[34508790ms] [ERROR] WebSocket connection to 'ws://localhost:5173/' failed: Error in connection establishment: net::ERR_CONNECTION_REFUSED @ http://localhost:5173/@vite/client:1034
[34604864ms] [ERROR] WebSocket connection to 'ws://localhost:5173/' failed: Error in connection establishment: net::ERR_CONNECTION_REFUSED @ http://localhost:5173/@vite/client:1034
[34607252ms] [ERROR] WebSocket connection to 'ws://localhost:5173/' failed: Error in connection establishment: net::ERR_CONNECTION_REFUSED @ http://localhost:5173/@vite/client:1034
[34611658ms] [ERROR] WebSocket connection to 'ws://localhost:5173/' failed: Error in connection establishment: net::ERR_CONNECTION_REFUSED @ http://localhost:5173/@vite/client:1034
[34614025ms] [ERROR] WebSocket connection to 'ws://localhost:5173/' failed: Error in connection establishment: net::ERR_CONNECTION_REFUSED @ http://localhost:5173/@vite/client:1034
[34617851ms] [ERROR] WebSocket connection to 'ws://localhost:5173/' failed: Error in connection establishment: net::ERR_CONNECTION_REFUSED @ http://localhost:5173/@vite/client:1034
[34623523ms] [ERROR] WebSocket connection to 'ws://localhost:5173/' failed: Error in connection establishment: net::ERR_CONNECTION_REFUSED @ http://localhost:5173/@vite/client:1034
[34628706ms] [ERROR] WebSocket connection to 'ws://localhost:5173/' failed: Error in connection establishment: net::ERR_CONNECTION_REFUSED @ http://localhost:5173/@vite/client:1034
[34632204ms] [ERROR] WebSocket connection to 'ws://localhost:5173/' failed: Error in connection establishment: net::ERR_CONNECTION_REFUSED @ http://localhost:5173/@vite/client:1034
[34634263ms] [ERROR] WebSocket connection to 'ws://localhost:5173/' failed: Error in connection establishment: net::ERR_CONNECTION_REFUSED @ http://localhost:5173/@vite/client:1034
[34638250ms] [ERROR] WebSocket connection to 'ws://localhost:5173/' failed: Error in connection establishment: net::ERR_CONNECTION_REFUSED @ http://localhost:5173/@vite/client:1034
[34642555ms] [ERROR] WebSocket connection to 'ws://localhost:5173/' failed: Error in connection establishment: net::ERR_CONNECTION_REFUSED @ http://localhost:5173/@vite/client:1034
[34647250ms] [ERROR] WebSocket connection to 'ws://localhost:5173/' failed: Error in connection establishment: net::ERR_CONNECTION_REFUSED @ http://localhost:5173/@vite/client:1034
[34650159ms] [ERROR] WebSocket connection to 'ws://localhost:5173/' failed: Error in connection establishment: net::ERR_CONNECTION_REFUSED @ http://localhost:5173/@vite/client:1034
[34731846ms] [ERROR] WebSocket connection to 'ws://localhost:5173/' failed: Error in connection establishment: net::ERR_CONNECTION_REFUSED @ http://localhost:5173/@vite/client:1034
[34734569ms] [ERROR] WebSocket connection to 'ws://localhost:5173/' failed: Error in connection establishment: net::ERR_CONNECTION_REFUSED @ http://localhost:5173/@vite/client:1034
[34736801ms] [ERROR] WebSocket connection to 'ws://localhost:5173/' failed: Error in connection establishment: net::ERR_CONNECTION_REFUSED @ http://localhost:5173/@vite/client:1034
[34739020ms] [ERROR] WebSocket connection to 'ws://localhost:5173/' failed: Error in connection establishment: net::ERR_CONNECTION_REFUSED @ http://localhost:5173/@vite/client:1034
[34743192ms] [ERROR] WebSocket connection to 'ws://localhost:5173/' failed: Error in connection establishment: net::ERR_CONNECTION_REFUSED @ http://localhost:5173/@vite/client:1034
[34748753ms] [ERROR] WebSocket connection to 'ws://localhost:5173/' failed: Error in connection establishment: net::ERR_CONNECTION_REFUSED @ http://localhost:5173/@vite/client:1034
[34778408ms] [ERROR] WebSocket connection to 'ws://localhost:5173/' failed: Error in connection establishment: net::ERR_CONNECTION_REFUSED @ http://localhost:5173/@vite/client:1034
[34783971ms] [ERROR] WebSocket connection to 'ws://localhost:5173/' failed: Error in connection establishment: net::ERR_CONNECTION_REFUSED @ http://localhost:5173/@vite/client:1034
[34788685ms] [ERROR] WebSocket connection to 'ws://localhost:5173/' failed: Error in connection establishment: net::ERR_CONNECTION_REFUSED @ http://localhost:5173/@vite/client:1034
[34789688ms] [ERROR] WebSocket connection to 'ws://localhost:5173/' failed: Error in connection establishment: net::ERR_CONNECTION_REFUSED @ http://localhost:5173/@vite/client:1034
[34790691ms] [ERROR] WebSocket connection to 'ws://localhost:5173/' failed: Error in connection establishment: net::ERR_CONNECTION_REFUSED @ http://localhost:5173/@vite/client:1034
[34791695ms] [ERROR] WebSocket connection to 'ws://localhost:5173/' failed: Error in connection establishment: net::ERR_CONNECTION_REFUSED @ http://localhost:5173/@vite/client:1034
[34792699ms] [ERROR] WebSocket connection to 'ws://localhost:5173/' failed: Error in connection establishment: net::ERR_CONNECTION_REFUSED @ http://localhost:5173/@vite/client:1034
[34793705ms] [ERROR] WebSocket connection to 'ws://localhost:5173/' failed: Error in connection establishment: net::ERR_CONNECTION_REFUSED @ http://localhost:5173/@vite/client:1034
[34794714ms] [ERROR] WebSocket connection to 'ws://localhost:5173/' failed: Error in connection establishment: net::ERR_CONNECTION_REFUSED @ http://localhost:5173/@vite/client:1034
[34795727ms] [ERROR] WebSocket connection to 'ws://localhost:5173/' failed: Error in connection establishment: net::ERR_CONNECTION_REFUSED @ http://localhost:5173/@vite/client:1034
[34796757ms] [ERROR] WebSocket connection to 'ws://localhost:5173/' failed: Error in connection establishment: net::ERR_CONNECTION_REFUSED @ http://localhost:5173/@vite/client:1034
[34797784ms] [ERROR] WebSocket connection to 'ws://localhost:5173/' failed: Error in connection establishment: net::ERR_CONNECTION_REFUSED @ http://localhost:5173/@vite/client:1034
[34798813ms] [ERROR] WebSocket connection to 'ws://localhost:5173/' failed: Error in connection establishment: net::ERR_CONNECTION_REFUSED @ http://localhost:5173/@vite/client:1034
[34799881ms] [ERROR] WebSocket connection to 'ws://localhost:5173/' failed: Error in connection establishment: net::ERR_CONNECTION_REFUSED @ http://localhost:5173/@vite/client:1034
[34801153ms] [ERROR] WebSocket connection to 'ws://localhost:5173/' failed: Error in connection establishment: net::ERR_CONNECTION_REFUSED @ http://localhost:5173/@vite/client:1034
[34819390ms] [ERROR] WebSocket connection to 'ws://localhost:5173/' failed: Error in connection establishment: net::ERR_CONNECTION_REFUSED @ http://localhost:5173/@vite/client:1034
[34820763ms] [ERROR] WebSocket connection to 'ws://localhost:5173/' failed: Error in connection establishment: net::ERR_CONNECTION_REFUSED @ http://localhost:5173/@vite/client:1034
[34822742ms] [ERROR] WebSocket connection to 'ws://localhost:5173/' failed: Error in connection establishment: net::ERR_CONNECTION_REFUSED @ http://localhost:5173/@vite/client:1034
[34825864ms] [ERROR] WebSocket connection to 'ws://localhost:5173/' failed: Error in connection establishment: net::ERR_CONNECTION_REFUSED @ http://localhost:5173/@vite/client:1034
[34828776ms] [ERROR] WebSocket connection to 'ws://localhost:5173/' failed: Error in connection establishment: net::ERR_CONNECTION_REFUSED @ http://localhost:5173/@vite/client:1034
[34834630ms] [ERROR] WebSocket connection to 'ws://localhost:5173/' failed: Error in connection establishment: net::ERR_CONNECTION_REFUSED @ http://localhost:5173/@vite/client:1034
[34865178ms] [ERROR] WebSocket connection to 'ws://localhost:5173/' failed: Error in connection establishment: net::ERR_CONNECTION_REFUSED @ http://localhost:5173/@vite/client:1034
[34868563ms] [ERROR] WebSocket connection to 'ws://localhost:5173/' failed: Error in connection establishment: net::ERR_CONNECTION_REFUSED @ http://localhost:5173/@vite/client:1034
[34874092ms] [ERROR] WebSocket connection to 'ws://localhost:5173/' failed: Error in connection establishment: net::ERR_CONNECTION_REFUSED @ http://localhost:5173/@vite/client:1034
[34876991ms] [ERROR] WebSocket connection to 'ws://localhost:5173/' failed: Error in connection establishment: net::ERR_CONNECTION_REFUSED @ http://localhost:5173/@vite/client:1034
[34882091ms] [ERROR] WebSocket connection to 'ws://localhost:5173/' failed: Error in connection establishment: net::ERR_CONNECTION_REFUSED @ http://localhost:5173/@vite/client:1034
[34884409ms] [ERROR] WebSocket connection to 'ws://localhost:5173/' failed: Error in connection establishment: net::ERR_CONNECTION_REFUSED @ http://localhost:5173/@vite/client:1034
[34888075ms] [ERROR] WebSocket connection to 'ws://localhost:5173/' failed: Error in connection establishment: net::ERR_CONNECTION_REFUSED @ http://localhost:5173/@vite/client:1034
[34892085ms] [ERROR] WebSocket connection to 'ws://localhost:5173/' failed: Error in connection establishment: net::ERR_CONNECTION_REFUSED @ http://localhost:5173/@vite/client:1034
[34894328ms] [ERROR] WebSocket connection to 'ws://localhost:5173/' failed: Error in connection establishment: net::ERR_CONNECTION_REFUSED @ http://localhost:5173/@vite/client:1034
[34899599ms] [ERROR] WebSocket connection to 'ws://localhost:5173/' failed: Error in connection establishment: net::ERR_CONNECTION_REFUSED @ http://localhost:5173/@vite/client:1034
[34903124ms] [ERROR] WebSocket connection to 'ws://localhost:5173/' failed: Error in connection establishment: net::ERR_CONNECTION_REFUSED @ http://localhost:5173/@vite/client:1034
[34905593ms] [ERROR] WebSocket connection to 'ws://localhost:5173/' failed: Error in connection establishment: net::ERR_CONNECTION_REFUSED @ http://localhost:5173/@vite/client:1034
[34910337ms] [ERROR] WebSocket connection to 'ws://localhost:5173/' failed: Error in connection establishment: net::ERR_CONNECTION_REFUSED @ http://localhost:5173/@vite/client:1034
[34915395ms] [ERROR] WebSocket connection to 'ws://localhost:5173/' failed: Error in connection establishment: net::ERR_CONNECTION_REFUSED @ http://localhost:5173/@vite/client:1034
[34917552ms] [ERROR] WebSocket connection to 'ws://localhost:5173/' failed: Error in connection establishment: net::ERR_CONNECTION_REFUSED @ http://localhost:5173/@vite/client:1034
[34920895ms] [ERROR] WebSocket connection to 'ws://localhost:5173/' failed: Error in connection establishment: net::ERR_CONNECTION_REFUSED @ http://localhost:5173/@vite/client:1034
[34926650ms] [ERROR] WebSocket connection to 'ws://localhost:5173/' failed: Error in connection establishment: net::ERR_CONNECTION_REFUSED @ http://localhost:5173/@vite/client:1034
[34929567ms] [ERROR] WebSocket connection to 'ws://localhost:5173/' failed: Error in connection establishment: net::ERR_CONNECTION_REFUSED @ http://localhost:5173/@vite/client:1034
[34932992ms] [ERROR] WebSocket connection to 'ws://localhost:5173/' failed: Error in connection establishment: net::ERR_CONNECTION_REFUSED @ http://localhost:5173/@vite/client:1034
[34935679ms] [ERROR] WebSocket connection to 'ws://localhost:5173/' failed: Error in connection establishment: net::ERR_CONNECTION_REFUSED @ http://localhost:5173/@vite/client:1034
[34941366ms] [ERROR] WebSocket connection to 'ws://localhost:5173/' failed: Error in connection establishment: net::ERR_CONNECTION_REFUSED @ http://localhost:5173/@vite/client:1034
[34946614ms] [ERROR] WebSocket connection to 'ws://localhost:5173/' failed: Error in connection establishment: net::ERR_CONNECTION_REFUSED @ http://localhost:5173/@vite/client:1034
[34949763ms] [ERROR] WebSocket connection to 'ws://localhost:5173/' failed: Error in connection establishment: net::ERR_CONNECTION_REFUSED @ http://localhost:5173/@vite/client:1034
[34950794ms] [ERROR] WebSocket connection to 'ws://localhost:5173/' failed: Error in connection establishment: net::ERR_CONNECTION_REFUSED @ http://localhost:5173/@vite/client:1034
[34951813ms] [ERROR] WebSocket connection to 'ws://localhost:5173/' failed: Error in connection establishment: net::ERR_CONNECTION_REFUSED @ http://localhost:5173/@vite/client:1034
[34952832ms] [ERROR] WebSocket connection to 'ws://localhost:5173/' failed: Error in connection establishment: net::ERR_CONNECTION_REFUSED @ http://localhost:5173/@vite/client:1034
[34953860ms] [ERROR] WebSocket connection to 'ws://localhost:5173/' failed: Error in connection establishment: net::ERR_CONNECTION_REFUSED @ http://localhost:5173/@vite/client:1034
[34954882ms] [ERROR] WebSocket connection to 'ws://localhost:5173/' failed: Error in connection establishment: net::ERR_CONNECTION_REFUSED @ http://localhost:5173/@vite/client:1034
[34955906ms] [ERROR] WebSocket connection to 'ws://localhost:5173/' failed: Error in connection establishment: net::ERR_CONNECTION_REFUSED @ http://localhost:5173/@vite/client:1034
[34956953ms] [ERROR] WebSocket connection to 'ws://localhost:5173/' failed: Error in connection establishment: net::ERR_CONNECTION_REFUSED @ http://localhost:5173/@vite/client:1034
[34958006ms] [ERROR] WebSocket connection to 'ws://localhost:5173/' failed: Error in connection establishment: net::ERR_CONNECTION_REFUSED @ http://localhost:5173/@vite/client:1034
[34959060ms] [ERROR] WebSocket connection to 'ws://localhost:5173/' failed: Error in connection establishment: net::ERR_CONNECTION_REFUSED @ http://localhost:5173/@vite/client:1034
[34960105ms] [ERROR] WebSocket connection to 'ws://localhost:5173/' failed: Error in connection establishment: net::ERR_CONNECTION_REFUSED @ http://localhost:5173/@vite/client:1034
[34961281ms] [ERROR] WebSocket connection to 'ws://localhost:5173/' failed: Error in connection establishment: net::ERR_CONNECTION_REFUSED @ http://localhost:5173/@vite/client:1034
[34962372ms] [ERROR] WebSocket connection to 'ws://localhost:5173/' failed: Error in connection establishment: net::ERR_CONNECTION_REFUSED @ http://localhost:5173/@vite/client:1034
[34963664ms] [ERROR] WebSocket connection to 'ws://localhost:5173/' failed: Error in connection establishment: net::ERR_CONNECTION_REFUSED @ http://localhost:5173/@vite/client:1034
[34965066ms] [ERROR] WebSocket connection to 'ws://localhost:5173/' failed: Error in connection establishment: net::ERR_CONNECTION_REFUSED @ http://localhost:5173/@vite/client:1034
[34967204ms] [ERROR] WebSocket connection to 'ws://localhost:5173/' failed: Error in connection establishment: net::ERR_CONNECTION_REFUSED @ http://localhost:5173/@vite/client:1034
[34971278ms] [ERROR] WebSocket connection to 'ws://localhost:5173/' failed: Error in connection establishment: net::ERR_CONNECTION_REFUSED @ http://localhost:5173/@vite/client:1034
[34975763ms] [ERROR] WebSocket connection to 'ws://localhost:5173/' failed: Error in connection establishment: net::ERR_CONNECTION_REFUSED @ http://localhost:5173/@vite/client:1034
[34979311ms] [ERROR] WebSocket connection to 'ws://localhost:5173/' failed: Error in connection establishment: net::ERR_CONNECTION_REFUSED @ http://localhost:5173/@vite/client:1034
[34984521ms] [ERROR] WebSocket connection to 'ws://localhost:5173/' failed: Error in connection establishment: net::ERR_CONNECTION_REFUSED @ http://localhost:5173/@vite/client:1034
[35047688ms] [ERROR] WebSocket connection to 'ws://localhost:5173/' failed: Error in connection establishment: net::ERR_CONNECTION_REFUSED @ http://localhost:5173/@vite/client:1034
[35053357ms] [ERROR] WebSocket connection to 'ws://localhost:5173/' failed: Error in connection establishment: net::ERR_CONNECTION_REFUSED @ http://localhost:5173/@vite/client:1034
[35056300ms] [ERROR] WebSocket connection to 'ws://localhost:5173/' failed: Error in connection establishment: net::ERR_CONNECTION_REFUSED @ http://localhost:5173/@vite/client:1034
[35060956ms] [ERROR] WebSocket connection to 'ws://localhost:5173/' failed: Error in connection establishment: net::ERR_CONNECTION_REFUSED @ http://localhost:5173/@vite/client:1034
[35064954ms] [ERROR] WebSocket connection to 'ws://localhost:5173/' failed: Error in connection establishment: net::ERR_CONNECTION_REFUSED @ http://localhost:5173/@vite/client:1034
[35070001ms] [ERROR] WebSocket connection to 'ws://localhost:5173/' failed: Error in connection establishment: net::ERR_CONNECTION_REFUSED @ http://localhost:5173/@vite/client:1034
[35073997ms] [ERROR] WebSocket connection to 'ws://localhost:5173/' failed: Error in connection establishment: net::ERR_CONNECTION_REFUSED @ http://localhost:5173/@vite/client:1034
[35079890ms] [ERROR] WebSocket connection to 'ws://localhost:5173/' failed: Error in connection establishment: net::ERR_CONNECTION_REFUSED @ http://localhost:5173/@vite/client:1034
[35085188ms] [ERROR] WebSocket connection to 'ws://localhost:5173/' failed: Error in connection establishment: net::ERR_CONNECTION_REFUSED @ http://localhost:5173/@vite/client:1034
[35090578ms] [ERROR] WebSocket connection to 'ws://localhost:5173/' failed: Error in connection establishment: net::ERR_CONNECTION_REFUSED @ http://localhost:5173/@vite/client:1034
[35093912ms] [ERROR] WebSocket connection to 'ws://localhost:5173/' failed: Error in connection establishment: net::ERR_CONNECTION_REFUSED @ http://localhost:5173/@vite/client:1034
[35097008ms] [ERROR] WebSocket connection to 'ws://localhost:5173/' failed: Error in connection establishment: net::ERR_CONNECTION_REFUSED @ http://localhost:5173/@vite/client:1034
[35099868ms] [ERROR] WebSocket connection to 'ws://localhost:5173/' failed: Error in connection establishment: net::ERR_CONNECTION_REFUSED @ http://localhost:5173/@vite/client:1034
[35105243ms] [ERROR] WebSocket connection to 'ws://localhost:5173/' failed: Error in connection establishment: net::ERR_CONNECTION_REFUSED @ http://localhost:5173/@vite/client:1034
[35109824ms] [ERROR] WebSocket connection to 'ws://localhost:5173/' failed: Error in connection establishment: net::ERR_CONNECTION_REFUSED @ http://localhost:5173/@vite/client:1034
[35114570ms] [ERROR] WebSocket connection to 'ws://localhost:5173/' failed: Error in connection establishment: net::ERR_CONNECTION_REFUSED @ http://localhost:5173/@vite/client:1034
[35117720ms] [ERROR] WebSocket connection to 'ws://localhost:5173/' failed: Error in connection establishment: net::ERR_CONNECTION_REFUSED @ http://localhost:5173/@vite/client:1034
[35121152ms] [ERROR] WebSocket connection to 'ws://localhost:5173/' failed: Error in connection establishment: net::ERR_CONNECTION_REFUSED @ http://localhost:5173/@vite/client:1034
[35126923ms] [ERROR] WebSocket connection to 'ws://localhost:5173/' failed: Error in connection establishment: net::ERR_CONNECTION_REFUSED @ http://localhost:5173/@vite/client:1034
[35130687ms] [ERROR] WebSocket connection to 'ws://localhost:5173/' failed: Error in connection establishment: net::ERR_CONNECTION_REFUSED @ http://localhost:5173/@vite/client:1034
[35135936ms] [ERROR] WebSocket connection to 'ws://localhost:5173/' failed: Error in connection establishment: net::ERR_CONNECTION_REFUSED @ http://localhost:5173/@vite/client:1034
[35141412ms] [ERROR] WebSocket connection to 'ws://localhost:5173/' failed: Error in connection establishment: net::ERR_CONNECTION_REFUSED @ http://localhost:5173/@vite/client:1034
[35145141ms] [ERROR] WebSocket connection to 'ws://localhost:5173/' failed: Error in connection establishment: net::ERR_CONNECTION_REFUSED @ http://localhost:5173/@vite/client:1034
[35148427ms] [ERROR] WebSocket connection to 'ws://localhost:5173/' failed: Error in connection establishment: net::ERR_CONNECTION_REFUSED @ http://localhost:5173/@vite/client:1034
[35193194ms] [ERROR] WebSocket connection to 'ws://localhost:5173/' failed: Error in connection establishment: net::ERR_CONNECTION_REFUSED @ http://localhost:5173/@vite/client:1034
[35197520ms] [ERROR] WebSocket connection to 'ws://localhost:5173/' failed: Error in connection establishment: net::ERR_CONNECTION_REFUSED @ http://localhost:5173/@vite/client:1034
[35199934ms] [ERROR] WebSocket connection to 'ws://localhost:5173/' failed: Error in connection establishment: net::ERR_CONNECTION_REFUSED @ http://localhost:5173/@vite/client:1034
[35204196ms] [ERROR] WebSocket connection to 'ws://localhost:5173/' failed: Error in connection establishment: net::ERR_CONNECTION_REFUSED @ http://localhost:5173/@vite/client:1034
[35207921ms] [ERROR] WebSocket connection to 'ws://localhost:5173/' failed: Error in connection establishment: net::ERR_CONNECTION_REFUSED @ http://localhost:5173/@vite/client:1034
[35289387ms] [ERROR] WebSocket connection to 'ws://localhost:5173/' failed: Error in connection establishment: net::ERR_CONNECTION_REFUSED @ http://localhost:5173/@vite/client:1034
[35292601ms] [ERROR] WebSocket connection to 'ws://localhost:5173/' failed: Error in connection establishment: net::ERR_CONNECTION_REFUSED @ http://localhost:5173/@vite/client:1034
[35295230ms] [ERROR] WebSocket connection to 'ws://localhost:5173/' failed: Error in connection establishment: net::ERR_CONNECTION_REFUSED @ http://localhost:5173/@vite/client:1034
[35300621ms] [ERROR] WebSocket connection to 'ws://localhost:5173/' failed: Error in connection establishment: net::ERR_CONNECTION_REFUSED @ http://localhost:5173/@vite/client:1034
[35303436ms] [ERROR] WebSocket connection to 'ws://localhost:5173/' failed: Error in connection establishment: net::ERR_CONNECTION_REFUSED @ http://localhost:5173/@vite/client:1034
[35306833ms] [ERROR] WebSocket connection to 'ws://localhost:5173/' failed: Error in connection establishment: net::ERR_CONNECTION_REFUSED @ http://localhost:5173/@vite/client:1034
[35464983ms] [ERROR] WebSocket connection to 'ws://localhost:5173/' failed: Error in connection establishment: net::ERR_CONNECTION_REFUSED @ http://localhost:5173/@vite/client:1034
[35470358ms] [ERROR] WebSocket connection to 'ws://localhost:5173/' failed: Error in connection establishment: net::ERR_CONNECTION_REFUSED @ http://localhost:5173/@vite/client:1034
[35474188ms] [ERROR] WebSocket connection to 'ws://localhost:5173/' failed: Error in connection establishment: net::ERR_CONNECTION_REFUSED @ http://localhost:5173/@vite/client:1034
[35477556ms] [ERROR] WebSocket connection to 'ws://localhost:5173/' failed: Error in connection establishment: net::ERR_CONNECTION_REFUSED @ http://localhost:5173/@vite/client:1034
[35479786ms] [ERROR] WebSocket connection to 'ws://localhost:5173/' failed: Error in connection establishment: net::ERR_CONNECTION_REFUSED @ http://localhost:5173/@vite/client:1034
[35587112ms] [ERROR] WebSocket connection to 'ws://localhost:5173/' failed: Error in connection establishment: net::ERR_CONNECTION_REFUSED @ http://localhost:5173/@vite/client:1034
[35591691ms] [ERROR] WebSocket connection to 'ws://localhost:5173/' failed: Error in connection establishment: net::ERR_CONNECTION_REFUSED @ http://localhost:5173/@vite/client:1034
[35596404ms] [ERROR] WebSocket connection to 'ws://localhost:5173/' failed: Error in connection establishment: net::ERR_CONNECTION_REFUSED @ http://localhost:5173/@vite/client:1034
[35601086ms] [ERROR] WebSocket connection to 'ws://localhost:5173/' failed: Error in connection establishment: net::ERR_CONNECTION_REFUSED @ http://localhost:5173/@vite/client:1034
[35805044ms] [ERROR] WebSocket connection to 'ws://localhost:5173/' failed: Error in connection establishment: net::ERR_CONNECTION_REFUSED @ http://localhost:5173/@vite/client:1034
[35810886ms] [ERROR] WebSocket connection to 'ws://localhost:5173/' failed: Error in connection establishment: net::ERR_CONNECTION_REFUSED @ http://localhost:5173/@vite/client:1034
[35813473ms] [ERROR] WebSocket connection to 'ws://localhost:5173/' failed: Error in connection establishment: net::ERR_CONNECTION_REFUSED @ http://localhost:5173/@vite/client:1034
[35816658ms] [ERROR] WebSocket connection to 'ws://localhost:5173/' failed: Error in connection establishment: net::ERR_CONNECTION_REFUSED @ http://localhost:5173/@vite/client:1034
[35819619ms] [ERROR] WebSocket connection to 'ws://localhost:5173/' failed: Error in connection establishment: net::ERR_CONNECTION_REFUSED @ http://localhost:5173/@vite/client:1034
[35820646ms] [ERROR] WebSocket connection to 'ws://localhost:5173/' failed: Error in connection establishment: net::ERR_CONNECTION_REFUSED @ http://localhost:5173/@vite/client:1034
[35821668ms] [ERROR] WebSocket connection to 'ws://localhost:5173/' failed: Error in connection establishment: net::ERR_CONNECTION_REFUSED @ http://localhost:5173/@vite/client:1034
[35822703ms] [ERROR] WebSocket connection to 'ws://localhost:5173/' failed: Error in connection establishment: net::ERR_CONNECTION_REFUSED @ http://localhost:5173/@vite/client:1034
[35823721ms] [ERROR] WebSocket connection to 'ws://localhost:5173/' failed: Error in connection establishment: net::ERR_CONNECTION_REFUSED @ http://localhost:5173/@vite/client:1034
[35824757ms] [ERROR] WebSocket connection to 'ws://localhost:5173/' failed: Error in connection establishment: net::ERR_CONNECTION_REFUSED @ http://localhost:5173/@vite/client:1034
[35825784ms] [ERROR] WebSocket connection to 'ws://localhost:5173/' failed: Error in connection establishment: net::ERR_CONNECTION_REFUSED @ http://localhost:5173/@vite/client:1034
[35826829ms] [ERROR] WebSocket connection to 'ws://localhost:5173/' failed: Error in connection establishment: net::ERR_CONNECTION_REFUSED @ http://localhost:5173/@vite/client:1034
[35827864ms] [ERROR] WebSocket connection to 'ws://localhost:5173/' failed: Error in connection establishment: net::ERR_CONNECTION_REFUSED @ http://localhost:5173/@vite/client:1034
[35828938ms] [ERROR] WebSocket connection to 'ws://localhost:5173/' failed: Error in connection establishment: net::ERR_CONNECTION_REFUSED @ http://localhost:5173/@vite/client:1034
[35830008ms] [ERROR] WebSocket connection to 'ws://localhost:5173/' failed: Error in connection establishment: net::ERR_CONNECTION_REFUSED @ http://localhost:5173/@vite/client:1034
[35831081ms] [ERROR] WebSocket connection to 'ws://localhost:5173/' failed: Error in connection establishment: net::ERR_CONNECTION_REFUSED @ http://localhost:5173/@vite/client:1034
[35832229ms] [ERROR] WebSocket connection to 'ws://localhost:5173/' failed: Error in connection establishment: net::ERR_CONNECTION_REFUSED @ http://localhost:5173/@vite/client:1034
[35833523ms] [ERROR] WebSocket connection to 'ws://localhost:5173/' failed: Error in connection establishment: net::ERR_CONNECTION_REFUSED @ http://localhost:5173/@vite/client:1034
[35835381ms] [ERROR] WebSocket connection to 'ws://localhost:5173/' failed: Error in connection establishment: net::ERR_CONNECTION_REFUSED @ http://localhost:5173/@vite/client:1034
[35837628ms] [ERROR] WebSocket connection to 'ws://localhost:5173/' failed: Error in connection establishment: net::ERR_CONNECTION_REFUSED @ http://localhost:5173/@vite/client:1034
[35842866ms] [ERROR] WebSocket connection to 'ws://localhost:5173/' failed: Error in connection establishment: net::ERR_CONNECTION_REFUSED @ http://localhost:5173/@vite/client:1034
[35845651ms] [ERROR] WebSocket connection to 'ws://localhost:5173/' failed: Error in connection establishment: net::ERR_CONNECTION_REFUSED @ http://localhost:5173/@vite/client:1034
[35848958ms] [ERROR] WebSocket connection to 'ws://localhost:5173/' failed: Error in connection establishment: net::ERR_CONNECTION_REFUSED @ http://localhost:5173/@vite/client:1034
[35854732ms] [ERROR] WebSocket connection to 'ws://localhost:5173/' failed: Error in connection establishment: net::ERR_CONNECTION_REFUSED @ http://localhost:5173/@vite/client:1034
[35857464ms] [ERROR] WebSocket connection to 'ws://localhost:5173/' failed: Error in connection establishment: net::ERR_CONNECTION_REFUSED @ http://localhost:5173/@vite/client:1034
[35861198ms] [ERROR] WebSocket connection to 'ws://localhost:5173/' failed: Error in connection establishment: net::ERR_CONNECTION_REFUSED @ http://localhost:5173/@vite/client:1034
[35909075ms] [ERROR] WebSocket connection to 'ws://localhost:5173/' failed: Error in connection establishment: net::ERR_CONNECTION_REFUSED @ http://localhost:5173/@vite/client:1034
[35914669ms] [ERROR] WebSocket connection to 'ws://localhost:5173/' failed: Error in connection establishment: net::ERR_CONNECTION_REFUSED @ http://localhost:5173/@vite/client:1034
[35919148ms] [ERROR] WebSocket connection to 'ws://localhost:5173/' failed: Error in connection establishment: net::ERR_CONNECTION_REFUSED @ http://localhost:5173/@vite/client:1034
[35925167ms] [ERROR] WebSocket connection to 'ws://localhost:5173/' failed: Error in connection establishment: net::ERR_CONNECTION_REFUSED @ http://localhost:5173/@vite/client:1034
[35929566ms] [ERROR] WebSocket connection to 'ws://localhost:5173/' failed: Error in connection establishment: net::ERR_CONNECTION_REFUSED @ http://localhost:5173/@vite/client:1034
[35933554ms] [ERROR] WebSocket connection to 'ws://localhost:5173/' failed: Error in connection establishment: net::ERR_CONNECTION_REFUSED @ http://localhost:5173/@vite/client:1034
[35936777ms] [ERROR] WebSocket connection to 'ws://localhost:5173/' failed: Error in connection establishment: net::ERR_CONNECTION_REFUSED @ http://localhost:5173/@vite/client:1034
[35941821ms] [ERROR] WebSocket connection to 'ws://localhost:5173/' failed: Error in connection establishment: net::ERR_CONNECTION_REFUSED @ http://localhost:5173/@vite/client:1034
[35946306ms] [ERROR] WebSocket connection to 'ws://localhost:5173/' failed: Error in connection establishment: net::ERR_CONNECTION_REFUSED @ http://localhost:5173/@vite/client:1034
[35948332ms] [ERROR] WebSocket connection to 'ws://localhost:5173/' failed: Error in connection establishment: net::ERR_CONNECTION_REFUSED @ http://localhost:5173/@vite/client:1034
[35952952ms] [ERROR] WebSocket connection to 'ws://localhost:5173/' failed: Error in connection establishment: net::ERR_CONNECTION_REFUSED @ http://localhost:5173/@vite/client:1034
[35955023ms] [ERROR] WebSocket connection to 'ws://localhost:5173/' failed: Error in connection establishment: net::ERR_CONNECTION_REFUSED @ http://localhost:5173/@vite/client:1034
[35970470ms] [ERROR] WebSocket connection to 'ws://localhost:5173/' failed: Error in connection establishment: net::ERR_CONNECTION_REFUSED @ http://localhost:5173/@vite/client:1034
[35973983ms] [ERROR] WebSocket connection to 'ws://localhost:5173/' failed: Error in connection establishment: net::ERR_CONNECTION_REFUSED @ http://localhost:5173/@vite/client:1034
[35979861ms] [ERROR] WebSocket connection to 'ws://localhost:5173/' failed: Error in connection establishment: net::ERR_CONNECTION_REFUSED @ http://localhost:5173/@vite/client:1034
[35985459ms] [ERROR] WebSocket connection to 'ws://localhost:5173/' failed: Error in connection establishment: net::ERR_CONNECTION_REFUSED @ http://localhost:5173/@vite/client:1034
[35989822ms] [ERROR] WebSocket connection to 'ws://localhost:5173/' failed: Error in connection establishment: net::ERR_CONNECTION_REFUSED @ http://localhost:5173/@vite/client:1034
[35993880ms] [ERROR] WebSocket connection to 'ws://localhost:5173/' failed: Error in connection establishment: net::ERR_CONNECTION_REFUSED @ http://localhost:5173/@vite/client:1034
[35994913ms] [ERROR] WebSocket connection to 'ws://localhost:5173/' failed: Error in connection establishment: net::ERR_CONNECTION_REFUSED @ http://localhost:5173/@vite/client:1034
[35995930ms] [ERROR] WebSocket connection to 'ws://localhost:5173/' failed: Error in connection establishment: net::ERR_CONNECTION_REFUSED @ http://localhost:5173/@vite/client:1034
[35996951ms] [ERROR] WebSocket connection to 'ws://localhost:5173/' failed: Error in connection establishment: net::ERR_CONNECTION_REFUSED @ http://localhost:5173/@vite/client:1034
[35997978ms] [ERROR] WebSocket connection to 'ws://localhost:5173/' failed: Error in connection establishment: net::ERR_CONNECTION_REFUSED @ http://localhost:5173/@vite/client:1034
[35998997ms] [ERROR] WebSocket connection to 'ws://localhost:5173/' failed: Error in connection establishment: net::ERR_CONNECTION_REFUSED @ http://localhost:5173/@vite/client:1034
[36000017ms] [ERROR] WebSocket connection to 'ws://localhost:5173/' failed: Error in connection establishment: net::ERR_CONNECTION_REFUSED @ http://localhost:5173/@vite/client:1034
[36001036ms] [ERROR] WebSocket connection to 'ws://localhost:5173/' failed: Error in connection establishment: net::ERR_CONNECTION_REFUSED @ http://localhost:5173/@vite/client:1034
[36002066ms] [ERROR] WebSocket connection to 'ws://localhost:5173/' failed: Error in connection establishment: net::ERR_CONNECTION_REFUSED @ http://localhost:5173/@vite/client:1034
[36003132ms] [ERROR] WebSocket connection to 'ws://localhost:5173/' failed: Error in connection establishment: net::ERR_CONNECTION_REFUSED @ http://localhost:5173/@vite/client:1034
[36004204ms] [ERROR] WebSocket connection to 'ws://localhost:5173/' failed: Error in connection establishment: net::ERR_CONNECTION_REFUSED @ http://localhost:5173/@vite/client:1034
[36005319ms] [ERROR] WebSocket connection to 'ws://localhost:5173/' failed: Error in connection establishment: net::ERR_CONNECTION_REFUSED @ http://localhost:5173/@vite/client:1034
[36006521ms] [ERROR] WebSocket connection to 'ws://localhost:5173/' failed: Error in connection establishment: net::ERR_CONNECTION_REFUSED @ http://localhost:5173/@vite/client:1034
[36008002ms] [ERROR] WebSocket connection to 'ws://localhost:5173/' failed: Error in connection establishment: net::ERR_CONNECTION_REFUSED @ http://localhost:5173/@vite/client:1034
[36009305ms] [ERROR] WebSocket connection to 'ws://localhost:5173/' failed: Error in connection establishment: net::ERR_CONNECTION_REFUSED @ http://localhost:5173/@vite/client:1034
[36011076ms] [ERROR] WebSocket connection to 'ws://localhost:5173/' failed: Error in connection establishment: net::ERR_CONNECTION_REFUSED @ http://localhost:5173/@vite/client:1034
[36016241ms] [ERROR] WebSocket connection to 'ws://localhost:5173/' failed: Error in connection establishment: net::ERR_CONNECTION_REFUSED @ http://localhost:5173/@vite/client:1034
[36020135ms] [ERROR] WebSocket connection to 'ws://localhost:5173/' failed: Error in connection establishment: net::ERR_CONNECTION_REFUSED @ http://localhost:5173/@vite/client:1034
[36023173ms] [ERROR] WebSocket connection to 'ws://localhost:5173/' failed: Error in connection establishment: net::ERR_CONNECTION_REFUSED @ http://localhost:5173/@vite/client:1034
[36025550ms] [ERROR] WebSocket connection to 'ws://localhost:5173/' failed: Error in connection establishment: net::ERR_CONNECTION_REFUSED @ http://localhost:5173/@vite/client:1034
[36030749ms] [ERROR] WebSocket connection to 'ws://localhost:5173/' failed: Error in connection establishment: net::ERR_CONNECTION_REFUSED @ http://localhost:5173/@vite/client:1034
[36076429ms] [ERROR] WebSocket connection to 'ws://localhost:5173/' failed: Error in connection establishment: net::ERR_CONNECTION_REFUSED @ http://localhost:5173/@vite/client:1034
[36078931ms] [ERROR] WebSocket connection to 'ws://localhost:5173/' failed: Error in connection establishment: net::ERR_CONNECTION_REFUSED @ http://localhost:5173/@vite/client:1034
[36083304ms] [ERROR] WebSocket connection to 'ws://localhost:5173/' failed: Error in connection establishment: net::ERR_CONNECTION_REFUSED @ http://localhost:5173/@vite/client:1034
[36088377ms] [ERROR] WebSocket connection to 'ws://localhost:5173/' failed: Error in connection establishment: net::ERR_CONNECTION_REFUSED @ http://localhost:5173/@vite/client:1034
[36092753ms] [ERROR] WebSocket connection to 'ws://localhost:5173/' failed: Error in connection establishment: net::ERR_CONNECTION_REFUSED @ http://localhost:5173/@vite/client:1034
[36098663ms] [ERROR] WebSocket connection to 'ws://localhost:5173/' failed: Error in connection establishment: net::ERR_CONNECTION_REFUSED @ http://localhost:5173/@vite/client:1034
[36102931ms] [ERROR] WebSocket connection to 'ws://localhost:5173/' failed: Error in connection establishment: net::ERR_CONNECTION_REFUSED @ http://localhost:5173/@vite/client:1034
[36113623ms] [ERROR] WebSocket connection to 'ws://localhost:5173/' failed: Error in connection establishment: net::ERR_CONNECTION_REFUSED @ http://localhost:5173/@vite/client:1034
[36116434ms] [ERROR] WebSocket connection to 'ws://localhost:5173/' failed: Error in connection establishment: net::ERR_CONNECTION_REFUSED @ http://localhost:5173/@vite/client:1034
[36118689ms] [ERROR] WebSocket connection to 'ws://localhost:5173/' failed: Error in connection establishment: net::ERR_CONNECTION_REFUSED @ http://localhost:5173/@vite/client:1034
[36120764ms] [ERROR] WebSocket connection to 'ws://localhost:5173/' failed: Error in connection establishment: net::ERR_CONNECTION_REFUSED @ http://localhost:5173/@vite/client:1034
[36123604ms] [ERROR] WebSocket connection to 'ws://localhost:5173/' failed: Error in connection establishment: net::ERR_CONNECTION_REFUSED @ http://localhost:5173/@vite/client:1034
[36127129ms] [ERROR] WebSocket connection to 'ws://localhost:5173/' failed: Error in connection establishment: net::ERR_CONNECTION_REFUSED @ http://localhost:5173/@vite/client:1034
[36130694ms] [ERROR] WebSocket connection to 'ws://localhost:5173/' failed: Error in connection establishment: net::ERR_CONNECTION_REFUSED @ http://localhost:5173/@vite/client:1034
[36133635ms] [ERROR] WebSocket connection to 'ws://localhost:5173/' failed: Error in connection establishment: net::ERR_CONNECTION_REFUSED @ http://localhost:5173/@vite/client:1034
[36137791ms] [ERROR] WebSocket connection to 'ws://localhost:5173/' failed: Error in connection establishment: net::ERR_CONNECTION_REFUSED @ http://localhost:5173/@vite/client:1034
[36140573ms] [ERROR] WebSocket connection to 'ws://localhost:5173/' failed: Error in connection establishment: net::ERR_CONNECTION_REFUSED @ http://localhost:5173/@vite/client:1034
[36142927ms] [ERROR] WebSocket connection to 'ws://localhost:5173/' failed: Error in connection establishment: net::ERR_CONNECTION_REFUSED @ http://localhost:5173/@vite/client:1034
[36146823ms] [ERROR] WebSocket connection to 'ws://localhost:5173/' failed: Error in connection establishment: net::ERR_CONNECTION_REFUSED @ http://localhost:5173/@vite/client:1034
[36151869ms] [ERROR] WebSocket connection to 'ws://localhost:5173/' failed: Error in connection establishment: net::ERR_CONNECTION_REFUSED @ http://localhost:5173/@vite/client:1034
[36156918ms] [ERROR] WebSocket connection to 'ws://localhost:5173/' failed: Error in connection establishment: net::ERR_CONNECTION_REFUSED @ http://localhost:5173/@vite/client:1034
[36160137ms] [ERROR] WebSocket connection to 'ws://localhost:5173/' failed: Error in connection establishment: net::ERR_CONNECTION_REFUSED @ http://localhost:5173/@vite/client:1034
[36162723ms] [ERROR] WebSocket connection to 'ws://localhost:5173/' failed: Error in connection establishment: net::ERR_CONNECTION_REFUSED @ http://localhost:5173/@vite/client:1034
[36163746ms] [ERROR] WebSocket connection to 'ws://localhost:5173/' failed: Error in connection establishment: net::ERR_CONNECTION_REFUSED @ http://localhost:5173/@vite/client:1034
[36164762ms] [ERROR] WebSocket connection to 'ws://localhost:5173/' failed: Error in connection establishment: net::ERR_CONNECTION_REFUSED @ http://localhost:5173/@vite/client:1034
[36165782ms] [ERROR] WebSocket connection to 'ws://localhost:5173/' failed: Error in connection establishment: net::ERR_CONNECTION_REFUSED @ http://localhost:5173/@vite/client:1034
[36166805ms] [ERROR] WebSocket connection to 'ws://localhost:5173/' failed: Error in connection establishment: net::ERR_CONNECTION_REFUSED @ http://localhost:5173/@vite/client:1034
[36167827ms] [ERROR] WebSocket connection to 'ws://localhost:5173/' failed: Error in connection establishment: net::ERR_CONNECTION_REFUSED @ http://localhost:5173/@vite/client:1034
[36168847ms] [ERROR] WebSocket connection to 'ws://localhost:5173/' failed: Error in connection establishment: net::ERR_CONNECTION_REFUSED @ http://localhost:5173/@vite/client:1034
[36169877ms] [ERROR] WebSocket connection to 'ws://localhost:5173/' failed: Error in connection establishment: net::ERR_CONNECTION_REFUSED @ http://localhost:5173/@vite/client:1034
[36170907ms] [ERROR] WebSocket connection to 'ws://localhost:5173/' failed: Error in connection establishment: net::ERR_CONNECTION_REFUSED @ http://localhost:5173/@vite/client:1034
[36171967ms] [ERROR] WebSocket connection to 'ws://localhost:5173/' failed: Error in connection establishment: net::ERR_CONNECTION_REFUSED @ http://localhost:5173/@vite/client:1034
[36300432ms] [ERROR] WebSocket connection to 'ws://localhost:5173/' failed: Error in connection establishment: net::ERR_CONNECTION_REFUSED @ http://localhost:5173/@vite/client:1034
[36301562ms] [ERROR] WebSocket connection to 'ws://localhost:5173/' failed: Error in connection establishment: net::ERR_CONNECTION_REFUSED @ http://localhost:5173/@vite/client:1034
[36302654ms] [ERROR] WebSocket connection to 'ws://localhost:5173/' failed: Error in connection establishment: net::ERR_CONNECTION_REFUSED @ http://localhost:5173/@vite/client:1034
[36303834ms] [ERROR] WebSocket connection to 'ws://localhost:5173/' failed: Error in connection establishment: net::ERR_CONNECTION_REFUSED @ http://localhost:5173/@vite/client:1034
[36306047ms] [ERROR] WebSocket connection to 'ws://localhost:5173/' failed: Error in connection establishment: net::ERR_CONNECTION_REFUSED @ http://localhost:5173/@vite/client:1034
[36309069ms] [ERROR] WebSocket connection to 'ws://localhost:5173/' failed: Error in connection establishment: net::ERR_CONNECTION_REFUSED @ http://localhost:5173/@vite/client:1034
[36313273ms] [ERROR] WebSocket connection to 'ws://localhost:5173/' failed: Error in connection establishment: net::ERR_CONNECTION_REFUSED @ http://localhost:5173/@vite/client:1034
[36316900ms] [ERROR] WebSocket connection to 'ws://localhost:5173/' failed: Error in connection establishment: net::ERR_CONNECTION_REFUSED @ http://localhost:5173/@vite/client:1034
[36340269ms] [ERROR] WebSocket connection to 'ws://localhost:5173/' failed: Error in connection establishment: net::ERR_CONNECTION_REFUSED @ http://localhost:5173/@vite/client:1034
[36342871ms] [ERROR] WebSocket connection to 'ws://localhost:5173/' failed: Error in connection establishment: net::ERR_CONNECTION_REFUSED @ http://localhost:5173/@vite/client:1034
[36346495ms] [ERROR] WebSocket connection to 'ws://localhost:5173/' failed: Error in connection establishment: net::ERR_CONNECTION_REFUSED @ http://localhost:5173/@vite/client:1034
[36349447ms] [ERROR] WebSocket connection to 'ws://localhost:5173/' failed: Error in connection establishment: net::ERR_CONNECTION_REFUSED @ http://localhost:5173/@vite/client:1034
[36355364ms] [ERROR] WebSocket connection to 'ws://localhost:5173/' failed: Error in connection establishment: net::ERR_CONNECTION_REFUSED @ http://localhost:5173/@vite/client:1034
[36390218ms] [ERROR] WebSocket connection to 'ws://localhost:5173/' failed: Error in connection establishment: net::ERR_CONNECTION_REFUSED @ http://localhost:5173/@vite/client:1034
[36392715ms] [ERROR] WebSocket connection to 'ws://localhost:5173/' failed: Error in connection establishment: net::ERR_CONNECTION_REFUSED @ http://localhost:5173/@vite/client:1034
[36397159ms] [ERROR] WebSocket connection to 'ws://localhost:5173/' failed: Error in connection establishment: net::ERR_CONNECTION_REFUSED @ http://localhost:5173/@vite/client:1034
[36402583ms] [ERROR] WebSocket connection to 'ws://localhost:5173/' failed: Error in connection establishment: net::ERR_CONNECTION_REFUSED @ http://localhost:5173/@vite/client:1034
[36404784ms] [ERROR] WebSocket connection to 'ws://localhost:5173/' failed: Error in connection establishment: net::ERR_CONNECTION_REFUSED @ http://localhost:5173/@vite/client:1034
[36651773ms] [ERROR] WebSocket connection to 'ws://localhost:5173/' failed: Error in connection establishment: net::ERR_CONNECTION_REFUSED @ http://localhost:5173/@vite/client:1034
[36655053ms] [ERROR] WebSocket connection to 'ws://localhost:5173/' failed: Error in connection establishment: net::ERR_CONNECTION_REFUSED @ http://localhost:5173/@vite/client:1034
[36659586ms] [ERROR] WebSocket connection to 'ws://localhost:5173/' failed: Error in connection establishment: net::ERR_CONNECTION_REFUSED @ http://localhost:5173/@vite/client:1034
[36661976ms] [ERROR] WebSocket connection to 'ws://localhost:5173/' failed: Error in connection establishment: net::ERR_CONNECTION_REFUSED @ http://localhost:5173/@vite/client:1034
[36664320ms] [ERROR] WebSocket connection to 'ws://localhost:5173/' failed: Error in connection establishment: net::ERR_CONNECTION_REFUSED @ http://localhost:5173/@vite/client:1034
[36667935ms] [ERROR] WebSocket connection to 'ws://localhost:5173/' failed: Error in connection establishment: net::ERR_CONNECTION_REFUSED @ http://localhost:5173/@vite/client:1034
[36737740ms] [ERROR] WebSocket connection to 'ws://localhost:5173/' failed: Error in connection establishment: net::ERR_CONNECTION_REFUSED @ http://localhost:5173/@vite/client:1034
[36740629ms] [ERROR] WebSocket connection to 'ws://localhost:5173/' failed: Error in connection establishment: net::ERR_CONNECTION_REFUSED @ http://localhost:5173/@vite/client:1034
[36744408ms] [ERROR] WebSocket connection to 'ws://localhost:5173/' failed: Error in connection establishment: net::ERR_CONNECTION_REFUSED @ http://localhost:5173/@vite/client:1034
[36749935ms] [ERROR] WebSocket connection to 'ws://localhost:5173/' failed: Error in connection establishment: net::ERR_CONNECTION_REFUSED @ http://localhost:5173/@vite/client:1034
[36767772ms] [ERROR] WebSocket connection to 'ws://localhost:5173/' failed: Error in connection establishment: net::ERR_CONNECTION_REFUSED @ http://localhost:5173/@vite/client:1034
[36769810ms] [ERROR] WebSocket connection to 'ws://localhost:5173/' failed: Error in connection establishment: net::ERR_CONNECTION_REFUSED @ http://localhost:5173/@vite/client:1034
[36775418ms] [ERROR] WebSocket connection to 'ws://localhost:5173/' failed: Error in connection establishment: net::ERR_CONNECTION_REFUSED @ http://localhost:5173/@vite/client:1034
[36776423ms] [ERROR] WebSocket connection to 'ws://localhost:5173/' failed: Error in connection establishment: net::ERR_CONNECTION_REFUSED @ http://localhost:5173/@vite/client:1034
[36777428ms] [ERROR] WebSocket connection to 'ws://localhost:5173/' failed: Error in connection establishment: net::ERR_CONNECTION_REFUSED @ http://localhost:5173/@vite/client:1034
[36778431ms] [ERROR] WebSocket connection to 'ws://localhost:5173/' failed: Error in connection establishment: net::ERR_CONNECTION_REFUSED @ http://localhost:5173/@vite/client:1034
[36779435ms] [ERROR] WebSocket connection to 'ws://localhost:5173/' failed: Error in connection establishment: net::ERR_CONNECTION_REFUSED @ http://localhost:5173/@vite/client:1034
[36780439ms] [ERROR] WebSocket connection to 'ws://localhost:5173/' failed: Error in connection establishment: net::ERR_CONNECTION_REFUSED @ http://localhost:5173/@vite/client:1034
[36781448ms] [ERROR] WebSocket connection to 'ws://localhost:5173/' failed: Error in connection establishment: net::ERR_CONNECTION_REFUSED @ http://localhost:5173/@vite/client:1034
[36782465ms] [ERROR] WebSocket connection to 'ws://localhost:5173/' failed: Error in connection establishment: net::ERR_CONNECTION_REFUSED @ http://localhost:5173/@vite/client:1034
[36783480ms] [ERROR] WebSocket connection to 'ws://localhost:5173/' failed: Error in connection establishment: net::ERR_CONNECTION_REFUSED @ http://localhost:5173/@vite/client:1034
[36784523ms] [ERROR] WebSocket connection to 'ws://localhost:5173/' failed: Error in connection establishment: net::ERR_CONNECTION_REFUSED @ http://localhost:5173/@vite/client:1034
[36785590ms] [ERROR] WebSocket connection to 'ws://localhost:5173/' failed: Error in connection establishment: net::ERR_CONNECTION_REFUSED @ http://localhost:5173/@vite/client:1034
[36786690ms] [ERROR] WebSocket connection to 'ws://localhost:5173/' failed: Error in connection establishment: net::ERR_CONNECTION_REFUSED @ http://localhost:5173/@vite/client:1034
[36844431ms] [ERROR] WebSocket connection to 'ws://localhost:5173/' failed: Error in connection establishment: net::ERR_CONNECTION_REFUSED @ http://localhost:5173/@vite/client:1034
[36845907ms] [ERROR] WebSocket connection to 'ws://localhost:5173/' failed: Error in connection establishment: net::ERR_CONNECTION_REFUSED @ http://localhost:5173/@vite/client:1034
[36847272ms] [ERROR] WebSocket connection to 'ws://localhost:5173/' failed: Error in connection establishment: net::ERR_CONNECTION_REFUSED @ http://localhost:5173/@vite/client:1034
[36850662ms] [ERROR] WebSocket connection to 'ws://localhost:5173/' failed: Error in connection establishment: net::ERR_CONNECTION_REFUSED @ http://localhost:5173/@vite/client:1034
[36855386ms] [ERROR] WebSocket connection to 'ws://localhost:5173/' failed: Error in connection establishment: net::ERR_CONNECTION_REFUSED @ http://localhost:5173/@vite/client:1034
[36859040ms] [ERROR] WebSocket connection to 'ws://localhost:5173/' failed: Error in connection establishment: net::ERR_CONNECTION_REFUSED @ http://localhost:5173/@vite/client:1034
[36861346ms] [ERROR] WebSocket connection to 'ws://localhost:5173/' failed: Error in connection establishment: net::ERR_CONNECTION_REFUSED @ http://localhost:5173/@vite/client:1034
[37006585ms] [ERROR] WebSocket connection to 'ws://localhost:5173/' failed: Error in connection establishment: net::ERR_CONNECTION_REFUSED @ http://localhost:5173/@vite/client:1034
[37008648ms] [ERROR] WebSocket connection to 'ws://localhost:5173/' failed: Error in connection establishment: net::ERR_CONNECTION_REFUSED @ http://localhost:5173/@vite/client:1034
[37012954ms] [ERROR] WebSocket connection to 'ws://localhost:5173/' failed: Error in connection establishment: net::ERR_CONNECTION_REFUSED @ http://localhost:5173/@vite/client:1034
[37018795ms] [ERROR] WebSocket connection to 'ws://localhost:5173/' failed: Error in connection establishment: net::ERR_CONNECTION_REFUSED @ http://localhost:5173/@vite/client:1034
[37022103ms] [ERROR] WebSocket connection to 'ws://localhost:5173/' failed: Error in connection establishment: net::ERR_CONNECTION_REFUSED @ http://localhost:5173/@vite/client:1034
[37025261ms] [ERROR] WebSocket connection to 'ws://localhost:5173/' failed: Error in connection establishment: net::ERR_CONNECTION_REFUSED @ http://localhost:5173/@vite/client:1034
[37028541ms] [ERROR] WebSocket connection to 'ws://localhost:5173/' failed: Error in connection establishment: net::ERR_CONNECTION_REFUSED @ http://localhost:5173/@vite/client:1034
[37030783ms] [ERROR] WebSocket connection to 'ws://localhost:5173/' failed: Error in connection establishment: net::ERR_CONNECTION_REFUSED @ http://localhost:5173/@vite/client:1034
[37036137ms] [ERROR] WebSocket connection to 'ws://localhost:5173/' failed: Error in connection establishment: net::ERR_CONNECTION_REFUSED @ http://localhost:5173/@vite/client:1034
[37038823ms] [ERROR] WebSocket connection to 'ws://localhost:5173/' failed: Error in connection establishment: net::ERR_CONNECTION_REFUSED @ http://localhost:5173/@vite/client:1034
[37040901ms] [ERROR] WebSocket connection to 'ws://localhost:5173/' failed: Error in connection establishment: net::ERR_CONNECTION_REFUSED @ http://localhost:5173/@vite/client:1034
[37045012ms] [ERROR] WebSocket connection to 'ws://localhost:5173/' failed: Error in connection establishment: net::ERR_CONNECTION_REFUSED @ http://localhost:5173/@vite/client:1034
[37049218ms] [ERROR] WebSocket connection to 'ws://localhost:5173/' failed: Error in connection establishment: net::ERR_CONNECTION_REFUSED @ http://localhost:5173/@vite/client:1034
[37054976ms] [ERROR] WebSocket connection to 'ws://localhost:5173/' failed: Error in connection establishment: net::ERR_CONNECTION_REFUSED @ http://localhost:5173/@vite/client:1034
[37057934ms] [ERROR] WebSocket connection to 'ws://localhost:5173/' failed: Error in connection establishment: net::ERR_CONNECTION_REFUSED @ http://localhost:5173/@vite/client:1034
[37130774ms] [ERROR] WebSocket connection to 'ws://localhost:5173/' failed: Error in connection establishment: net::ERR_CONNECTION_REFUSED @ http://localhost:5173/@vite/client:1034
[37133349ms] [ERROR] WebSocket connection to 'ws://localhost:5173/' failed: Error in connection establishment: net::ERR_CONNECTION_REFUSED @ http://localhost:5173/@vite/client:1034
[37135619ms] [ERROR] WebSocket connection to 'ws://localhost:5173/' failed: Error in connection establishment: net::ERR_CONNECTION_REFUSED @ http://localhost:5173/@vite/client:1034
[37137687ms] [ERROR] WebSocket connection to 'ws://localhost:5173/' failed: Error in connection establishment: net::ERR_CONNECTION_REFUSED @ http://localhost:5173/@vite/client:1034
[37141156ms] [ERROR] WebSocket connection to 'ws://localhost:5173/' failed: Error in connection establishment: net::ERR_CONNECTION_REFUSED @ http://localhost:5173/@vite/client:1034
[37144475ms] [ERROR] WebSocket connection to 'ws://localhost:5173/' failed: Error in connection establishment: net::ERR_CONNECTION_REFUSED @ http://localhost:5173/@vite/client:1034
[37147014ms] [ERROR] WebSocket connection to 'ws://localhost:5173/' failed: Error in connection establishment: net::ERR_CONNECTION_REFUSED @ http://localhost:5173/@vite/client:1034
[37152524ms] [ERROR] WebSocket connection to 'ws://localhost:5173/' failed: Error in connection establishment: net::ERR_CONNECTION_REFUSED @ http://localhost:5173/@vite/client:1034
[37156417ms] [ERROR] WebSocket connection to 'ws://localhost:5173/' failed: Error in connection establishment: net::ERR_CONNECTION_REFUSED @ http://localhost:5173/@vite/client:1034
[37172848ms] [ERROR] WebSocket connection to 'ws://localhost:5173/' failed: Error in connection establishment: net::ERR_CONNECTION_REFUSED @ http://localhost:5173/@vite/client:1034
[37177761ms] [ERROR] WebSocket connection to 'ws://localhost:5173/' failed: Error in connection establishment: net::ERR_CONNECTION_REFUSED @ http://localhost:5173/@vite/client:1034
[37183073ms] [ERROR] WebSocket connection to 'ws://localhost:5173/' failed: Error in connection establishment: net::ERR_CONNECTION_REFUSED @ http://localhost:5173/@vite/client:1034
[37188033ms] [ERROR] WebSocket connection to 'ws://localhost:5173/' failed: Error in connection establishment: net::ERR_CONNECTION_REFUSED @ http://localhost:5173/@vite/client:1034
[37255095ms] [ERROR] WebSocket connection to 'ws://localhost:5173/' failed: Error in connection establishment: net::ERR_CONNECTION_REFUSED @ http://localhost:5173/@vite/client:1034
[37257481ms] [ERROR] WebSocket connection to 'ws://localhost:5173/' failed: Error in connection establishment: net::ERR_CONNECTION_REFUSED @ http://localhost:5173/@vite/client:1034
[37263491ms] [ERROR] WebSocket connection to 'ws://localhost:5173/' failed: Error in connection establishment: net::ERR_CONNECTION_REFUSED @ http://localhost:5173/@vite/client:1034
[37267330ms] [ERROR] WebSocket connection to 'ws://localhost:5173/' failed: Error in connection establishment: net::ERR_CONNECTION_REFUSED @ http://localhost:5173/@vite/client:1034
[37272527ms] [ERROR] WebSocket connection to 'ws://localhost:5173/' failed: Error in connection establishment: net::ERR_CONNECTION_REFUSED @ http://localhost:5173/@vite/client:1034
[37293456ms] [ERROR] WebSocket connection to 'ws://localhost:5173/' failed: Error in connection establishment: net::ERR_CONNECTION_REFUSED @ http://localhost:5173/@vite/client:1034
[37298224ms] [ERROR] WebSocket connection to 'ws://localhost:5173/' failed: Error in connection establishment: net::ERR_CONNECTION_REFUSED @ http://localhost:5173/@vite/client:1034
[37303602ms] [ERROR] WebSocket connection to 'ws://localhost:5173/' failed: Error in connection establishment: net::ERR_CONNECTION_REFUSED @ http://localhost:5173/@vite/client:1034
[37306446ms] [ERROR] WebSocket connection to 'ws://localhost:5173/' failed: Error in connection establishment: net::ERR_CONNECTION_REFUSED @ http://localhost:5173/@vite/client:1034
[37309907ms] [ERROR] WebSocket connection to 'ws://localhost:5173/' failed: Error in connection establishment: net::ERR_CONNECTION_REFUSED @ http://localhost:5173/@vite/client:1034
[37314097ms] [ERROR] WebSocket connection to 'ws://localhost:5173/' failed: Error in connection establishment: net::ERR_CONNECTION_REFUSED @ http://localhost:5173/@vite/client:1034
[37319273ms] [ERROR] WebSocket connection to 'ws://localhost:5173/' failed: Error in connection establishment: net::ERR_CONNECTION_REFUSED @ http://localhost:5173/@vite/client:1034
[37456512ms] [ERROR] WebSocket connection to 'ws://localhost:5173/' failed: Error in connection establishment: net::ERR_CONNECTION_REFUSED @ http://localhost:5173/@vite/client:1034
[37460733ms] [ERROR] WebSocket connection to 'ws://localhost:5173/' failed: Error in connection establishment: net::ERR_CONNECTION_REFUSED @ http://localhost:5173/@vite/client:1034
[37462951ms] [ERROR] WebSocket connection to 'ws://localhost:5173/' failed: Error in connection establishment: net::ERR_CONNECTION_REFUSED @ http://localhost:5173/@vite/client:1034
[37467508ms] [ERROR] WebSocket connection to 'ws://localhost:5173/' failed: Error in connection establishment: net::ERR_CONNECTION_REFUSED @ http://localhost:5173/@vite/client:1034
[37472998ms] [ERROR] WebSocket connection to 'ws://localhost:5173/' failed: Error in connection establishment: net::ERR_CONNECTION_REFUSED @ http://localhost:5173/@vite/client:1034
[37476200ms] [ERROR] WebSocket connection to 'ws://localhost:5173/' failed: Error in connection establishment: net::ERR_CONNECTION_REFUSED @ http://localhost:5173/@vite/client:1034
[37482073ms] [ERROR] WebSocket connection to 'ws://localhost:5173/' failed: Error in connection establishment: net::ERR_CONNECTION_REFUSED @ http://localhost:5173/@vite/client:1034
[37484296ms] [ERROR] WebSocket connection to 'ws://localhost:5173/' failed: Error in connection establishment: net::ERR_CONNECTION_REFUSED @ http://localhost:5173/@vite/client:1034
[37487523ms] [ERROR] WebSocket connection to 'ws://localhost:5173/' failed: Error in connection establishment: net::ERR_CONNECTION_REFUSED @ http://localhost:5173/@vite/client:1034
[37490631ms] [ERROR] WebSocket connection to 'ws://localhost:5173/' failed: Error in connection establishment: net::ERR_CONNECTION_REFUSED @ http://localhost:5173/@vite/client:1034
[37495485ms] [ERROR] WebSocket connection to 'ws://localhost:5173/' failed: Error in connection establishment: net::ERR_CONNECTION_REFUSED @ http://localhost:5173/@vite/client:1034
[37499800ms] [ERROR] WebSocket connection to 'ws://localhost:5173/' failed: Error in connection establishment: net::ERR_CONNECTION_REFUSED @ http://localhost:5173/@vite/client:1034
[37504099ms] [ERROR] WebSocket connection to 'ws://localhost:5173/' failed: Error in connection establishment: net::ERR_CONNECTION_REFUSED @ http://localhost:5173/@vite/client:1034
[37541233ms] [ERROR] WebSocket connection to 'ws://localhost:5173/' failed: Error in connection establishment: net::ERR_CONNECTION_REFUSED @ http://localhost:5173/@vite/client:1034
[37547013ms] [ERROR] WebSocket connection to 'ws://localhost:5173/' failed: Error in connection establishment: net::ERR_CONNECTION_REFUSED @ http://localhost:5173/@vite/client:1034
[37549148ms] [ERROR] WebSocket connection to 'ws://localhost:5173/' failed: Error in connection establishment: net::ERR_CONNECTION_REFUSED @ http://localhost:5173/@vite/client:1034
[37553869ms] [ERROR] WebSocket connection to 'ws://localhost:5173/' failed: Error in connection establishment: net::ERR_CONNECTION_REFUSED @ http://localhost:5173/@vite/client:1034
[37556446ms] [ERROR] WebSocket connection to 'ws://localhost:5173/' failed: Error in connection establishment: net::ERR_CONNECTION_REFUSED @ http://localhost:5173/@vite/client:1034
[37560989ms] [ERROR] WebSocket connection to 'ws://localhost:5173/' failed: Error in connection establishment: net::ERR_CONNECTION_REFUSED @ http://localhost:5173/@vite/client:1034
[37564702ms] [ERROR] WebSocket connection to 'ws://localhost:5173/' failed: Error in connection establishment: net::ERR_CONNECTION_REFUSED @ http://localhost:5173/@vite/client:1034
[37608519ms] [ERROR] WebSocket connection to 'ws://localhost:5173/' failed: Error in connection establishment: net::ERR_CONNECTION_REFUSED @ http://localhost:5173/@vite/client:1034
[37612450ms] [ERROR] WebSocket connection to 'ws://localhost:5173/' failed: Error in connection establishment: net::ERR_CONNECTION_REFUSED @ http://localhost:5173/@vite/client:1034
[37615768ms] [ERROR] WebSocket connection to 'ws://localhost:5173/' failed: Error in connection establishment: net::ERR_CONNECTION_REFUSED @ http://localhost:5173/@vite/client:1034
[37619776ms] [ERROR] WebSocket connection to 'ws://localhost:5173/' failed: Error in connection establishment: net::ERR_CONNECTION_REFUSED @ http://localhost:5173/@vite/client:1034
[37625009ms] [ERROR] WebSocket connection to 'ws://localhost:5173/' failed: Error in connection establishment: net::ERR_CONNECTION_REFUSED @ http://localhost:5173/@vite/client:1034
[37627141ms] [ERROR] WebSocket connection to 'ws://localhost:5173/' failed: Error in connection establishment: net::ERR_CONNECTION_REFUSED @ http://localhost:5173/@vite/client:1034
[37630341ms] [ERROR] WebSocket connection to 'ws://localhost:5173/' failed: Error in connection establishment: net::ERR_CONNECTION_REFUSED @ http://localhost:5173/@vite/client:1034
[37635085ms] [ERROR] WebSocket connection to 'ws://localhost:5173/' failed: Error in connection establishment: net::ERR_CONNECTION_REFUSED @ http://localhost:5173/@vite/client:1034
[37639926ms] [ERROR] WebSocket connection to 'ws://localhost:5173/' failed: Error in connection establishment: net::ERR_CONNECTION_REFUSED @ http://localhost:5173/@vite/client:1034
[37645147ms] [ERROR] WebSocket connection to 'ws://localhost:5173/' failed: Error in connection establishment: net::ERR_CONNECTION_REFUSED @ http://localhost:5173/@vite/client:1034
[37648991ms] [ERROR] WebSocket connection to 'ws://localhost:5173/' failed: Error in connection establishment: net::ERR_CONNECTION_REFUSED @ http://localhost:5173/@vite/client:1034
[37652890ms] [ERROR] WebSocket connection to 'ws://localhost:5173/' failed: Error in connection establishment: net::ERR_CONNECTION_REFUSED @ http://localhost:5173/@vite/client:1034
[37658848ms] [ERROR] WebSocket connection to 'ws://localhost:5173/' failed: Error in connection establishment: net::ERR_CONNECTION_REFUSED @ http://localhost:5173/@vite/client:1034
[37662348ms] [ERROR] WebSocket connection to 'ws://localhost:5173/' failed: Error in connection establishment: net::ERR_CONNECTION_REFUSED @ http://localhost:5173/@vite/client:1034
[37703109ms] [ERROR] WebSocket connection to 'ws://localhost:5173/' failed: Error in connection establishment: net::ERR_CONNECTION_REFUSED @ http://localhost:5173/@vite/client:1034
[37708803ms] [ERROR] WebSocket connection to 'ws://localhost:5173/' failed: Error in connection establishment: net::ERR_CONNECTION_REFUSED @ http://localhost:5173/@vite/client:1034
[37711691ms] [ERROR] WebSocket connection to 'ws://localhost:5173/' failed: Error in connection establishment: net::ERR_CONNECTION_REFUSED @ http://localhost:5173/@vite/client:1034
[37717433ms] [ERROR] WebSocket connection to 'ws://localhost:5173/' failed: Error in connection establishment: net::ERR_CONNECTION_REFUSED @ http://localhost:5173/@vite/client:1034
[37760985ms] [ERROR] WebSocket connection to 'ws://localhost:5173/' failed: Error in connection establishment: net::ERR_CONNECTION_REFUSED @ http://localhost:5173/@vite/client:1034
[37766984ms] [ERROR] WebSocket connection to 'ws://localhost:5173/' failed: Error in connection establishment: net::ERR_CONNECTION_REFUSED @ http://localhost:5173/@vite/client:1034
[37771100ms] [ERROR] WebSocket connection to 'ws://localhost:5173/' failed: Error in connection establishment: net::ERR_CONNECTION_REFUSED @ http://localhost:5173/@vite/client:1034
[37773623ms] [ERROR] WebSocket connection to 'ws://localhost:5173/' failed: Error in connection establishment: net::ERR_CONNECTION_REFUSED @ http://localhost:5173/@vite/client:1034
[37794888ms] [ERROR] WebSocket connection to 'ws://localhost:5173/' failed: Error in connection establishment: net::ERR_CONNECTION_REFUSED @ http://localhost:5173/@vite/client:1034
[37799927ms] [ERROR] WebSocket connection to 'ws://localhost:5173/' failed: Error in connection establishment: net::ERR_CONNECTION_REFUSED @ http://localhost:5173/@vite/client:1034
[37804135ms] [ERROR] WebSocket connection to 'ws://localhost:5173/' failed: Error in connection establishment: net::ERR_CONNECTION_REFUSED @ http://localhost:5173/@vite/client:1034
[37808149ms] [ERROR] WebSocket connection to 'ws://localhost:5173/' failed: Error in connection establishment: net::ERR_CONNECTION_REFUSED @ http://localhost:5173/@vite/client:1034
[37812164ms] [ERROR] WebSocket connection to 'ws://localhost:5173/' failed: Error in connection establishment: net::ERR_CONNECTION_REFUSED @ http://localhost:5173/@vite/client:1034
[37884133ms] [ERROR] WebSocket connection to 'ws://localhost:5173/' failed: Error in connection establishment: net::ERR_CONNECTION_REFUSED @ http://localhost:5173/@vite/client:1034
[37886294ms] [ERROR] WebSocket connection to 'ws://localhost:5173/' failed: Error in connection establishment: net::ERR_CONNECTION_REFUSED @ http://localhost:5173/@vite/client:1034
[37889490ms] [ERROR] WebSocket connection to 'ws://localhost:5173/' failed: Error in connection establishment: net::ERR_CONNECTION_REFUSED @ http://localhost:5173/@vite/client:1034
[37891686ms] [ERROR] WebSocket connection to 'ws://localhost:5173/' failed: Error in connection establishment: net::ERR_CONNECTION_REFUSED @ http://localhost:5173/@vite/client:1034
[37893815ms] [ERROR] WebSocket connection to 'ws://localhost:5173/' failed: Error in connection establishment: net::ERR_CONNECTION_REFUSED @ http://localhost:5173/@vite/client:1034
[37899741ms] [ERROR] WebSocket connection to 'ws://localhost:5173/' failed: Error in connection establishment: net::ERR_CONNECTION_REFUSED @ http://localhost:5173/@vite/client:1034
[37903699ms] [ERROR] WebSocket connection to 'ws://localhost:5173/' failed: Error in connection establishment: net::ERR_CONNECTION_REFUSED @ http://localhost:5173/@vite/client:1034
[37908918ms] [ERROR] WebSocket connection to 'ws://localhost:5173/' failed: Error in connection establishment: net::ERR_CONNECTION_REFUSED @ http://localhost:5173/@vite/client:1034
[37911153ms] [ERROR] WebSocket connection to 'ws://localhost:5173/' failed: Error in connection establishment: net::ERR_CONNECTION_REFUSED @ http://localhost:5173/@vite/client:1034
[37913632ms] [ERROR] WebSocket connection to 'ws://localhost:5173/' failed: Error in connection establishment: net::ERR_CONNECTION_REFUSED @ http://localhost:5173/@vite/client:1034
[37917157ms] [ERROR] WebSocket connection to 'ws://localhost:5173/' failed: Error in connection establishment: net::ERR_CONNECTION_REFUSED @ http://localhost:5173/@vite/client:1034
[37922562ms] [ERROR] WebSocket connection to 'ws://localhost:5173/' failed: Error in connection establishment: net::ERR_CONNECTION_REFUSED @ http://localhost:5173/@vite/client:1034
[37925992ms] [ERROR] WebSocket connection to 'ws://localhost:5173/' failed: Error in connection establishment: net::ERR_CONNECTION_REFUSED @ http://localhost:5173/@vite/client:1034
[37930244ms] [ERROR] WebSocket connection to 'ws://localhost:5173/' failed: Error in connection establishment: net::ERR_CONNECTION_REFUSED @ http://localhost:5173/@vite/client:1034
[37932387ms] [ERROR] WebSocket connection to 'ws://localhost:5173/' failed: Error in connection establishment: net::ERR_CONNECTION_REFUSED @ http://localhost:5173/@vite/client:1034
[37936846ms] [ERROR] WebSocket connection to 'ws://localhost:5173/' failed: Error in connection establishment: net::ERR_CONNECTION_REFUSED @ http://localhost:5173/@vite/client:1034
[37939255ms] [ERROR] WebSocket connection to 'ws://localhost:5173/' failed: Error in connection establishment: net::ERR_CONNECTION_REFUSED @ http://localhost:5173/@vite/client:1034
[38085782ms] [ERROR] WebSocket connection to 'ws://localhost:5173/' failed: Error in connection establishment: net::ERR_CONNECTION_REFUSED @ http://localhost:5173/@vite/client:1034
[38088894ms] [ERROR] WebSocket connection to 'ws://localhost:5173/' failed: Error in connection establishment: net::ERR_CONNECTION_REFUSED @ http://localhost:5173/@vite/client:1034
[38092880ms] [ERROR] WebSocket connection to 'ws://localhost:5173/' failed: Error in connection establishment: net::ERR_CONNECTION_REFUSED @ http://localhost:5173/@vite/client:1034
[38097902ms] [ERROR] WebSocket connection to 'ws://localhost:5173/' failed: Error in connection establishment: net::ERR_CONNECTION_REFUSED @ http://localhost:5173/@vite/client:1034
[38103077ms] [ERROR] WebSocket connection to 'ws://localhost:5173/' failed: Error in connection establishment: net::ERR_CONNECTION_REFUSED @ http://localhost:5173/@vite/client:1034
[38111071ms] [ERROR] WebSocket connection to 'ws://localhost:5173/' failed: Error in connection establishment: net::ERR_CONNECTION_REFUSED @ http://localhost:5173/@vite/client:1034
[38116596ms] [ERROR] WebSocket connection to 'ws://localhost:5173/' failed: Error in connection establishment: net::ERR_CONNECTION_REFUSED @ http://localhost:5173/@vite/client:1034
[38121262ms] [ERROR] WebSocket connection to 'ws://localhost:5173/' failed: Error in connection establishment: net::ERR_CONNECTION_REFUSED @ http://localhost:5173/@vite/client:1034
[38125939ms] [ERROR] WebSocket connection to 'ws://localhost:5173/' failed: Error in connection establishment: net::ERR_CONNECTION_REFUSED @ http://localhost:5173/@vite/client:1034
[38131116ms] [ERROR] WebSocket connection to 'ws://localhost:5173/' failed: Error in connection establishment: net::ERR_CONNECTION_REFUSED @ http://localhost:5173/@vite/client:1034
[38135192ms] [ERROR] WebSocket connection to 'ws://localhost:5173/' failed: Error in connection establishment: net::ERR_CONNECTION_REFUSED @ http://localhost:5173/@vite/client:1034
[38140426ms] [ERROR] WebSocket connection to 'ws://localhost:5173/' failed: Error in connection establishment: net::ERR_CONNECTION_REFUSED @ http://localhost:5173/@vite/client:1034
[38145968ms] [ERROR] WebSocket connection to 'ws://localhost:5173/' failed: Error in connection establishment: net::ERR_CONNECTION_REFUSED @ http://localhost:5173/@vite/client:1034
[38148766ms] [ERROR] WebSocket connection to 'ws://localhost:5173/' failed: Error in connection establishment: net::ERR_CONNECTION_REFUSED @ http://localhost:5173/@vite/client:1034
[38153728ms] [ERROR] WebSocket connection to 'ws://localhost:5173/' failed: Error in connection establishment: net::ERR_CONNECTION_REFUSED @ http://localhost:5173/@vite/client:1034
[38157747ms] [ERROR] WebSocket connection to 'ws://localhost:5173/' failed: Error in connection establishment: net::ERR_CONNECTION_REFUSED @ http://localhost:5173/@vite/client:1034
[38163191ms] [ERROR] WebSocket connection to 'ws://localhost:5173/' failed: Error in connection establishment: net::ERR_CONNECTION_REFUSED @ http://localhost:5173/@vite/client:1034
[38225676ms] [ERROR] WebSocket connection to 'ws://localhost:5173/' failed: Error in connection establishment: net::ERR_CONNECTION_REFUSED @ http://localhost:5173/@vite/client:1034
[38230255ms] [ERROR] WebSocket connection to 'ws://localhost:5173/' failed: Error in connection establishment: net::ERR_CONNECTION_REFUSED @ http://localhost:5173/@vite/client:1034
[38233957ms] [ERROR] WebSocket connection to 'ws://localhost:5173/' failed: Error in connection establishment: net::ERR_CONNECTION_REFUSED @ http://localhost:5173/@vite/client:1034
[38239531ms] [ERROR] WebSocket connection to 'ws://localhost:5173/' failed: Error in connection establishment: net::ERR_CONNECTION_REFUSED @ http://localhost:5173/@vite/client:1034
[38243029ms] [ERROR] WebSocket connection to 'ws://localhost:5173/' failed: Error in connection establishment: net::ERR_CONNECTION_REFUSED @ http://localhost:5173/@vite/client:1034
[38248626ms] [ERROR] WebSocket connection to 'ws://localhost:5173/' failed: Error in connection establishment: net::ERR_CONNECTION_REFUSED @ http://localhost:5173/@vite/client:1034
[38251947ms] [ERROR] WebSocket connection to 'ws://localhost:5173/' failed: Error in connection establishment: net::ERR_CONNECTION_REFUSED @ http://localhost:5173/@vite/client:1034
[38254818ms] [ERROR] WebSocket connection to 'ws://localhost:5173/' failed: Error in connection establishment: net::ERR_CONNECTION_REFUSED @ http://localhost:5173/@vite/client:1034
[38260372ms] [ERROR] WebSocket connection to 'ws://localhost:5173/' failed: Error in connection establishment: net::ERR_CONNECTION_REFUSED @ http://localhost:5173/@vite/client:1034
[38265398ms] [ERROR] WebSocket connection to 'ws://localhost:5173/' failed: Error in connection establishment: net::ERR_CONNECTION_REFUSED @ http://localhost:5173/@vite/client:1034
[38267774ms] [ERROR] WebSocket connection to 'ws://localhost:5173/' failed: Error in connection establishment: net::ERR_CONNECTION_REFUSED @ http://localhost:5173/@vite/client:1034
[38273755ms] [ERROR] WebSocket connection to 'ws://localhost:5173/' failed: Error in connection establishment: net::ERR_CONNECTION_REFUSED @ http://localhost:5173/@vite/client:1034
[38277389ms] [ERROR] WebSocket connection to 'ws://localhost:5173/' failed: Error in connection establishment: net::ERR_CONNECTION_REFUSED @ http://localhost:5173/@vite/client:1034
[38279748ms] [ERROR] WebSocket connection to 'ws://localhost:5173/' failed: Error in connection establishment: net::ERR_CONNECTION_REFUSED @ http://localhost:5173/@vite/client:1034
[38447111ms] [ERROR] WebSocket connection to 'ws://localhost:5173/' failed: Error in connection establishment: net::ERR_CONNECTION_REFUSED @ http://localhost:5173/@vite/client:1034
[38449869ms] [ERROR] WebSocket connection to 'ws://localhost:5173/' failed: Error in connection establishment: net::ERR_CONNECTION_REFUSED @ http://localhost:5173/@vite/client:1034
[38453413ms] [ERROR] WebSocket connection to 'ws://localhost:5173/' failed: Error in connection establishment: net::ERR_CONNECTION_REFUSED @ http://localhost:5173/@vite/client:1034
[38457068ms] [ERROR] WebSocket connection to 'ws://localhost:5173/' failed: Error in connection establishment: net::ERR_CONNECTION_REFUSED @ http://localhost:5173/@vite/client:1034
[38460096ms] [ERROR] WebSocket connection to 'ws://localhost:5173/' failed: Error in connection establishment: net::ERR_CONNECTION_REFUSED @ http://localhost:5173/@vite/client:1034
[38519445ms] [ERROR] WebSocket connection to 'ws://localhost:5173/' failed: Error in connection establishment: net::ERR_CONNECTION_REFUSED @ http://localhost:5173/@vite/client:1034
[38523857ms] [ERROR] WebSocket connection to 'ws://localhost:5173/' failed: Error in connection establishment: net::ERR_CONNECTION_REFUSED @ http://localhost:5173/@vite/client:1034
[38528957ms] [ERROR] WebSocket connection to 'ws://localhost:5173/' failed: Error in connection establishment: net::ERR_CONNECTION_REFUSED @ http://localhost:5173/@vite/client:1034
[38532878ms] [ERROR] WebSocket connection to 'ws://localhost:5173/' failed: Error in connection establishment: net::ERR_CONNECTION_REFUSED @ http://localhost:5173/@vite/client:1034
[38538117ms] [ERROR] WebSocket connection to 'ws://localhost:5173/' failed: Error in connection establishment: net::ERR_CONNECTION_REFUSED @ http://localhost:5173/@vite/client:1034
[38544091ms] [ERROR] WebSocket connection to 'ws://localhost:5173/' failed: Error in connection establishment: net::ERR_CONNECTION_REFUSED @ http://localhost:5173/@vite/client:1034
[38546317ms] [ERROR] WebSocket connection to 'ws://localhost:5173/' failed: Error in connection establishment: net::ERR_CONNECTION_REFUSED @ http://localhost:5173/@vite/client:1034
[38550856ms] [ERROR] WebSocket connection to 'ws://localhost:5173/' failed: Error in connection establishment: net::ERR_CONNECTION_REFUSED @ http://localhost:5173/@vite/client:1034
[38553797ms] [ERROR] WebSocket connection to 'ws://localhost:5173/' failed: Error in connection establishment: net::ERR_CONNECTION_REFUSED @ http://localhost:5173/@vite/client:1034
[38558751ms] [ERROR] WebSocket connection to 'ws://localhost:5173/' failed: Error in connection establishment: net::ERR_CONNECTION_REFUSED @ http://localhost:5173/@vite/client:1034
[38562498ms] [ERROR] WebSocket connection to 'ws://localhost:5173/' failed: Error in connection establishment: net::ERR_CONNECTION_REFUSED @ http://localhost:5173/@vite/client:1034
[38568004ms] [ERROR] WebSocket connection to 'ws://localhost:5173/' failed: Error in connection establishment: net::ERR_CONNECTION_REFUSED @ http://localhost:5173/@vite/client:1034
[38572635ms] [ERROR] WebSocket connection to 'ws://localhost:5173/' failed: Error in connection establishment: net::ERR_CONNECTION_REFUSED @ http://localhost:5173/@vite/client:1034
[38578396ms] [ERROR] WebSocket connection to 'ws://localhost:5173/' failed: Error in connection establishment: net::ERR_CONNECTION_REFUSED @ http://localhost:5173/@vite/client:1034
[38582216ms] [ERROR] WebSocket connection to 'ws://localhost:5173/' failed: Error in connection establishment: net::ERR_CONNECTION_REFUSED @ http://localhost:5173/@vite/client:1034
[38661542ms] [ERROR] WebSocket connection to 'ws://localhost:5173/' failed: Error in connection establishment: net::ERR_CONNECTION_REFUSED @ http://localhost:5173/@vite/client:1034
[38665822ms] [ERROR] WebSocket connection to 'ws://localhost:5173/' failed: Error in connection establishment: net::ERR_CONNECTION_REFUSED @ http://localhost:5173/@vite/client:1034
[38668593ms] [ERROR] WebSocket connection to 'ws://localhost:5173/' failed: Error in connection establishment: net::ERR_CONNECTION_REFUSED @ http://localhost:5173/@vite/client:1034
[38671255ms] [ERROR] WebSocket connection to 'ws://localhost:5173/' failed: Error in connection establishment: net::ERR_CONNECTION_REFUSED @ http://localhost:5173/@vite/client:1034
[38675295ms] [ERROR] WebSocket connection to 'ws://localhost:5173/' failed: Error in connection establishment: net::ERR_CONNECTION_REFUSED @ http://localhost:5173/@vite/client:1034
[38678028ms] [ERROR] WebSocket connection to 'ws://localhost:5173/' failed: Error in connection establishment: net::ERR_CONNECTION_REFUSED @ http://localhost:5173/@vite/client:1034
[38681838ms] [ERROR] WebSocket connection to 'ws://localhost:5173/' failed: Error in connection establishment: net::ERR_CONNECTION_REFUSED @ http://localhost:5173/@vite/client:1034
[38687683ms] [ERROR] WebSocket connection to 'ws://localhost:5173/' failed: Error in connection establishment: net::ERR_CONNECTION_REFUSED @ http://localhost:5173/@vite/client:1034
[38691378ms] [ERROR] WebSocket connection to 'ws://localhost:5173/' failed: Error in connection establishment: net::ERR_CONNECTION_REFUSED @ http://localhost:5173/@vite/client:1034
[38696616ms] [ERROR] WebSocket connection to 'ws://localhost:5173/' failed: Error in connection establishment: net::ERR_CONNECTION_REFUSED @ http://localhost:5173/@vite/client:1034
[38701387ms] [ERROR] WebSocket connection to 'ws://localhost:5173/' failed: Error in connection establishment: net::ERR_CONNECTION_REFUSED @ http://localhost:5173/@vite/client:1034
[38706914ms] [ERROR] WebSocket connection to 'ws://localhost:5173/' failed: Error in connection establishment: net::ERR_CONNECTION_REFUSED @ http://localhost:5173/@vite/client:1034
[38711461ms] [ERROR] WebSocket connection to 'ws://localhost:5173/' failed: Error in connection establishment: net::ERR_CONNECTION_REFUSED @ http://localhost:5173/@vite/client:1034
[38715067ms] [ERROR] WebSocket connection to 'ws://localhost:5173/' failed: Error in connection establishment: net::ERR_CONNECTION_REFUSED @ http://localhost:5173/@vite/client:1034
[38719531ms] [ERROR] WebSocket connection to 'ws://localhost:5173/' failed: Error in connection establishment: net::ERR_CONNECTION_REFUSED @ http://localhost:5173/@vite/client:1034
[38736001ms] [ERROR] WebSocket connection to 'ws://localhost:5173/' failed: Error in connection establishment: net::ERR_CONNECTION_REFUSED @ http://localhost:5173/@vite/client:1034
[38741734ms] [ERROR] WebSocket connection to 'ws://localhost:5173/' failed: Error in connection establishment: net::ERR_CONNECTION_REFUSED @ http://localhost:5173/@vite/client:1034
[38744116ms] [ERROR] WebSocket connection to 'ws://localhost:5173/' failed: Error in connection establishment: net::ERR_CONNECTION_REFUSED @ http://localhost:5173/@vite/client:1034
[38748019ms] [ERROR] WebSocket connection to 'ws://localhost:5173/' failed: Error in connection establishment: net::ERR_CONNECTION_REFUSED @ http://localhost:5173/@vite/client:1034
[38751923ms] [ERROR] WebSocket connection to 'ws://localhost:5173/' failed: Error in connection establishment: net::ERR_CONNECTION_REFUSED @ http://localhost:5173/@vite/client:1034
[38754678ms] [ERROR] WebSocket connection to 'ws://localhost:5173/' failed: Error in connection establishment: net::ERR_CONNECTION_REFUSED @ http://localhost:5173/@vite/client:1034
[38759625ms] [ERROR] WebSocket connection to 'ws://localhost:5173/' failed: Error in connection establishment: net::ERR_CONNECTION_REFUSED @ http://localhost:5173/@vite/client:1034
[38761782ms] [ERROR] WebSocket connection to 'ws://localhost:5173/' failed: Error in connection establishment: net::ERR_CONNECTION_REFUSED @ http://localhost:5173/@vite/client:1034
[38767155ms] [ERROR] WebSocket connection to 'ws://localhost:5173/' failed: Error in connection establishment: net::ERR_CONNECTION_REFUSED @ http://localhost:5173/@vite/client:1034
[38771539ms] [ERROR] WebSocket connection to 'ws://localhost:5173/' failed: Error in connection establishment: net::ERR_CONNECTION_REFUSED @ http://localhost:5173/@vite/client:1034
[38775784ms] [ERROR] WebSocket connection to 'ws://localhost:5173/' failed: Error in connection establishment: net::ERR_CONNECTION_REFUSED @ http://localhost:5173/@vite/client:1034
[38779272ms] [ERROR] WebSocket connection to 'ws://localhost:5173/' failed: Error in connection establishment: net::ERR_CONNECTION_REFUSED @ http://localhost:5173/@vite/client:1034
[38783589ms] [ERROR] WebSocket connection to 'ws://localhost:5173/' failed: Error in connection establishment: net::ERR_CONNECTION_REFUSED @ http://localhost:5173/@vite/client:1034
[38787625ms] [ERROR] WebSocket connection to 'ws://localhost:5173/' failed: Error in connection establishment: net::ERR_CONNECTION_REFUSED @ http://localhost:5173/@vite/client:1034
[38797979ms] [ERROR] WebSocket connection to 'ws://localhost:5173/' failed: Error in connection establishment: net::ERR_CONNECTION_REFUSED @ http://localhost:5173/@vite/client:1034
[38803907ms] [ERROR] WebSocket connection to 'ws://localhost:5173/' failed: Error in connection establishment: net::ERR_CONNECTION_REFUSED @ http://localhost:5173/@vite/client:1034
[38809160ms] [ERROR] WebSocket connection to 'ws://localhost:5173/' failed: Error in connection establishment: net::ERR_CONNECTION_REFUSED @ http://localhost:5173/@vite/client:1034
[38813138ms] [ERROR] WebSocket connection to 'ws://localhost:5173/' failed: Error in connection establishment: net::ERR_CONNECTION_REFUSED @ http://localhost:5173/@vite/client:1034
[38816645ms] [ERROR] WebSocket connection to 'ws://localhost:5173/' failed: Error in connection establishment: net::ERR_CONNECTION_REFUSED @ http://localhost:5173/@vite/client:1034
[38821562ms] [ERROR] WebSocket connection to 'ws://localhost:5173/' failed: Error in connection establishment: net::ERR_CONNECTION_REFUSED @ http://localhost:5173/@vite/client:1034
[38825770ms] [ERROR] WebSocket connection to 'ws://localhost:5173/' failed: Error in connection establishment: net::ERR_CONNECTION_REFUSED @ http://localhost:5173/@vite/client:1034
[38828438ms] [ERROR] WebSocket connection to 'ws://localhost:5173/' failed: Error in connection establishment: net::ERR_CONNECTION_REFUSED @ http://localhost:5173/@vite/client:1034
[38831932ms] [ERROR] WebSocket connection to 'ws://localhost:5173/' failed: Error in connection establishment: net::ERR_CONNECTION_REFUSED @ http://localhost:5173/@vite/client:1034
[38835735ms] [ERROR] WebSocket connection to 'ws://localhost:5173/' failed: Error in connection establishment: net::ERR_CONNECTION_REFUSED @ http://localhost:5173/@vite/client:1034
[38837792ms] [ERROR] WebSocket connection to 'ws://localhost:5173/' failed: Error in connection establishment: net::ERR_CONNECTION_REFUSED @ http://localhost:5173/@vite/client:1034
[38842892ms] [ERROR] WebSocket connection to 'ws://localhost:5173/' failed: Error in connection establishment: net::ERR_CONNECTION_REFUSED @ http://localhost:5173/@vite/client:1034
[38845033ms] [ERROR] WebSocket connection to 'ws://localhost:5173/' failed: Error in connection establishment: net::ERR_CONNECTION_REFUSED @ http://localhost:5173/@vite/client:1034
[38847254ms] [ERROR] WebSocket connection to 'ws://localhost:5173/' failed: Error in connection establishment: net::ERR_CONNECTION_REFUSED @ http://localhost:5173/@vite/client:1034
[38856185ms] [ERROR] WebSocket connection to 'ws://localhost:5173/' failed: Error in connection establishment: net::ERR_CONNECTION_REFUSED @ http://localhost:5173/@vite/client:1034
[38860392ms] [ERROR] WebSocket connection to 'ws://localhost:5173/' failed: Error in connection establishment: net::ERR_CONNECTION_REFUSED @ http://localhost:5173/@vite/client:1034
[38864447ms] [ERROR] WebSocket connection to 'ws://localhost:5173/' failed: Error in connection establishment: net::ERR_CONNECTION_REFUSED @ http://localhost:5173/@vite/client:1034
[38866766ms] [ERROR] WebSocket connection to 'ws://localhost:5173/' failed: Error in connection establishment: net::ERR_CONNECTION_REFUSED @ http://localhost:5173/@vite/client:1034
[38869580ms] [ERROR] WebSocket connection to 'ws://localhost:5173/' failed: Error in connection establishment: net::ERR_CONNECTION_REFUSED @ http://localhost:5173/@vite/client:1034
[38875480ms] [ERROR] WebSocket connection to 'ws://localhost:5173/' failed: Error in connection establishment: net::ERR_CONNECTION_REFUSED @ http://localhost:5173/@vite/client:1034
[38877889ms] [ERROR] WebSocket connection to 'ws://localhost:5173/' failed: Error in connection establishment: net::ERR_CONNECTION_REFUSED @ http://localhost:5173/@vite/client:1034
[38880969ms] [ERROR] WebSocket connection to 'ws://localhost:5173/' failed: Error in connection establishment: net::ERR_CONNECTION_REFUSED @ http://localhost:5173/@vite/client:1034
[38883936ms] [ERROR] WebSocket connection to 'ws://localhost:5173/' failed: Error in connection establishment: net::ERR_CONNECTION_REFUSED @ http://localhost:5173/@vite/client:1034
[38886257ms] [ERROR] WebSocket connection to 'ws://localhost:5173/' failed: Error in connection establishment: net::ERR_CONNECTION_REFUSED @ http://localhost:5173/@vite/client:1034
[38888495ms] [ERROR] WebSocket connection to 'ws://localhost:5173/' failed: Error in connection establishment: net::ERR_CONNECTION_REFUSED @ http://localhost:5173/@vite/client:1034
[38893580ms] [ERROR] WebSocket connection to 'ws://localhost:5173/' failed: Error in connection establishment: net::ERR_CONNECTION_REFUSED @ http://localhost:5173/@vite/client:1034
[38899362ms] [ERROR] WebSocket connection to 'ws://localhost:5173/' failed: Error in connection establishment: net::ERR_CONNECTION_REFUSED @ http://localhost:5173/@vite/client:1034
[38905190ms] [ERROR] WebSocket connection to 'ws://localhost:5173/' failed: Error in connection establishment: net::ERR_CONNECTION_REFUSED @ http://localhost:5173/@vite/client:1034
[38908610ms] [ERROR] WebSocket connection to 'ws://localhost:5173/' failed: Error in connection establishment: net::ERR_CONNECTION_REFUSED @ http://localhost:5173/@vite/client:1034
[38923841ms] [ERROR] WebSocket connection to 'ws://localhost:5173/' failed: Error in connection establishment: net::ERR_CONNECTION_REFUSED @ http://localhost:5173/@vite/client:1034
[38928769ms] [ERROR] WebSocket connection to 'ws://localhost:5173/' failed: Error in connection establishment: net::ERR_CONNECTION_REFUSED @ http://localhost:5173/@vite/client:1034
[38930898ms] [ERROR] WebSocket connection to 'ws://localhost:5173/' failed: Error in connection establishment: net::ERR_CONNECTION_REFUSED @ http://localhost:5173/@vite/client:1034
[38935241ms] [ERROR] WebSocket connection to 'ws://localhost:5173/' failed: Error in connection establishment: net::ERR_CONNECTION_REFUSED @ http://localhost:5173/@vite/client:1034
[38938571ms] [ERROR] WebSocket connection to 'ws://localhost:5173/' failed: Error in connection establishment: net::ERR_CONNECTION_REFUSED @ http://localhost:5173/@vite/client:1034
[38997041ms] [ERROR] WebSocket connection to 'ws://localhost:5173/' failed: Error in connection establishment: net::ERR_CONNECTION_REFUSED @ http://localhost:5173/@vite/client:1034
[39002195ms] [ERROR] WebSocket connection to 'ws://localhost:5173/' failed: Error in connection establishment: net::ERR_CONNECTION_REFUSED @ http://localhost:5173/@vite/client:1034
[39004236ms] [ERROR] WebSocket connection to 'ws://localhost:5173/' failed: Error in connection establishment: net::ERR_CONNECTION_REFUSED @ http://localhost:5173/@vite/client:1034
[39007780ms] [ERROR] WebSocket connection to 'ws://localhost:5173/' failed: Error in connection establishment: net::ERR_CONNECTION_REFUSED @ http://localhost:5173/@vite/client:1034
[39011959ms] [ERROR] WebSocket connection to 'ws://localhost:5173/' failed: Error in connection establishment: net::ERR_CONNECTION_REFUSED @ http://localhost:5173/@vite/client:1034
[39017501ms] [ERROR] WebSocket connection to 'ws://localhost:5173/' failed: Error in connection establishment: net::ERR_CONNECTION_REFUSED @ http://localhost:5173/@vite/client:1034
[39022861ms] [ERROR] WebSocket connection to 'ws://localhost:5173/' failed: Error in connection establishment: net::ERR_CONNECTION_REFUSED @ http://localhost:5173/@vite/client:1034
[39027483ms] [ERROR] WebSocket connection to 'ws://localhost:5173/' failed: Error in connection establishment: net::ERR_CONNECTION_REFUSED @ http://localhost:5173/@vite/client:1034
[39031928ms] [ERROR] WebSocket connection to 'ws://localhost:5173/' failed: Error in connection establishment: net::ERR_CONNECTION_REFUSED @ http://localhost:5173/@vite/client:1034
[39037724ms] [ERROR] WebSocket connection to 'ws://localhost:5173/' failed: Error in connection establishment: net::ERR_CONNECTION_REFUSED @ http://localhost:5173/@vite/client:1034
[39040833ms] [ERROR] WebSocket connection to 'ws://localhost:5173/' failed: Error in connection establishment: net::ERR_CONNECTION_REFUSED @ http://localhost:5173/@vite/client:1034
[39044129ms] [ERROR] WebSocket connection to 'ws://localhost:5173/' failed: Error in connection establishment: net::ERR_CONNECTION_REFUSED @ http://localhost:5173/@vite/client:1034
[39104522ms] [ERROR] WebSocket connection to 'ws://localhost:5173/' failed: Error in connection establishment: net::ERR_CONNECTION_REFUSED @ http://localhost:5173/@vite/client:1034
[39106600ms] [ERROR] WebSocket connection to 'ws://localhost:5173/' failed: Error in connection establishment: net::ERR_CONNECTION_REFUSED @ http://localhost:5173/@vite/client:1034
[39109971ms] [ERROR] WebSocket connection to 'ws://localhost:5173/' failed: Error in connection establishment: net::ERR_CONNECTION_REFUSED @ http://localhost:5173/@vite/client:1034
[39115271ms] [ERROR] WebSocket connection to 'ws://localhost:5173/' failed: Error in connection establishment: net::ERR_CONNECTION_REFUSED @ http://localhost:5173/@vite/client:1034
[39120533ms] [ERROR] WebSocket connection to 'ws://localhost:5173/' failed: Error in connection establishment: net::ERR_CONNECTION_REFUSED @ http://localhost:5173/@vite/client:1034
[39125996ms] [ERROR] WebSocket connection to 'ws://localhost:5173/' failed: Error in connection establishment: net::ERR_CONNECTION_REFUSED @ http://localhost:5173/@vite/client:1034
[39129714ms] [ERROR] WebSocket connection to 'ws://localhost:5173/' failed: Error in connection establishment: net::ERR_CONNECTION_REFUSED @ http://localhost:5173/@vite/client:1034
[39134069ms] [ERROR] WebSocket connection to 'ws://localhost:5173/' failed: Error in connection establishment: net::ERR_CONNECTION_REFUSED @ http://localhost:5173/@vite/client:1034
[39139854ms] [ERROR] WebSocket connection to 'ws://localhost:5173/' failed: Error in connection establishment: net::ERR_CONNECTION_REFUSED @ http://localhost:5173/@vite/client:1034
[39142151ms] [ERROR] WebSocket connection to 'ws://localhost:5173/' failed: Error in connection establishment: net::ERR_CONNECTION_REFUSED @ http://localhost:5173/@vite/client:1034
[39144353ms] [ERROR] WebSocket connection to 'ws://localhost:5173/' failed: Error in connection establishment: net::ERR_CONNECTION_REFUSED @ http://localhost:5173/@vite/client:1034
[39147760ms] [ERROR] WebSocket connection to 'ws://localhost:5173/' failed: Error in connection establishment: net::ERR_CONNECTION_REFUSED @ http://localhost:5173/@vite/client:1034
[39152650ms] [ERROR] WebSocket connection to 'ws://localhost:5173/' failed: Error in connection establishment: net::ERR_CONNECTION_REFUSED @ http://localhost:5173/@vite/client:1034
[39156565ms] [ERROR] WebSocket connection to 'ws://localhost:5173/' failed: Error in connection establishment: net::ERR_CONNECTION_REFUSED @ http://localhost:5173/@vite/client:1034
[39160117ms] [ERROR] WebSocket connection to 'ws://localhost:5173/' failed: Error in connection establishment: net::ERR_CONNECTION_REFUSED @ http://localhost:5173/@vite/client:1034
[39162922ms] [ERROR] WebSocket connection to 'ws://localhost:5173/' failed: Error in connection establishment: net::ERR_CONNECTION_REFUSED @ http://localhost:5173/@vite/client:1034
[39166176ms] [ERROR] WebSocket connection to 'ws://localhost:5173/' failed: Error in connection establishment: net::ERR_CONNECTION_REFUSED @ http://localhost:5173/@vite/client:1034
[39168369ms] [ERROR] WebSocket connection to 'ws://localhost:5173/' failed: Error in connection establishment: net::ERR_CONNECTION_REFUSED @ http://localhost:5173/@vite/client:1034
[39173885ms] [ERROR] WebSocket connection to 'ws://localhost:5173/' failed: Error in connection establishment: net::ERR_CONNECTION_REFUSED @ http://localhost:5173/@vite/client:1034
[39179008ms] [ERROR] WebSocket connection to 'ws://localhost:5173/' failed: Error in connection establishment: net::ERR_CONNECTION_REFUSED @ http://localhost:5173/@vite/client:1034
[39183105ms] [ERROR] WebSocket connection to 'ws://localhost:5173/' failed: Error in connection establishment: net::ERR_CONNECTION_REFUSED @ http://localhost:5173/@vite/client:1034
[39186009ms] [ERROR] WebSocket connection to 'ws://localhost:5173/' failed: Error in connection establishment: net::ERR_CONNECTION_REFUSED @ http://localhost:5173/@vite/client:1034
[39188191ms] [ERROR] WebSocket connection to 'ws://localhost:5173/' failed: Error in connection establishment: net::ERR_CONNECTION_REFUSED @ http://localhost:5173/@vite/client:1034
[39191321ms] [ERROR] WebSocket connection to 'ws://localhost:5173/' failed: Error in connection establishment: net::ERR_CONNECTION_REFUSED @ http://localhost:5173/@vite/client:1034
[39193559ms] [ERROR] WebSocket connection to 'ws://localhost:5173/' failed: Error in connection establishment: net::ERR_CONNECTION_REFUSED @ http://localhost:5173/@vite/client:1034
[39196225ms] [ERROR] WebSocket connection to 'ws://localhost:5173/' failed: Error in connection establishment: net::ERR_CONNECTION_REFUSED @ http://localhost:5173/@vite/client:1034
[39198927ms] [ERROR] WebSocket connection to 'ws://localhost:5173/' failed: Error in connection establishment: net::ERR_CONNECTION_REFUSED @ http://localhost:5173/@vite/client:1034
[39201869ms] [ERROR] WebSocket connection to 'ws://localhost:5173/' failed: Error in connection establishment: net::ERR_CONNECTION_REFUSED @ http://localhost:5173/@vite/client:1034
[39205270ms] [ERROR] WebSocket connection to 'ws://localhost:5173/' failed: Error in connection establishment: net::ERR_CONNECTION_REFUSED @ http://localhost:5173/@vite/client:1034
[39208757ms] [ERROR] WebSocket connection to 'ws://localhost:5173/' failed: Error in connection establishment: net::ERR_CONNECTION_REFUSED @ http://localhost:5173/@vite/client:1034
[39210844ms] [ERROR] WebSocket connection to 'ws://localhost:5173/' failed: Error in connection establishment: net::ERR_CONNECTION_REFUSED @ http://localhost:5173/@vite/client:1034
[39213408ms] [ERROR] WebSocket connection to 'ws://localhost:5173/' failed: Error in connection establishment: net::ERR_CONNECTION_REFUSED @ http://localhost:5173/@vite/client:1034
[39217157ms] [ERROR] WebSocket connection to 'ws://localhost:5173/' failed: Error in connection establishment: net::ERR_CONNECTION_REFUSED @ http://localhost:5173/@vite/client:1034
[39219655ms] [ERROR] WebSocket connection to 'ws://localhost:5173/' failed: Error in connection establishment: net::ERR_CONNECTION_REFUSED @ http://localhost:5173/@vite/client:1034
[39224874ms] [ERROR] WebSocket connection to 'ws://localhost:5173/' failed: Error in connection establishment: net::ERR_CONNECTION_REFUSED @ http://localhost:5173/@vite/client:1034
[39230602ms] [ERROR] WebSocket connection to 'ws://localhost:5173/' failed: Error in connection establishment: net::ERR_CONNECTION_REFUSED @ http://localhost:5173/@vite/client:1034
[39235837ms] [ERROR] WebSocket connection to 'ws://localhost:5173/' failed: Error in connection establishment: net::ERR_CONNECTION_REFUSED @ http://localhost:5173/@vite/client:1034
[39239762ms] [ERROR] WebSocket connection to 'ws://localhost:5173/' failed: Error in connection establishment: net::ERR_CONNECTION_REFUSED @ http://localhost:5173/@vite/client:1034
[39244395ms] [ERROR] WebSocket connection to 'ws://localhost:5173/' failed: Error in connection establishment: net::ERR_CONNECTION_REFUSED @ http://localhost:5173/@vite/client:1034
[39246471ms] [ERROR] WebSocket connection to 'ws://localhost:5173/' failed: Error in connection establishment: net::ERR_CONNECTION_REFUSED @ http://localhost:5173/@vite/client:1034
[39248669ms] [ERROR] WebSocket connection to 'ws://localhost:5173/' failed: Error in connection establishment: net::ERR_CONNECTION_REFUSED @ http://localhost:5173/@vite/client:1034
[39250830ms] [ERROR] WebSocket connection to 'ws://localhost:5173/' failed: Error in connection establishment: net::ERR_CONNECTION_REFUSED @ http://localhost:5173/@vite/client:1034
[39256253ms] [ERROR] WebSocket connection to 'ws://localhost:5173/' failed: Error in connection establishment: net::ERR_CONNECTION_REFUSED @ http://localhost:5173/@vite/client:1034
[39261420ms] [ERROR] WebSocket connection to 'ws://localhost:5173/' failed: Error in connection establishment: net::ERR_CONNECTION_REFUSED @ http://localhost:5173/@vite/client:1034
[39263831ms] [ERROR] WebSocket connection to 'ws://localhost:5173/' failed: Error in connection establishment: net::ERR_CONNECTION_REFUSED @ http://localhost:5173/@vite/client:1034
[39265876ms] [ERROR] WebSocket connection to 'ws://localhost:5173/' failed: Error in connection establishment: net::ERR_CONNECTION_REFUSED @ http://localhost:5173/@vite/client:1034
[39271077ms] [ERROR] WebSocket connection to 'ws://localhost:5173/' failed: Error in connection establishment: net::ERR_CONNECTION_REFUSED @ http://localhost:5173/@vite/client:1034
[39273978ms] [ERROR] WebSocket connection to 'ws://localhost:5173/' failed: Error in connection establishment: net::ERR_CONNECTION_REFUSED @ http://localhost:5173/@vite/client:1034
[39279605ms] [ERROR] WebSocket connection to 'ws://localhost:5173/' failed: Error in connection establishment: net::ERR_CONNECTION_REFUSED @ http://localhost:5173/@vite/client:1034
[39283347ms] [ERROR] WebSocket connection to 'ws://localhost:5173/' failed: Error in connection establishment: net::ERR_CONNECTION_REFUSED @ http://localhost:5173/@vite/client:1034
[39286065ms] [ERROR] WebSocket connection to 'ws://localhost:5173/' failed: Error in connection establishment: net::ERR_CONNECTION_REFUSED @ http://localhost:5173/@vite/client:1034
[39290118ms] [ERROR] WebSocket connection to 'ws://localhost:5173/' failed: Error in connection establishment: net::ERR_CONNECTION_REFUSED @ http://localhost:5173/@vite/client:1034
[39294853ms] [ERROR] WebSocket connection to 'ws://localhost:5173/' failed: Error in connection establishment: net::ERR_CONNECTION_REFUSED @ http://localhost:5173/@vite/client:1034
[39300339ms] [ERROR] WebSocket connection to 'ws://localhost:5173/' failed: Error in connection establishment: net::ERR_CONNECTION_REFUSED @ http://localhost:5173/@vite/client:1034
[39303924ms] [ERROR] WebSocket connection to 'ws://localhost:5173/' failed: Error in connection establishment: net::ERR_CONNECTION_REFUSED @ http://localhost:5173/@vite/client:1034
[39307084ms] [ERROR] WebSocket connection to 'ws://localhost:5173/' failed: Error in connection establishment: net::ERR_CONNECTION_REFUSED @ http://localhost:5173/@vite/client:1034
[39310446ms] [ERROR] WebSocket connection to 'ws://localhost:5173/' failed: Error in connection establishment: net::ERR_CONNECTION_REFUSED @ http://localhost:5173/@vite/client:1034
[39313814ms] [ERROR] WebSocket connection to 'ws://localhost:5173/' failed: Error in connection establishment: net::ERR_CONNECTION_REFUSED @ http://localhost:5173/@vite/client:1034
[39319423ms] [ERROR] WebSocket connection to 'ws://localhost:5173/' failed: Error in connection establishment: net::ERR_CONNECTION_REFUSED @ http://localhost:5173/@vite/client:1034
[39322258ms] [ERROR] WebSocket connection to 'ws://localhost:5173/' failed: Error in connection establishment: net::ERR_CONNECTION_REFUSED @ http://localhost:5173/@vite/client:1034
[39327105ms] [ERROR] WebSocket connection to 'ws://localhost:5173/' failed: Error in connection establishment: net::ERR_CONNECTION_REFUSED @ http://localhost:5173/@vite/client:1034
[39330733ms] [ERROR] WebSocket connection to 'ws://localhost:5173/' failed: Error in connection establishment: net::ERR_CONNECTION_REFUSED @ http://localhost:5173/@vite/client:1034
[39332944ms] [ERROR] WebSocket connection to 'ws://localhost:5173/' failed: Error in connection establishment: net::ERR_CONNECTION_REFUSED @ http://localhost:5173/@vite/client:1034
[39336040ms] [ERROR] WebSocket connection to 'ws://localhost:5173/' failed: Error in connection establishment: net::ERR_CONNECTION_REFUSED @ http://localhost:5173/@vite/client:1034
[39340513ms] [ERROR] WebSocket connection to 'ws://localhost:5173/' failed: Error in connection establishment: net::ERR_CONNECTION_REFUSED @ http://localhost:5173/@vite/client:1034
[39345026ms] [ERROR] WebSocket connection to 'ws://localhost:5173/' failed: Error in connection establishment: net::ERR_CONNECTION_REFUSED @ http://localhost:5173/@vite/client:1034
[39349248ms] [ERROR] WebSocket connection to 'ws://localhost:5173/' failed: Error in connection establishment: net::ERR_CONNECTION_REFUSED @ http://localhost:5173/@vite/client:1034
[39351579ms] [ERROR] WebSocket connection to 'ws://localhost:5173/' failed: Error in connection establishment: net::ERR_CONNECTION_REFUSED @ http://localhost:5173/@vite/client:1034
[39354436ms] [ERROR] WebSocket connection to 'ws://localhost:5173/' failed: Error in connection establishment: net::ERR_CONNECTION_REFUSED @ http://localhost:5173/@vite/client:1034
[39357683ms] [ERROR] WebSocket connection to 'ws://localhost:5173/' failed: Error in connection establishment: net::ERR_CONNECTION_REFUSED @ http://localhost:5173/@vite/client:1034
[39360919ms] [ERROR] WebSocket connection to 'ws://localhost:5173/' failed: Error in connection establishment: net::ERR_CONNECTION_REFUSED @ http://localhost:5173/@vite/client:1034
[39364572ms] [ERROR] WebSocket connection to 'ws://localhost:5173/' failed: Error in connection establishment: net::ERR_CONNECTION_REFUSED @ http://localhost:5173/@vite/client:1034
[39368646ms] [ERROR] WebSocket connection to 'ws://localhost:5173/' failed: Error in connection establishment: net::ERR_CONNECTION_REFUSED @ http://localhost:5173/@vite/client:1034
[39373763ms] [ERROR] WebSocket connection to 'ws://localhost:5173/' failed: Error in connection establishment: net::ERR_CONNECTION_REFUSED @ http://localhost:5173/@vite/client:1034
[39379576ms] [ERROR] WebSocket connection to 'ws://localhost:5173/' failed: Error in connection establishment: net::ERR_CONNECTION_REFUSED @ http://localhost:5173/@vite/client:1034
[39381924ms] [ERROR] WebSocket connection to 'ws://localhost:5173/' failed: Error in connection establishment: net::ERR_CONNECTION_REFUSED @ http://localhost:5173/@vite/client:1034
[39387176ms] [ERROR] WebSocket connection to 'ws://localhost:5173/' failed: Error in connection establishment: net::ERR_CONNECTION_REFUSED @ http://localhost:5173/@vite/client:1034
[39390774ms] [ERROR] WebSocket connection to 'ws://localhost:5173/' failed: Error in connection establishment: net::ERR_CONNECTION_REFUSED @ http://localhost:5173/@vite/client:1034
[39395803ms] [ERROR] WebSocket connection to 'ws://localhost:5173/' failed: Error in connection establishment: net::ERR_CONNECTION_REFUSED @ http://localhost:5173/@vite/client:1034
[39400246ms] [ERROR] WebSocket connection to 'ws://localhost:5173/' failed: Error in connection establishment: net::ERR_CONNECTION_REFUSED @ http://localhost:5173/@vite/client:1034
[39402641ms] [ERROR] WebSocket connection to 'ws://localhost:5173/' failed: Error in connection establishment: net::ERR_CONNECTION_REFUSED @ http://localhost:5173/@vite/client:1034
[39405292ms] [ERROR] WebSocket connection to 'ws://localhost:5173/' failed: Error in connection establishment: net::ERR_CONNECTION_REFUSED @ http://localhost:5173/@vite/client:1034
[39409798ms] [ERROR] WebSocket connection to 'ws://localhost:5173/' failed: Error in connection establishment: net::ERR_CONNECTION_REFUSED @ http://localhost:5173/@vite/client:1034
[39412527ms] [ERROR] WebSocket connection to 'ws://localhost:5173/' failed: Error in connection establishment: net::ERR_CONNECTION_REFUSED @ http://localhost:5173/@vite/client:1034
[39415117ms] [ERROR] WebSocket connection to 'ws://localhost:5173/' failed: Error in connection establishment: net::ERR_CONNECTION_REFUSED @ http://localhost:5173/@vite/client:1034
[39420758ms] [ERROR] WebSocket connection to 'ws://localhost:5173/' failed: Error in connection establishment: net::ERR_CONNECTION_REFUSED @ http://localhost:5173/@vite/client:1034
[39424124ms] [ERROR] WebSocket connection to 'ws://localhost:5173/' failed: Error in connection establishment: net::ERR_CONNECTION_REFUSED @ http://localhost:5173/@vite/client:1034
[39429694ms] [ERROR] WebSocket connection to 'ws://localhost:5173/' failed: Error in connection establishment: net::ERR_CONNECTION_REFUSED @ http://localhost:5173/@vite/client:1034
[39434166ms] [ERROR] WebSocket connection to 'ws://localhost:5173/' failed: Error in connection establishment: net::ERR_CONNECTION_REFUSED @ http://localhost:5173/@vite/client:1034
[39439138ms] [ERROR] WebSocket connection to 'ws://localhost:5173/' failed: Error in connection establishment: net::ERR_CONNECTION_REFUSED @ http://localhost:5173/@vite/client:1034
[39441726ms] [ERROR] WebSocket connection to 'ws://localhost:5173/' failed: Error in connection establishment: net::ERR_CONNECTION_REFUSED @ http://localhost:5173/@vite/client:1034
[39607341ms] [ERROR] WebSocket connection to 'ws://localhost:5173/' failed: Error in connection establishment: net::ERR_CONNECTION_REFUSED @ http://localhost:5173/@vite/client:1034
[39608540ms] [ERROR] WebSocket connection to 'ws://localhost:5173/' failed: Error in connection establishment: net::ERR_CONNECTION_REFUSED @ http://localhost:5173/@vite/client:1034
[39609606ms] [ERROR] WebSocket connection to 'ws://localhost:5173/' failed: Error in connection establishment: net::ERR_CONNECTION_REFUSED @ http://localhost:5173/@vite/client:1034
[39610611ms] [ERROR] WebSocket connection to 'ws://localhost:5173/' failed: Error in connection establishment: net::ERR_CONNECTION_REFUSED @ http://localhost:5173/@vite/client:1034
[39611615ms] [ERROR] WebSocket connection to 'ws://localhost:5173/' failed: Error in connection establishment: net::ERR_CONNECTION_REFUSED @ http://localhost:5173/@vite/client:1034
[39612620ms] [ERROR] WebSocket connection to 'ws://localhost:5173/' failed: Error in connection establishment: net::ERR_CONNECTION_REFUSED @ http://localhost:5173/@vite/client:1034
[39613626ms] [ERROR] WebSocket connection to 'ws://localhost:5173/' failed: Error in connection establishment: net::ERR_CONNECTION_REFUSED @ http://localhost:5173/@vite/client:1034
[39614639ms] [ERROR] WebSocket connection to 'ws://localhost:5173/' failed: Error in connection establishment: net::ERR_CONNECTION_REFUSED @ http://localhost:5173/@vite/client:1034
[39615654ms] [ERROR] WebSocket connection to 'ws://localhost:5173/' failed: Error in connection establishment: net::ERR_CONNECTION_REFUSED @ http://localhost:5173/@vite/client:1034
[39616688ms] [ERROR] WebSocket connection to 'ws://localhost:5173/' failed: Error in connection establishment: net::ERR_CONNECTION_REFUSED @ http://localhost:5173/@vite/client:1034
[39617730ms] [ERROR] WebSocket connection to 'ws://localhost:5173/' failed: Error in connection establishment: net::ERR_CONNECTION_REFUSED @ http://localhost:5173/@vite/client:1034
[39618790ms] [ERROR] WebSocket connection to 'ws://localhost:5173/' failed: Error in connection establishment: net::ERR_CONNECTION_REFUSED @ http://localhost:5173/@vite/client:1034
[39620037ms] [ERROR] WebSocket connection to 'ws://localhost:5173/' failed: Error in connection establishment: net::ERR_CONNECTION_REFUSED @ http://localhost:5173/@vite/client:1034
[39621305ms] [ERROR] WebSocket connection to 'ws://localhost:5173/' failed: Error in connection establishment: net::ERR_CONNECTION_REFUSED @ http://localhost:5173/@vite/client:1034
[39622860ms] [ERROR] WebSocket connection to 'ws://localhost:5173/' failed: Error in connection establishment: net::ERR_CONNECTION_REFUSED @ http://localhost:5173/@vite/client:1034
[39625726ms] [ERROR] WebSocket connection to 'ws://localhost:5173/' failed: Error in connection establishment: net::ERR_CONNECTION_REFUSED @ http://localhost:5173/@vite/client:1034
[39630099ms] [ERROR] WebSocket connection to 'ws://localhost:5173/' failed: Error in connection establishment: net::ERR_CONNECTION_REFUSED @ http://localhost:5173/@vite/client:1034
[39634509ms] [ERROR] WebSocket connection to 'ws://localhost:5173/' failed: Error in connection establishment: net::ERR_CONNECTION_REFUSED @ http://localhost:5173/@vite/client:1034
[39637826ms] [ERROR] WebSocket connection to 'ws://localhost:5173/' failed: Error in connection establishment: net::ERR_CONNECTION_REFUSED @ http://localhost:5173/@vite/client:1034
[39643317ms] [ERROR] WebSocket connection to 'ws://localhost:5173/' failed: Error in connection establishment: net::ERR_CONNECTION_REFUSED @ http://localhost:5173/@vite/client:1034
[39648132ms] [ERROR] WebSocket connection to 'ws://localhost:5173/' failed: Error in connection establishment: net::ERR_CONNECTION_REFUSED @ http://localhost:5173/@vite/client:1034
[39652418ms] [ERROR] WebSocket connection to 'ws://localhost:5173/' failed: Error in connection establishment: net::ERR_CONNECTION_REFUSED @ http://localhost:5173/@vite/client:1034
[39657336ms] [ERROR] WebSocket connection to 'ws://localhost:5173/' failed: Error in connection establishment: net::ERR_CONNECTION_REFUSED @ http://localhost:5173/@vite/client:1034
[39661177ms] [ERROR] WebSocket connection to 'ws://localhost:5173/' failed: Error in connection establishment: net::ERR_CONNECTION_REFUSED @ http://localhost:5173/@vite/client:1034
[39665289ms] [ERROR] WebSocket connection to 'ws://localhost:5173/' failed: Error in connection establishment: net::ERR_CONNECTION_REFUSED @ http://localhost:5173/@vite/client:1034
[39668070ms] [ERROR] WebSocket connection to 'ws://localhost:5173/' failed: Error in connection establishment: net::ERR_CONNECTION_REFUSED @ http://localhost:5173/@vite/client:1034
[39673389ms] [ERROR] WebSocket connection to 'ws://localhost:5173/' failed: Error in connection establishment: net::ERR_CONNECTION_REFUSED @ http://localhost:5173/@vite/client:1034
[39677226ms] [ERROR] WebSocket connection to 'ws://localhost:5173/' failed: Error in connection establishment: net::ERR_CONNECTION_REFUSED @ http://localhost:5173/@vite/client:1034
[39681528ms] [ERROR] WebSocket connection to 'ws://localhost:5173/' failed: Error in connection establishment: net::ERR_CONNECTION_REFUSED @ http://localhost:5173/@vite/client:1034
[39685697ms] [ERROR] WebSocket connection to 'ws://localhost:5173/' failed: Error in connection establishment: net::ERR_CONNECTION_REFUSED @ http://localhost:5173/@vite/client:1034
[39689462ms] [ERROR] WebSocket connection to 'ws://localhost:5173/' failed: Error in connection establishment: net::ERR_CONNECTION_REFUSED @ http://localhost:5173/@vite/client:1034
[39694526ms] [ERROR] WebSocket connection to 'ws://localhost:5173/' failed: Error in connection establishment: net::ERR_CONNECTION_REFUSED @ http://localhost:5173/@vite/client:1034
[39699862ms] [ERROR] WebSocket connection to 'ws://localhost:5173/' failed: Error in connection establishment: net::ERR_CONNECTION_REFUSED @ http://localhost:5173/@vite/client:1034
[39702426ms] [ERROR] WebSocket connection to 'ws://localhost:5173/' failed: Error in connection establishment: net::ERR_CONNECTION_REFUSED @ http://localhost:5173/@vite/client:1034
[39705168ms] [ERROR] WebSocket connection to 'ws://localhost:5173/' failed: Error in connection establishment: net::ERR_CONNECTION_REFUSED @ http://localhost:5173/@vite/client:1034
[39707988ms] [ERROR] WebSocket connection to 'ws://localhost:5173/' failed: Error in connection establishment: net::ERR_CONNECTION_REFUSED @ http://localhost:5173/@vite/client:1034
[39711130ms] [ERROR] WebSocket connection to 'ws://localhost:5173/' failed: Error in connection establishment: net::ERR_CONNECTION_REFUSED @ http://localhost:5173/@vite/client:1034
[39713203ms] [ERROR] WebSocket connection to 'ws://localhost:5173/' failed: Error in connection establishment: net::ERR_CONNECTION_REFUSED @ http://localhost:5173/@vite/client:1034
[39715355ms] [ERROR] WebSocket connection to 'ws://localhost:5173/' failed: Error in connection establishment: net::ERR_CONNECTION_REFUSED @ http://localhost:5173/@vite/client:1034
[39719029ms] [ERROR] WebSocket connection to 'ws://localhost:5173/' failed: Error in connection establishment: net::ERR_CONNECTION_REFUSED @ http://localhost:5173/@vite/client:1034
[39721906ms] [ERROR] WebSocket connection to 'ws://localhost:5173/' failed: Error in connection establishment: net::ERR_CONNECTION_REFUSED @ http://localhost:5173/@vite/client:1034
[39727129ms] [ERROR] WebSocket connection to 'ws://localhost:5173/' failed: Error in connection establishment: net::ERR_CONNECTION_REFUSED @ http://localhost:5173/@vite/client:1034
[39729417ms] [ERROR] WebSocket connection to 'ws://localhost:5173/' failed: Error in connection establishment: net::ERR_CONNECTION_REFUSED @ http://localhost:5173/@vite/client:1034
[39732111ms] [ERROR] WebSocket connection to 'ws://localhost:5173/' failed: Error in connection establishment: net::ERR_CONNECTION_REFUSED @ http://localhost:5173/@vite/client:1034
[39735079ms] [ERROR] WebSocket connection to 'ws://localhost:5173/' failed: Error in connection establishment: net::ERR_CONNECTION_REFUSED @ http://localhost:5173/@vite/client:1034
[39740808ms] [ERROR] WebSocket connection to 'ws://localhost:5173/' failed: Error in connection establishment: net::ERR_CONNECTION_REFUSED @ http://localhost:5173/@vite/client:1034
[39744670ms] [ERROR] WebSocket connection to 'ws://localhost:5173/' failed: Error in connection establishment: net::ERR_CONNECTION_REFUSED @ http://localhost:5173/@vite/client:1034
[39750636ms] [ERROR] WebSocket connection to 'ws://localhost:5173/' failed: Error in connection establishment: net::ERR_CONNECTION_REFUSED @ http://localhost:5173/@vite/client:1034
[39755130ms] [ERROR] WebSocket connection to 'ws://localhost:5173/' failed: Error in connection establishment: net::ERR_CONNECTION_REFUSED @ http://localhost:5173/@vite/client:1034
[39760245ms] [ERROR] WebSocket connection to 'ws://localhost:5173/' failed: Error in connection establishment: net::ERR_CONNECTION_REFUSED @ http://localhost:5173/@vite/client:1034
[39763303ms] [ERROR] WebSocket connection to 'ws://localhost:5173/' failed: Error in connection establishment: net::ERR_CONNECTION_REFUSED @ http://localhost:5173/@vite/client:1034
[39767044ms] [ERROR] WebSocket connection to 'ws://localhost:5173/' failed: Error in connection establishment: net::ERR_CONNECTION_REFUSED @ http://localhost:5173/@vite/client:1034
[39771783ms] [ERROR] WebSocket connection to 'ws://localhost:5173/' failed: Error in connection establishment: net::ERR_CONNECTION_REFUSED @ http://localhost:5173/@vite/client:1034
[39777563ms] [ERROR] WebSocket connection to 'ws://localhost:5173/' failed: Error in connection establishment: net::ERR_CONNECTION_REFUSED @ http://localhost:5173/@vite/client:1034
[39780615ms] [ERROR] WebSocket connection to 'ws://localhost:5173/' failed: Error in connection establishment: net::ERR_CONNECTION_REFUSED @ http://localhost:5173/@vite/client:1034
[39785220ms] [ERROR] WebSocket connection to 'ws://localhost:5173/' failed: Error in connection establishment: net::ERR_CONNECTION_REFUSED @ http://localhost:5173/@vite/client:1034
[39791103ms] [ERROR] WebSocket connection to 'ws://localhost:5173/' failed: Error in connection establishment: net::ERR_CONNECTION_REFUSED @ http://localhost:5173/@vite/client:1034
[39796824ms] [ERROR] WebSocket connection to 'ws://localhost:5173/' failed: Error in connection establishment: net::ERR_CONNECTION_REFUSED @ http://localhost:5173/@vite/client:1034
[39799288ms] [ERROR] WebSocket connection to 'ws://localhost:5173/' failed: Error in connection establishment: net::ERR_CONNECTION_REFUSED @ http://localhost:5173/@vite/client:1034
[39804758ms] [ERROR] WebSocket connection to 'ws://localhost:5173/' failed: Error in connection establishment: net::ERR_CONNECTION_REFUSED @ http://localhost:5173/@vite/client:1034
[39810524ms] [INFO] %cDownload the React DevTools for a better development experience: https://reactjs.org/link/react-devtools font-weight:bold @ http://localhost:5173/node_modules/.vite/deps/chunk-JLB5MZ4H.js?v=a909dc2c:21606
[43559300ms] [LOG] [vite] server connection lost. Polling for restart... @ http://localhost:5173/@vite/client:963
[43559316ms] [ERROR] WebSocket connection to 'ws://localhost:5173/' failed: Error in connection establishment: net::ERR_CONNECTION_REFUSED @ http://localhost:5173/@vite/client:1034
[43560319ms] [ERROR] WebSocket connection to 'ws://localhost:5173/' failed: Error in connection establishment: net::ERR_CONNECTION_REFUSED @ http://localhost:5173/@vite/client:1034
